{"type": "Feature", "properties": {"name": "play-area"}, "geometry": {"type": "Polygon", "coordinates": [[[-77.204352, 38.793367], [-77.20403399999998, 38.793418], [-77.20360300000002, 38.793501], [-77.203361, 38.793554], [-77.203121, 38.793612], [-77.202617, 38.79375199999999], [-77.202369, 38.79383], [-77.202031, 38.793947], [-77.201698, 38.794072], [-77.199457, 38.794962], [-77.198704, 38.795262], [-77.197722, 38.795654], [-77.19546799999999, 38.796554], [-77.194209, 38.79705700000001], [-77.193856, 38.797198], [-77.19378900000001, 38.797181], [-77.193345, 38.797073000000005], [-77.19206499999999, 38.796777], [-77.19175700000001, 38.796709], [-77.190516, 38.796436], [-77.190389, 38.796408], [-77.189607, 38.796212], [-77.188871, 38.79601], [-77.188272, 38.795836], [-77.18737, 38.795553], [-77.186449, 38.795244], [-77.186133, 38.795167], [-77.186103, 38.795364], [-77.186089, 38.795416], [-77.18605199999999, 38.795622], [-77.186034, 38.795872], [-77.185987, 38.796245], [-77.18593000000001, 38.796573], [-77.185878, 38.796832], [-77.185719, 38.797505], [-77.185711, 38.797541], [-77.185636, 38.797868], [-77.185599, 38.798075], [-77.18557, 38.798236], [-77.185476, 38.798559], [-77.185452, 38.798659], [-77.185699, 38.79885], [-77.18576199999998, 38.798905000000005], [-77.185842, 38.798988], [-77.185909, 38.799068], [-77.185925, 38.799081], [-77.185964, 38.799093], [-77.186099, 38.799124], [-77.18612700000001, 38.799149], [-77.186148, 38.79915700000001], [-77.186197, 38.799195], [-77.18625700000001, 38.799212], [-77.18636399999998, 38.799254], [-77.186492, 38.79929], [-77.186522, 38.799294], [-77.186602, 38.79929], [-77.186624, 38.799297], [-77.186689, 38.799349], [-77.186705, 38.799388], [-77.186694, 38.799451], [-77.18669, 38.799518], [-77.18667, 38.799542], [-77.18666299999998, 38.799585], [-77.186718, 38.799704], [-77.186731, 38.79972], [-77.18687199999998, 38.799812], [-77.18696600000001, 38.799863], [-77.186994, 38.799887], [-77.187012, 38.799919], [-77.18707399999998, 38.800002], [-77.187086, 38.800025], [-77.187087, 38.800043], [-77.187005, 38.800081000000006], [-77.186898, 38.800101], [-77.18675799999998, 38.80015399999999], [-77.186735, 38.800167], [-77.186625, 38.800256], [-77.186598, 38.800318], [-77.186605, 38.800354], [-77.186616, 38.800376], [-77.186672, 38.800438], [-77.186717, 38.800479], [-77.186787, 38.800555], [-77.186833, 38.800592], [-77.186875, 38.800683], [-77.18683500000002, 38.80079200000001], [-77.18682800000002, 38.800842], [-77.186809, 38.800909], [-77.18683900000002, 38.800949], [-77.18684499999999, 38.800971], [-77.186808, 38.80102], [-77.186801, 38.801044], [-77.186809, 38.801107], [-77.186799, 38.801161], [-77.186802, 38.801190000000005], [-77.186874, 38.801329], [-77.186928, 38.80144800000001], [-77.187, 38.801551], [-77.186999, 38.801502], [-77.187046, 38.80158999999999], [-77.187082, 38.801648], [-77.187118, 38.801705], [-77.187184, 38.801767], [-77.1872, 38.801794], [-77.187211, 38.801843], [-77.1872, 38.801859], [-77.1872, 38.801878], [-77.187243, 38.801946], [-77.187269, 38.802028], [-77.18737, 38.802243], [-77.187493, 38.802463], [-77.187524, 38.802473], [-77.187593, 38.80252], [-77.18768, 38.80257099999999], [-77.187695, 38.802589], [-77.187708, 38.80263599999999], [-77.187763, 38.802672], [-77.187784, 38.80269499999999], [-77.187815, 38.802758000000004], [-77.187901, 38.802907], [-77.187929, 38.802942], [-77.187989, 38.802955000000004], [-77.188055, 38.802962], [-77.188151, 38.802989], [-77.18817100000001, 38.802998], [-77.188185, 38.80302399999999], [-77.18823000000002, 38.803074], [-77.18825099999998, 38.803082], [-77.188312, 38.80309], [-77.18833799999999, 38.803103], [-77.188384, 38.80313600000001], [-77.188429, 38.803175], [-77.188579, 38.80326800000001], [-77.188623, 38.803284000000005], [-77.188706, 38.803371], [-77.18877899999998, 38.80343], [-77.18883300000002, 38.803461], [-77.188867, 38.803467], [-77.188921, 38.803485], [-77.188972, 38.803493], [-77.189001, 38.803493], [-77.189079, 38.803496], [-77.18911300000002, 38.803488], [-77.189195, 38.803468], [-77.18921, 38.80345], [-77.189257, 38.803368], [-77.189271, 38.803352999999994], [-77.189305, 38.803337], [-77.189411, 38.8033], [-77.189512, 38.803281999999996], [-77.18963700000002, 38.803284000000005], [-77.189824, 38.803305], [-77.189884, 38.803272], [-77.18998499999998, 38.803188], [-77.19003, 38.803165], [-77.190064, 38.803159], [-77.190115, 38.803159], [-77.19027, 38.80318], [-77.190336, 38.803208], [-77.190438, 38.803352999999994], [-77.190459, 38.803368], [-77.190504, 38.803391], [-77.19054, 38.80342], [-77.190577, 38.803468], [-77.19066299999999, 38.803508], [-77.190685, 38.803523], [-77.190703, 38.803549], [-77.190766, 38.80358], [-77.19078400000001, 38.803599], [-77.19083099999999, 38.803703], [-77.19084299999999, 38.80374499999999], [-77.19090200000001, 38.803849], [-77.190995, 38.803955], [-77.191019, 38.803969], [-77.19105999999998, 38.804005000000004], [-77.191132, 38.804027], [-77.191274, 38.80402], [-77.191395, 38.80400100000001], [-77.19144900000002, 38.804002], [-77.191502, 38.804017], [-77.19154499999999, 38.804046], [-77.191586, 38.80412100000001], [-77.191625, 38.80419200000001], [-77.191715, 38.80431800000001], [-77.191763, 38.804353], [-77.191837, 38.80438900000001], [-77.192132, 38.804421], [-77.192169, 38.804433], [-77.192256, 38.804508], [-77.192472, 38.804755], [-77.192505, 38.80477], [-77.192551, 38.804776], [-77.192661, 38.804747], [-77.192695, 38.804749], [-77.19274999999999, 38.804773], [-77.19279700000001, 38.804804], [-77.192834, 38.804853], [-77.19285100000002, 38.8049], [-77.192879, 38.804953], [-77.192898, 38.80501], [-77.192912, 38.805081], [-77.19291, 38.805207], [-77.192917, 38.805257], [-77.19293499999999, 38.805321], [-77.19296, 38.805345], [-77.193022, 38.805365], [-77.19304800000002, 38.805405], [-77.193091, 38.805669], [-77.193136, 38.805753], [-77.193189, 38.805822], [-77.19326999999998, 38.80597099999999], [-77.193292, 38.805995], [-77.19334099999999, 38.806033], [-77.19337299999998, 38.806065], [-77.193429, 38.806153], [-77.19344, 38.806229], [-77.19347099999999, 38.806335], [-77.193507, 38.80640600000001], [-77.193618, 38.806514], [-77.193635, 38.80653800000001], [-77.193659, 38.806588], [-77.193685, 38.806663], [-77.1937, 38.806677], [-77.193725, 38.806716], [-77.193754, 38.806784], [-77.193755, 38.806813], [-77.19374699999999, 38.80687], [-77.19375700000002, 38.806918], [-77.193802, 38.806989], [-77.193903, 38.807016], [-77.193969, 38.80706200000001], [-77.193994, 38.807114], [-77.194006, 38.80713], [-77.194042, 38.80714699999999], [-77.19403799999999, 38.807175], [-77.19401499999998, 38.80725], [-77.19401499999998, 38.807279], [-77.194041, 38.807381], [-77.194054, 38.80740699999999], [-77.19407399999999, 38.807416], [-77.19416, 38.807402999999994], [-77.194218, 38.807386], [-77.19430200000001, 38.807376], [-77.194333, 38.807378], [-77.194382, 38.807408], [-77.194393, 38.80743], [-77.194394, 38.80745600000001], [-77.19436900000001, 38.807511], [-77.194338, 38.807541], [-77.194301, 38.807648], [-77.19427499999999, 38.80778900000001], [-77.194272, 38.807875], [-77.19427899999998, 38.80792100000001], [-77.194288, 38.807949], [-77.194288, 38.807967], [-77.194304, 38.808034], [-77.194356, 38.808131], [-77.194393, 38.808174], [-77.194407, 38.808215], [-77.19441, 38.808297], [-77.194401, 38.808341], [-77.19438400000001, 38.808428], [-77.194376, 38.808547], [-77.194399, 38.808657], [-77.194395, 38.808747], [-77.19437200000002, 38.808799], [-77.194352, 38.808826], [-77.194331, 38.808868], [-77.194292, 38.808923], [-77.194277, 38.808961], [-77.194272, 38.809021], [-77.19427899999998, 38.809065], [-77.194296, 38.80912], [-77.194284, 38.809194], [-77.194296, 38.809219], [-77.194311, 38.809234], [-77.19436000000002, 38.809266], [-77.19439699999998, 38.809301], [-77.19443199999999, 38.809355], [-77.194442, 38.809387], [-77.194445, 38.809419], [-77.194412, 38.809522], [-77.194383, 38.80963899999999], [-77.19428200000002, 38.80986], [-77.194216, 38.80998], [-77.194173, 38.81002099999999], [-77.19406999999998, 38.81009199999999], [-77.194022, 38.810134], [-77.194002, 38.810171], [-77.193994, 38.810287], [-77.193989, 38.810376], [-77.194006, 38.810416], [-77.194104, 38.81053300000001], [-77.19410500000001, 38.810566], [-77.19408, 38.810610000000004], [-77.194019, 38.810666999999995], [-77.193947, 38.810756], [-77.193939, 38.810782], [-77.19394, 38.810834], [-77.19395899999999, 38.810885], [-77.19399, 38.810938], [-77.194012, 38.810963], [-77.19408500000002, 38.81102], [-77.194114, 38.811054], [-77.194144, 38.811099], [-77.194206, 38.811275], [-77.194256, 38.81137600000001], [-77.194265, 38.811418], [-77.194284, 38.811448], [-77.194289, 38.81149], [-77.194304, 38.811513999999995], [-77.194315, 38.811531], [-77.19435299999999, 38.811567], [-77.194414, 38.811594], [-77.194618, 38.811736], [-77.196098, 38.811708], [-77.19624, 38.811692], [-77.196469, 38.811667], [-77.197278, 38.811608], [-77.197737, 38.81159], [-77.197829, 38.811581], [-77.198308, 38.811565], [-77.199045, 38.811552], [-77.199958, 38.811527], [-77.201121, 38.811509], [-77.20122499999998, 38.81151], [-77.201675, 38.811501], [-77.20298999999999, 38.811481], [-77.203417, 38.81147], [-77.20359199999999, 38.81146499999999], [-77.204255, 38.811443], [-77.204763, 38.81144700000001], [-77.204977, 38.811444], [-77.206297, 38.811427], [-77.206841, 38.81150600000001], [-77.206868, 38.81150600000001], [-77.20703100000001, 38.811509], [-77.20755, 38.811501], [-77.208034, 38.811494], [-77.20900599999999, 38.811482], [-77.20932000000002, 38.811464], [-77.20972599999999, 38.811461], [-77.210118, 38.811464], [-77.21091999999999, 38.81147099999999], [-77.211389, 38.811461], [-77.211853, 38.811456], [-77.21258, 38.811456], [-77.214372, 38.81142], [-77.216371, 38.81139399999999], [-77.216646, 38.811405], [-77.21704, 38.811401], [-77.217387, 38.81139399999999], [-77.217585, 38.811389999999996], [-77.219766, 38.814357], [-77.22006099999999, 38.814731], [-77.22045800000001, 38.815204], [-77.22074, 38.815615], [-77.22132000000002, 38.816977], [-77.221818, 38.818306], [-77.221851, 38.818467], [-77.222063, 38.819558], [-77.222105, 38.819958], [-77.222129, 38.82035499999999], [-77.222133, 38.82040800000001], [-77.22214300000002, 38.820923], [-77.22213200000002, 38.82131600000001], [-77.222102, 38.821697], [-77.222081, 38.821879], [-77.222022, 38.82228], [-77.22193899999999, 38.822702], [-77.221855, 38.823052], [-77.221746, 38.823431], [-77.221621, 38.823797], [-77.22148, 38.824154], [-77.22134899999999, 38.82445], [-77.221162, 38.824832], [-77.220906, 38.825324], [-77.21926800000001, 38.828475], [-77.219054, 38.828926], [-77.21885899999998, 38.829383], [-77.218692, 38.829814], [-77.21857199999998, 38.83015699999999], [-77.218426, 38.830624], [-77.218296, 38.831103], [-77.218183, 38.83160099999999], [-77.218113, 38.831976], [-77.218093, 38.832085], [-77.218024, 38.832567999999995], [-77.21797600000001, 38.833026999999994], [-77.21794799999999, 38.833447], [-77.217934, 38.833726], [-77.217931, 38.834253], [-77.218005, 38.834273], [-77.21813399999999, 38.834309], [-77.218209, 38.83433], [-77.218398, 38.834378], [-77.21855099999999, 38.83442], [-77.218686, 38.834466], [-77.219332, 38.834639], [-77.220047, 38.834803], [-77.22057600000001, 38.834907], [-77.220883, 38.834957], [-77.221109, 38.834982], [-77.221323, 38.835014], [-77.22307300000001, 38.835211], [-77.223938, 38.835301], [-77.224018, 38.835317999999994], [-77.224211, 38.835347], [-77.224495, 38.835384999999995], [-77.22503, 38.835441], [-77.226089, 38.83557400000001], [-77.22678100000002, 38.835658], [-77.22686399999999, 38.835668], [-77.227447, 38.835733], [-77.22773, 38.835764], [-77.228632, 38.835837999999995], [-77.228866, 38.835853], [-77.22988599999998, 38.835891], [-77.231043, 38.835923], [-77.23163, 38.835946], [-77.23199700000002, 38.835965], [-77.23291100000002, 38.836022], [-77.23317599999999, 38.83603300000001], [-77.233709, 38.836078], [-77.23399000000002, 38.836105999999994], [-77.234162, 38.836123], [-77.235532, 38.836302999999994], [-77.235631, 38.836331], [-77.235999, 38.836394], [-77.236157, 38.836438], [-77.236362, 38.836487999999996], [-77.23719799999999, 38.836619], [-77.237577, 38.836665], [-77.238106, 38.836734], [-77.238865, 38.836829], [-77.239165, 38.836862], [-77.23971599999999, 38.836936], [-77.241186, 38.837141], [-77.242535, 38.83727], [-77.244413, 38.837562], [-77.244709, 38.8376], [-77.245695, 38.837702], [-77.24733499999999, 38.837925999999996], [-77.247755, 38.837966], [-77.248276, 38.838016], [-77.24874999999999, 38.838083], [-77.248888, 38.838098], [-77.249683, 38.838185], [-77.25043, 38.8383], [-77.251382, 38.838447], [-77.251725, 38.838489], [-77.25215600000001, 38.838561], [-77.253069, 38.838715], [-77.25366299999999, 38.838808], [-77.254778, 38.838981999999994], [-77.255046, 38.839022], [-77.255819, 38.839123], [-77.256255, 38.839172], [-77.256391, 38.839186], [-77.25677000000002, 38.839226], [-77.25779099999998, 38.839346], [-77.258124, 38.839367], [-77.25887800000001, 38.839454], [-77.25894, 38.83946], [-77.259221, 38.83949200000001], [-77.259917, 38.839578], [-77.26010399999998, 38.839589], [-77.260626, 38.839649], [-77.260783, 38.83966], [-77.26090399999998, 38.839676], [-77.26124999999999, 38.839732], [-77.26164, 38.839777], [-77.261917, 38.839813], [-77.26273, 38.839908], [-77.26379599999999, 38.840055], [-77.265028, 38.84022], [-77.265909, 38.840334], [-77.266406, 38.840392], [-77.268099, 38.84060300000001], [-77.26849599999998, 38.840661], [-77.269055, 38.840722], [-77.269763, 38.840825], [-77.27051999999999, 38.840902], [-77.27048099999999, 38.841077], [-77.269977, 38.843339], [-77.27042599999999, 38.844683], [-77.27065400000001, 38.845342], [-77.271744, 38.848488], [-77.270972, 38.851304], [-77.270451, 38.851353], [-77.269381, 38.85173], [-77.26921200000001, 38.851986999999994], [-77.269006, 38.85230200000001], [-77.269135, 38.85304699999999], [-77.269182, 38.853333], [-77.269244, 38.85371], [-77.268842, 38.854415], [-77.269383, 38.855074], [-77.269545, 38.855271], [-77.269596, 38.855334], [-77.269809, 38.855593], [-77.269743, 38.855837], [-77.26941699999999, 38.857047], [-77.269386, 38.857162], [-77.269184, 38.857896], [-77.269104, 38.858189], [-77.26908500000002, 38.858258], [-77.268998, 38.858576], [-77.268954, 38.858736], [-77.26892599999998, 38.858838], [-77.268757, 38.859453], [-77.26875, 38.859478], [-77.268744, 38.859502000000006], [-77.268741, 38.859513], [-77.26872700000001, 38.85956300000001], [-77.26871, 38.859623], [-77.268663, 38.859792], [-77.268624, 38.859933], [-77.26867299999999, 38.860452], [-77.268721, 38.860965], [-77.268722, 38.860978], [-77.26881800000001, 38.862017], [-77.268878, 38.862653], [-77.26888199999999, 38.86269500000001], [-77.26889299999999, 38.86271899999999], [-77.268911, 38.862757], [-77.268919, 38.862775], [-77.26892899999999, 38.862795], [-77.269383, 38.863836], [-77.269864, 38.864865], [-77.26990199999999, 38.864947], [-77.26994, 38.86504], [-77.269984, 38.865121], [-77.270133, 38.86543], [-77.270172, 38.86551600000001], [-77.270228, 38.865639], [-77.27035, 38.865784000000005], [-77.270375, 38.865813], [-77.270597, 38.866075], [-77.27081, 38.86609], [-77.270912, 38.86609700000001], [-77.271361, 38.866128], [-77.272287, 38.866191], [-77.272374, 38.866197], [-77.273374, 38.866261], [-77.27415, 38.86630999999999], [-77.274347, 38.86632199999999], [-77.274456, 38.866329], [-77.274891, 38.866357], [-77.27495, 38.866362], [-77.275242, 38.866383], [-77.276168, 38.866449], [-77.277276, 38.866526], [-77.278177, 38.866586], [-77.27819, 38.866587], [-77.27821400000002, 38.866589], [-77.278366, 38.866599], [-77.27843000000001, 38.866603], [-77.278446, 38.866604], [-77.278745, 38.866623], [-77.279472, 38.866671], [-77.28027900000001, 38.866725], [-77.280514, 38.866741], [-77.281212, 38.866788], [-77.282637, 38.866884999999996], [-77.28275699999999, 38.866893000000005], [-77.28395099999999, 38.866974], [-77.28507, 38.86705], [-77.28564899999999, 38.867089], [-77.286941, 38.867177], [-77.287637, 38.86722399999999], [-77.288008, 38.86725], [-77.28817799999999, 38.867261], [-77.291138, 38.867463], [-77.291659, 38.86749799999999], [-77.29158500000001, 38.867777], [-77.29154200000002, 38.86793900000001], [-77.291524, 38.868005], [-77.291461, 38.868241], [-77.29140599999998, 38.868445], [-77.29136900000002, 38.868584999999996], [-77.291265, 38.868961], [-77.291252, 38.869009], [-77.290812, 38.870591], [-77.29075000000002, 38.870814], [-77.290699, 38.870997], [-77.29105799999999, 38.871026], [-77.291392, 38.871053], [-77.29147199999998, 38.87106], [-77.291619, 38.871072], [-77.291868, 38.871092], [-77.291967, 38.871266], [-77.29207, 38.871448], [-77.29226399999999, 38.871586], [-77.292456, 38.871677], [-77.292487, 38.871692], [-77.2925, 38.871686], [-77.292514, 38.871684], [-77.292639, 38.871648], [-77.292749, 38.871617], [-77.293035, 38.871535], [-77.293269, 38.871468], [-77.293455, 38.871416], [-77.294022, 38.871258], [-77.294874, 38.871032], [-77.295659, 38.870837], [-77.29661300000001, 38.870613], [-77.297407, 38.870442], [-77.29751100000001, 38.870422], [-77.297572, 38.87041], [-77.29760699999999, 38.870404], [-77.297761, 38.870377], [-77.297795, 38.870371], [-77.29872, 38.870206], [-77.30043, 38.869901000000006], [-77.300535, 38.869882], [-77.30086399999999, 38.86981], [-77.30115, 38.869734], [-77.301557, 38.869626], [-77.301666, 38.869597], [-77.301797, 38.869563], [-77.303139, 38.869208], [-77.303163, 38.86912], [-77.303168, 38.869099], [-77.303172, 38.869083], [-77.30318, 38.869053], [-77.30319, 38.869016], [-77.303195, 38.868998], [-77.30322499999998, 38.868886], [-77.303245, 38.86881], [-77.303903, 38.866346], [-77.30422499999999, 38.865139], [-77.304391, 38.864515], [-77.304494, 38.86413300000001], [-77.304515, 38.864054], [-77.30451900000001, 38.864041], [-77.304522, 38.86403], [-77.304568, 38.863856], [-77.304575, 38.863836], [-77.30461099999998, 38.863732], [-77.304616, 38.863716], [-77.304646, 38.863629], [-77.304659, 38.8636], [-77.304754, 38.863383], [-77.305594, 38.863321], [-77.30563, 38.863318], [-77.306351, 38.863265], [-77.307072, 38.863212], [-77.30721800000002, 38.863202], [-77.307363, 38.863191], [-77.307454, 38.86318399999999], [-77.30754599999999, 38.86317799999999], [-77.307576, 38.863175], [-77.307604, 38.863177], [-77.307707, 38.863205], [-77.307754, 38.863218], [-77.307904, 38.86326], [-77.308012, 38.863290000000006], [-77.308079, 38.86361900000001], [-77.308112, 38.86372], [-77.308122, 38.863749], [-77.308141, 38.863808], [-77.30815600000001, 38.863853], [-77.308161, 38.863866], [-77.308185, 38.863922], [-77.308191, 38.86393600000001], [-77.308207, 38.863975], [-77.30822399999998, 38.864008], [-77.30825, 38.864059], [-77.308265, 38.864089], [-77.308278, 38.864115], [-77.308303, 38.864165], [-77.30834, 38.86423], [-77.308386, 38.864301], [-77.30846099999998, 38.864414999999994], [-77.308471, 38.86443], [-77.308477, 38.86444], [-77.308491, 38.86446200000001], [-77.30853899999998, 38.86453], [-77.308612, 38.864633], [-77.30862199999999, 38.864647], [-77.30866, 38.864693], [-77.308668, 38.864703], [-77.30875199999998, 38.86480699999999], [-77.308768, 38.864826], [-77.3088, 38.864859], [-77.30880699999999, 38.864867], [-77.308898, 38.864964], [-77.30893, 38.86499799999999], [-77.30900300000002, 38.865064999999994], [-77.30902600000002, 38.865087], [-77.309088, 38.865144], [-77.30910900000002, 38.865163], [-77.30920499999999, 38.86524], [-77.309418, 38.865412], [-77.30962699999999, 38.86558], [-77.30966, 38.865603], [-77.30978399999998, 38.865688], [-77.309939, 38.865790000000004], [-77.30997, 38.86581], [-77.310173, 38.865943], [-77.310239, 38.865986], [-77.310388, 38.866076], [-77.310542, 38.866169], [-77.310611, 38.866211], [-77.31062699999998, 38.866221], [-77.310708, 38.86627], [-77.31077, 38.86630400000001], [-77.310785, 38.86631199999999], [-77.310877, 38.866362], [-77.31088699999998, 38.866367], [-77.310912, 38.86638], [-77.311152, 38.866492], [-77.311229, 38.866522], [-77.31135299999998, 38.866571], [-77.311402, 38.86659], [-77.311508, 38.866624], [-77.311635, 38.866665], [-77.31166, 38.866673], [-77.311777, 38.86670399999999], [-77.311795, 38.866709], [-77.31183, 38.866718], [-77.311881, 38.866731], [-77.311892, 38.866734], [-77.311941, 38.866743], [-77.31222299999999, 38.866796], [-77.312322, 38.866814], [-77.312907, 38.866924], [-77.313973, 38.866986], [-77.31414199999999, 38.866996], [-77.31426799999998, 38.867003], [-77.31442899999999, 38.866925], [-77.31458, 38.866852], [-77.31472, 38.866785], [-77.314977, 38.86682999999999], [-77.31505599999998, 38.866998], [-77.31533499999999, 38.86701500000001], [-77.31537300000001, 38.867016], [-77.315584, 38.867020999999994], [-77.315597, 38.867020999999994], [-77.315718, 38.867022], [-77.315872, 38.86702], [-77.315886, 38.86702], [-77.315903, 38.86702], [-77.316035, 38.867018], [-77.316086, 38.86701500000001], [-77.316334, 38.867001], [-77.316484, 38.866992], [-77.31657100000001, 38.866983], [-77.316862, 38.86695400000001], [-77.316886, 38.866951], [-77.317164, 38.866912], [-77.317192, 38.866908], [-77.317213, 38.866905], [-77.317242, 38.86690099999999], [-77.318362, 38.866702000000004], [-77.31858100000001, 38.866663], [-77.318635, 38.866653], [-77.320954, 38.866240999999995], [-77.321013, 38.866231], [-77.321641, 38.86611899999999], [-77.321833, 38.866085], [-77.32239099999998, 38.865986], [-77.32261, 38.865947], [-77.322703, 38.86593], [-77.322851, 38.86590400000001], [-77.324815, 38.865555], [-77.32487600000002, 38.865544], [-77.325309, 38.865467], [-77.32878800000002, 38.864848], [-77.328554, 38.86518900000001], [-77.328366, 38.865438], [-77.33039299999999, 38.865061000000004], [-77.33142400000001, 38.864903], [-77.331536, 38.865231], [-77.331558, 38.865304], [-77.331565, 38.865369], [-77.33155, 38.865405], [-77.33152700000001, 38.865442], [-77.331521, 38.86552999999999], [-77.33158599999999, 38.86570900000001], [-77.33159799999999, 38.865767], [-77.33160100000002, 38.865818], [-77.331613, 38.865834], [-77.331682, 38.865877], [-77.331786, 38.86598299999999], [-77.331928, 38.866047], [-77.33199, 38.866104], [-77.33203, 38.866161], [-77.332056, 38.866249], [-77.33209400000001, 38.866302], [-77.33225, 38.866459], [-77.332267, 38.86648900000001], [-77.33227100000002, 38.86650699999999], [-77.332292, 38.866611], [-77.33230799999998, 38.866649], [-77.332366, 38.866711], [-77.332388, 38.86676], [-77.33243300000001, 38.86682400000001], [-77.332459, 38.866896999999994], [-77.33250000000001, 38.866961], [-77.332541, 38.867055], [-77.332617, 38.867126], [-77.332651, 38.867194], [-77.332685, 38.867343], [-77.332739, 38.867501], [-77.33273200000001, 38.867613], [-77.332727, 38.867631], [-77.332752, 38.867655], [-77.332799, 38.86773000000001], [-77.33285, 38.867777], [-77.332881, 38.86779700000001], [-77.332964, 38.867817], [-77.33301200000001, 38.867833], [-77.333037, 38.867834], [-77.33308300000002, 38.867832], [-77.333125, 38.867822], [-77.33322500000001, 38.867822], [-77.333285, 38.867832], [-77.33333199999998, 38.86785600000001], [-77.33339899999999, 38.867903], [-77.333479, 38.867946], [-77.333602, 38.86799800000001], [-77.33362600000001, 38.868022], [-77.333661, 38.868039], [-77.333858, 38.868054], [-77.333889, 38.868051], [-77.333924, 38.868056], [-77.333984, 38.868087], [-77.334011, 38.86811], [-77.334117, 38.868221], [-77.334141, 38.868258], [-77.334137, 38.868276], [-77.334182, 38.868309], [-77.334306, 38.868302], [-77.33439899999999, 38.868314], [-77.334421, 38.868325], [-77.334488, 38.868401], [-77.334512, 38.868419], [-77.33461199999999, 38.868476], [-77.334661, 38.868496], [-77.33472900000001, 38.868501], [-77.334751, 38.868494], [-77.33474599999998, 38.86847], [-77.334709, 38.868413], [-77.334712, 38.86838], [-77.33473400000001, 38.868361], [-77.334765, 38.868354], [-77.334802, 38.868365], [-77.334864, 38.868405], [-77.335015, 38.868468], [-77.335058, 38.868498], [-77.335087, 38.868534000000004], [-77.33511500000002, 38.868555], [-77.335134, 38.868575], [-77.335127, 38.868596999999994], [-77.33512899999998, 38.868635], [-77.335153, 38.868645], [-77.335238, 38.868657999999996], [-77.33530100000002, 38.868675], [-77.33541199999999, 38.868722999999996], [-77.335448, 38.868747], [-77.335464, 38.868773], [-77.335459, 38.868802], [-77.33543500000002, 38.868835], [-77.335369, 38.868881], [-77.33525, 38.868944], [-77.335226, 38.868962], [-77.335174, 38.869026], [-77.33519, 38.869123], [-77.33521000000002, 38.869159], [-77.335266, 38.869213], [-77.335291, 38.86925299999999], [-77.335295, 38.869326], [-77.335285, 38.869393], [-77.335267, 38.869463], [-77.335259, 38.869524], [-77.335268, 38.86957999999999], [-77.33524699999998, 38.869708], [-77.335226, 38.86977699999999], [-77.335233, 38.86984], [-77.335243, 38.869873], [-77.335272, 38.869889], [-77.335311, 38.869893], [-77.335333, 38.869899], [-77.335363, 38.869918], [-77.335381, 38.869961], [-77.335406, 38.869984], [-77.335459, 38.870006], [-77.335489, 38.870005], [-77.33552199999998, 38.869981], [-77.33554500000001, 38.869976], [-77.33556899999999, 38.869982], [-77.33559200000002, 38.870012], [-77.33560899999999, 38.87008600000001], [-77.335607, 38.870245], [-77.335599, 38.87032], [-77.335564, 38.870448], [-77.33554599999998, 38.870466], [-77.33543500000002, 38.870497], [-77.335397, 38.870513], [-77.33538399999999, 38.870535], [-77.335383, 38.870562], [-77.33540300000001, 38.870597], [-77.335468, 38.87068], [-77.335474, 38.870698], [-77.335469, 38.870722], [-77.33541, 38.87077], [-77.335389, 38.87078], [-77.335358, 38.870804], [-77.335348, 38.870824], [-77.33539199999998, 38.870903], [-77.335385, 38.871038], [-77.335388, 38.871059], [-77.33543199999998, 38.871145], [-77.335438, 38.871167], [-77.33543199999998, 38.871297], [-77.335438, 38.87132700000001], [-77.335482, 38.87136], [-77.335505, 38.87137], [-77.335517, 38.871386], [-77.335531, 38.871448], [-77.33554, 38.871496], [-77.335608, 38.871489], [-77.335662, 38.871713], [-77.335744, 38.87178800000001], [-77.33582000000001, 38.87187099999999], [-77.335938, 38.87198300000001], [-77.33623199999998, 38.872249], [-77.336305, 38.872321], [-77.33655, 38.872555], [-77.33661200000002, 38.872625], [-77.336667, 38.872699], [-77.33671299999999, 38.872776], [-77.33678, 38.872927], [-77.336818, 38.873071], [-77.33683899999998, 38.873201], [-77.33689, 38.873853], [-77.336915, 38.874083000000006], [-77.336935, 38.874167], [-77.336957, 38.874228], [-77.336985, 38.87428799999999], [-77.33701900000001, 38.87434699999999], [-77.337086, 38.874431], [-77.337157, 38.87448899999999], [-77.337199, 38.874515], [-77.337278, 38.874555], [-77.33733899999999, 38.874578], [-77.337384, 38.87459], [-77.33784200000001, 38.87469], [-77.337882, 38.874701], [-77.337931, 38.874715], [-77.33802799999998, 38.874752], [-77.338166, 38.874801999999995], [-77.338558, 38.874958], [-77.338657, 38.875008], [-77.338735, 38.875063], [-77.338788, 38.875113], [-77.33895700000001, 38.87531800000001], [-77.339126, 38.875513], [-77.339514, 38.87592], [-77.33973700000001, 38.876122], [-77.339955, 38.876332], [-77.340068, 38.876442], [-77.340192, 38.87654], [-77.340388, 38.876673], [-77.34054999999998, 38.876794], [-77.34081699999999, 38.876942], [-77.340952, 38.877009], [-77.34104299999998, 38.877053], [-77.341224, 38.877163], [-77.341367, 38.877264], [-77.341517, 38.877354], [-77.342305, 38.877799], [-77.342464, 38.877881], [-77.34254699999998, 38.877921], [-77.342624, 38.877958], [-77.342713, 38.877991], [-77.34283799999999, 38.878024], [-77.342902, 38.87803], [-77.343029, 38.878028], [-77.34312599999998, 38.878012], [-77.343242, 38.877979], [-77.343921, 38.877689], [-77.344444, 38.877489000000004], [-77.345054, 38.877224], [-77.34521700000002, 38.87714], [-77.345452, 38.87702000000001], [-77.345866, 38.87684099999999], [-77.34612399999999, 38.876743], [-77.346478, 38.876628], [-77.346582, 38.876594], [-77.34667900000001, 38.876563], [-77.347079, 38.876474], [-77.34748399999998, 38.876407], [-77.347643, 38.876388], [-77.347812, 38.876356], [-77.348453, 38.876207], [-77.348673, 38.876155], [-77.34887, 38.876117], [-77.34948800000001, 38.87601], [-77.349924, 38.875935], [-77.35024499999999, 38.875871], [-77.350431, 38.875832], [-77.350944, 38.875715], [-77.35116200000002, 38.875669], [-77.351398, 38.87563], [-77.351666, 38.875587], [-77.3527, 38.875394], [-77.35334400000002, 38.875258], [-77.353445, 38.875237], [-77.35364800000002, 38.875207], [-77.353871, 38.87519400000001], [-77.35394799999999, 38.875195], [-77.354023, 38.875201], [-77.35413299999999, 38.875219], [-77.35427400000002, 38.87525900000001], [-77.35456299999998, 38.875376], [-77.355036, 38.875612], [-77.35535499999999, 38.875768], [-77.355719, 38.875932], [-77.355897, 38.875999], [-77.355991, 38.876034], [-77.356437, 38.87618], [-77.357177, 38.876395], [-77.35745899999999, 38.876485], [-77.357524, 38.876507], [-77.357671, 38.876557], [-77.35791900000001, 38.87664], [-77.358321, 38.87677999999999], [-77.358484, 38.876830999999996], [-77.358899, 38.876946], [-77.35909700000002, 38.876993], [-77.35949199999999, 38.877088], [-77.360345, 38.877275], [-77.360517, 38.877321], [-77.36075, 38.8774], [-77.361152, 38.877541], [-77.36128399999998, 38.877592], [-77.36137099999999, 38.877628], [-77.361529, 38.87769399999999], [-77.361626, 38.87773500000001], [-77.361759, 38.87779], [-77.362055, 38.877896], [-77.362082, 38.877904], [-77.362248, 38.877958], [-77.362349, 38.877984], [-77.362471, 38.878016], [-77.36259299999999, 38.87805800000001], [-77.362705, 38.878085], [-77.362776, 38.878102], [-77.363062, 38.878181], [-77.36352999999998, 38.878336000000004], [-77.363652, 38.878381], [-77.364082, 38.87854], [-77.364675, 38.878773], [-77.364863, 38.878838], [-77.365202, 38.87893499999999], [-77.365984, 38.879124000000004], [-77.366175, 38.87917900000001], [-77.36680300000002, 38.879397], [-77.36701, 38.879483], [-77.367285, 38.879528], [-77.367754, 38.879571000000006], [-77.368195, 38.879546], [-77.368645, 38.879417], [-77.36884800000001, 38.879954], [-77.368881, 38.880074], [-77.36891100000001, 38.880196], [-77.36893, 38.88035], [-77.368972, 38.880505], [-77.369032, 38.880671], [-77.36913999999999, 38.880903], [-77.369154, 38.880932], [-77.36923899999998, 38.881045], [-77.369304, 38.881103], [-77.369407, 38.881227], [-77.369557, 38.881375], [-77.369653, 38.881474000000004], [-77.369849, 38.881645], [-77.370557, 38.88213199999999], [-77.371177, 38.882563], [-77.371292, 38.882643], [-77.371786, 38.88298499999999], [-77.372038, 38.883148], [-77.37222099999998, 38.883269], [-77.372932, 38.883661], [-77.373915, 38.884111], [-77.3742, 38.884233], [-77.374403, 38.884328], [-77.374637, 38.884442], [-77.375, 38.884641], [-77.37514700000001, 38.88474599999999], [-77.37532499999999, 38.884901], [-77.3755, 38.885058], [-77.37564899999998, 38.885204], [-77.37574600000002, 38.88533], [-77.375848, 38.88547299999999], [-77.37595, 38.885633], [-77.37601099999999, 38.885762], [-77.376116, 38.886051], [-77.376217, 38.88638699999999], [-77.37632100000002, 38.886725], [-77.376423, 38.887087], [-77.376522, 38.887327], [-77.376619, 38.887550999999995], [-77.376712, 38.887773], [-77.376823, 38.887978], [-77.376919, 38.888156], [-77.37705099999998, 38.888372], [-77.37723999999999, 38.888675], [-77.377391, 38.888891], [-77.37798499999998, 38.889638999999995], [-77.378332, 38.890083], [-77.378664, 38.890541], [-77.379034, 38.891076999999996], [-77.37941, 38.891631], [-77.37972599999999, 38.892099], [-77.380095, 38.892679], [-77.38019, 38.892837], [-77.380277, 38.893044], [-77.38036399999999, 38.893273], [-77.38041, 38.893447], [-77.38047800000001, 38.893773], [-77.38048299999998, 38.894226999999994], [-77.38047800000001, 38.894396], [-77.380469, 38.894515], [-77.38045499999998, 38.894777], [-77.380374, 38.89518], [-77.380322, 38.895672], [-77.380335, 38.895802], [-77.380343, 38.895849999999996], [-77.380417, 38.896079], [-77.38063, 38.896606], [-77.380992, 38.897490999999995], [-77.381129, 38.897844], [-77.38117599999998, 38.898055], [-77.381189, 38.898188], [-77.381194, 38.898317], [-77.381185, 38.898587], [-77.38115699999999, 38.899013], [-77.38112, 38.899389], [-77.381281, 38.899391], [-77.381427, 38.899396], [-77.381903, 38.899396], [-77.382117, 38.899391], [-77.382436, 38.89939199999999], [-77.383265, 38.899405], [-77.384117, 38.899401], [-77.385, 38.899404], [-77.385221, 38.899396], [-77.385321, 38.899381], [-77.385416, 38.899353], [-77.385654, 38.899237], [-77.385906, 38.899101], [-77.386147, 38.898971], [-77.38648600000002, 38.898799000000004], [-77.386615, 38.89872400000001], [-77.38692399999998, 38.898575], [-77.38726, 38.89840100000001], [-77.38735200000002, 38.898351], [-77.387723, 38.89815099999999], [-77.38799, 38.898016], [-77.388534, 38.897732], [-77.388953, 38.897507], [-77.389163, 38.897405], [-77.38957800000001, 38.897179], [-77.389856, 38.897041], [-77.390385, 38.896758], [-77.39168299999999, 38.896083], [-77.393044, 38.895373], [-77.39377499999999, 38.894982], [-77.393993, 38.894855], [-77.39418899999998, 38.89474], [-77.395293, 38.89418], [-77.395483, 38.894079], [-77.395436, 38.89402200000001], [-77.39561, 38.894073], [-77.39564, 38.894074], [-77.395671, 38.894084], [-77.395696, 38.894098], [-77.395731, 38.894132], [-77.395763, 38.894155999999995], [-77.395896, 38.894208], [-77.39613, 38.894214999999996], [-77.396474, 38.894224], [-77.397263, 38.895053], [-77.397665, 38.895467], [-77.397878, 38.89566299999999], [-77.398082, 38.895831], [-77.398369, 38.896037], [-77.398671, 38.896234], [-77.398856, 38.896341], [-77.399251, 38.896542], [-77.399399, 38.896607], [-77.399522, 38.89666], [-77.399634, 38.896702999999995], [-77.39968, 38.89656900000001], [-77.399769, 38.896306], [-77.399862, 38.89603], [-77.399898, 38.895920999999994], [-77.40005499999998, 38.895457], [-77.400106, 38.895306], [-77.40018, 38.895086], [-77.400199, 38.895031], [-77.400237, 38.894921], [-77.400257, 38.894874], [-77.400283, 38.894896], [-77.400302, 38.894926], [-77.400325, 38.894940000000005], [-77.40040500000002, 38.894957], [-77.400469, 38.894946000000004], [-77.40055100000001, 38.894946000000004], [-77.40067, 38.894956], [-77.400767, 38.894954], [-77.40083199999998, 38.894979], [-77.400876, 38.894987], [-77.400909, 38.894978], [-77.401043, 38.894981], [-77.40134699999999, 38.89498900000001], [-77.401372, 38.894984], [-77.401395, 38.894991], [-77.401502, 38.894987], [-77.40169, 38.89499], [-77.401867, 38.894992], [-77.401929, 38.895005000000005], [-77.401964, 38.895023], [-77.402006, 38.895034], [-77.402071, 38.895037], [-77.402256, 38.895075], [-77.402329, 38.895086], [-77.40238699999999, 38.89509], [-77.40255, 38.895114], [-77.40273399999998, 38.895132], [-77.402766, 38.895138], [-77.40281600000002, 38.895154], [-77.402913, 38.895174], [-77.403004, 38.895215], [-77.403034, 38.895218], [-77.403063, 38.895205], [-77.403099, 38.895178], [-77.40315, 38.895153], [-77.403177, 38.895151], [-77.40321000000002, 38.895169], [-77.403427, 38.895172], [-77.403457, 38.895161], [-77.403474, 38.895137000000005], [-77.403497, 38.89513], [-77.403539, 38.895131000000006], [-77.40357300000001, 38.895116], [-77.403617, 38.89509], [-77.40365199999998, 38.895083], [-77.403696, 38.89508399999999], [-77.40373099999998, 38.895070000000004], [-77.40375099999999, 38.895048], [-77.403791, 38.895032], [-77.40382999999999, 38.895033], [-77.403882, 38.895043], [-77.40413299999999, 38.895051], [-77.40474200000001, 38.895071], [-77.404766, 38.895063], [-77.40483799999998, 38.895063], [-77.404993, 38.895045], [-77.405229, 38.895043], [-77.405303, 38.895034], [-77.40551100000002, 38.894998], [-77.405563, 38.894979], [-77.405635, 38.895008], [-77.40572399999999, 38.895033], [-77.405788, 38.895070000000004], [-77.405906, 38.895128], [-77.406001, 38.895181], [-77.40605, 38.895202000000005], [-77.40609, 38.895229], [-77.406115, 38.89525700000001], [-77.40614999999998, 38.895258], [-77.406178, 38.895273], [-77.406193, 38.895304], [-77.406226, 38.895344], [-77.406259, 38.895354], [-77.406298, 38.895353], [-77.40633800000002, 38.895346], [-77.406372, 38.895348], [-77.40640599999999, 38.895367], [-77.406421, 38.895396999999996], [-77.40645399999998, 38.895424], [-77.406492, 38.895422], [-77.406539, 38.895408], [-77.406565, 38.895406], [-77.406649, 38.895421], [-77.406792, 38.895428], [-77.406824, 38.895459], [-77.406845, 38.895497], [-77.406899, 38.895555], [-77.40691700000002, 38.895593999999996], [-77.406935, 38.895606], [-77.406978, 38.895614], [-77.40703199999999, 38.895605], [-77.407088, 38.89558600000001], [-77.40715800000001, 38.895573], [-77.407214, 38.895571], [-77.40724000000002, 38.89553699999999], [-77.407193, 38.895487], [-77.40714600000001, 38.89547], [-77.407165, 38.895411], [-77.407232, 38.895348], [-77.407308, 38.895321], [-77.407385, 38.895327], [-77.40745499999998, 38.895328000000006], [-77.40754099999998, 38.895304], [-77.407679, 38.895251], [-77.40774800000001, 38.89524], [-77.407813, 38.895222], [-77.40793400000001, 38.89516], [-77.40796299999998, 38.89513899999999], [-77.408006, 38.895124], [-77.408157, 38.895115], [-77.40824, 38.895114], [-77.408309, 38.895098], [-77.408373, 38.895073], [-77.40842, 38.895067], [-77.408487, 38.895035], [-77.408489, 38.89499500000001], [-77.408457, 38.894937999999996], [-77.40844, 38.894892], [-77.40845800000001, 38.894791], [-77.408488, 38.894759], [-77.40853, 38.894725], [-77.40856400000001, 38.894689], [-77.40857, 38.89464], [-77.40856400000001, 38.894593], [-77.40861199999999, 38.894549999999995], [-77.408657, 38.894533], [-77.408699, 38.894487000000005], [-77.408735, 38.894396], [-77.408777, 38.894338], [-77.408823, 38.894305], [-77.408882, 38.894282], [-77.408907, 38.894279], [-77.408944, 38.894285999999994], [-77.40898, 38.894307], [-77.40903700000001, 38.894316], [-77.409067, 38.894315], [-77.409092, 38.894299], [-77.40905699999999, 38.89421], [-77.409079, 38.89416599999999], [-77.409133, 38.894147], [-77.409192, 38.894119], [-77.409223, 38.894078], [-77.40921, 38.894023999999995], [-77.409165, 38.893909], [-77.409125, 38.893863], [-77.4091, 38.893816], [-77.409092, 38.89376000000001], [-77.409114, 38.893713], [-77.409188, 38.893604], [-77.409228, 38.893573], [-77.40933200000002, 38.893529], [-77.409384, 38.89352], [-77.409421, 38.893483], [-77.409419, 38.893407], [-77.409389, 38.893357], [-77.409412, 38.893284], [-77.409458, 38.893232], [-77.4095, 38.893212], [-77.409557, 38.893162], [-77.409608, 38.893103], [-77.40965599999998, 38.893064], [-77.409722, 38.893059], [-77.409811, 38.893103], [-77.40984599999999, 38.893144], [-77.40984900000001, 38.893194], [-77.409875, 38.893205], [-77.40993, 38.893197], [-77.410005, 38.893174], [-77.41006699999998, 38.893162], [-77.41025000000002, 38.893156], [-77.410307, 38.893142], [-77.410413, 38.893078], [-77.410529, 38.893062], [-77.410576, 38.893043000000006], [-77.41065200000001, 38.893019], [-77.410679, 38.893011], [-77.41076600000001, 38.893022], [-77.41079499999998, 38.893028], [-77.410822, 38.89303300000001], [-77.41088999999998, 38.893026], [-77.41095999999999, 38.893005], [-77.411, 38.892989], [-77.411028, 38.89296], [-77.411042, 38.89291299999999], [-77.41102299999999, 38.892844], [-77.410977, 38.892788], [-77.410982, 38.892747], [-77.411045, 38.892715], [-77.411117, 38.892717999999995], [-77.41117699999998, 38.892735], [-77.411226, 38.892791], [-77.411262, 38.892818], [-77.411348, 38.89284000000001], [-77.41138599999998, 38.892841], [-77.411443, 38.892821], [-77.411497, 38.892782999999994], [-77.41155800000001, 38.89278100000001], [-77.41162, 38.892816], [-77.411674, 38.89282], [-77.41172, 38.892801], [-77.411762, 38.892762], [-77.411764, 38.89271000000001], [-77.411811, 38.892678], [-77.411876, 38.892648], [-77.411929, 38.89263], [-77.412005, 38.892631], [-77.41205, 38.892676], [-77.412092, 38.892701], [-77.412183, 38.892679], [-77.412236, 38.892656], [-77.41231499999999, 38.892634], [-77.41246899999999, 38.892618], [-77.412585, 38.892590000000006], [-77.41265399999999, 38.89259199999999], [-77.412782, 38.892609], [-77.412857, 38.892587], [-77.412913, 38.892522], [-77.412938, 38.892458000000005], [-77.412974, 38.892406], [-77.412972, 38.892354], [-77.41293399999999, 38.892292], [-77.412922, 38.892226], [-77.412947, 38.892167], [-77.41307299999998, 38.892165], [-77.413124, 38.892124], [-77.413219, 38.891975], [-77.413218, 38.891914], [-77.413202, 38.891854], [-77.413239, 38.891795], [-77.41326899999999, 38.891765], [-77.413267, 38.89172], [-77.413204, 38.891693], [-77.41313899999999, 38.89167799999999], [-77.413094, 38.891656], [-77.413063, 38.89161], [-77.413077, 38.891588], [-77.413116, 38.891562], [-77.4131, 38.891515], [-77.413098, 38.89148099999999], [-77.413134, 38.891446], [-77.413199, 38.891426], [-77.413249, 38.891401], [-77.413285, 38.891356], [-77.41328199999998, 38.891307], [-77.413283, 38.891285999999994], [-77.41326800000002, 38.891257], [-77.413267, 38.891239], [-77.41327699999998, 38.891191], [-77.41336399999999, 38.891092], [-77.413385, 38.891067], [-77.413508, 38.890998], [-77.41352, 38.890959], [-77.41356099999999, 38.89095], [-77.413697, 38.890929], [-77.41378899999998, 38.89091], [-77.41395899999999, 38.891594], [-77.414074, 38.891956], [-77.414157, 38.892244], [-77.41422, 38.89250700000001], [-77.41427300000001, 38.892827], [-77.414326, 38.893029], [-77.414431, 38.893426], [-77.41475399999999, 38.894647], [-77.414833, 38.894908], [-77.414905, 38.895092], [-77.414926, 38.895148], [-77.415043, 38.895658], [-77.41506400000002, 38.895797], [-77.41509399999998, 38.895938], [-77.415252, 38.896536], [-77.415346, 38.89683], [-77.415415, 38.897084], [-77.415642, 38.898054], [-77.415815, 38.89875], [-77.41586500000001, 38.898955], [-77.41605799999999, 38.899647], [-77.416138, 38.899911], [-77.416373, 38.900784], [-77.416604, 38.90167699999999], [-77.41667399999999, 38.901928999999996], [-77.416923, 38.90289], [-77.417126, 38.903685], [-77.417143, 38.903754], [-77.417234, 38.904036], [-77.41727199999998, 38.904122], [-77.417339, 38.904277], [-77.417595, 38.904769], [-77.41781, 38.905168], [-77.418012, 38.905544], [-77.418105, 38.905755], [-77.418332, 38.906185], [-77.418418, 38.906334], [-77.418487, 38.906457], [-77.418639, 38.906727], [-77.418806, 38.90706], [-77.418988, 38.907442], [-77.41915, 38.907754000000004], [-77.419246, 38.90789999999999], [-77.419314, 38.908031], [-77.419947, 38.909211], [-77.420105, 38.90955], [-77.420453, 38.910219], [-77.420545, 38.910386], [-77.42059799999998, 38.910468], [-77.420673, 38.910545], [-77.420762, 38.910603], [-77.420854, 38.910645], [-77.421542, 38.910934], [-77.421415, 38.911321], [-77.421321, 38.91161], [-77.421285, 38.911713], [-77.42108000000002, 38.912312], [-77.420933, 38.912765], [-77.420842, 38.913081], [-77.420829, 38.913124], [-77.420681, 38.91361], [-77.420519, 38.914139], [-77.420437, 38.914436], [-77.420275, 38.914944000000006], [-77.420145, 38.915357], [-77.42011, 38.91546400000001], [-77.420047, 38.91565], [-77.419841, 38.916196], [-77.419587, 38.916777999999994], [-77.419372, 38.917300000000004], [-77.419027, 38.918251], [-77.418609, 38.91932], [-77.41849, 38.919561], [-77.418388, 38.919806], [-77.418168, 38.920275], [-77.41777900000001, 38.921252], [-77.417225, 38.922537], [-77.416796, 38.923657], [-77.416939, 38.923749], [-77.41839800000001, 38.924682999999995], [-77.418845, 38.924976], [-77.419114, 38.925139], [-77.41947799999998, 38.925365], [-77.420411, 38.925973], [-77.42196399999999, 38.926998], [-77.42225499999999, 38.92721], [-77.422342, 38.927267], [-77.42405, 38.928395], [-77.424983, 38.929035], [-77.426151, 38.929829], [-77.42647800000002, 38.930026], [-77.426738, 38.930168], [-77.426941, 38.93025999999999], [-77.427266, 38.930377], [-77.427592, 38.930463], [-77.427895, 38.930499], [-77.42842199999998, 38.930526], [-77.42904799999998, 38.930539], [-77.429396, 38.930547], [-77.42940200000001, 38.93165], [-77.429383, 38.931987], [-77.42923, 38.941069], [-77.429147, 38.944115], [-77.429076, 38.946372], [-77.42907899999999, 38.946472], [-77.429105, 38.947804], [-77.429108, 38.947942], [-77.429161, 38.94858], [-77.429191, 38.948818], [-77.42921299999999, 38.94985200000001], [-77.42917300000002, 38.950147], [-77.4291222357753, 38.95531154150198], [-77.42987078820202, 38.95531154150198], [-77.43012165336597, 38.95530526987288], [-77.43066359018084, 38.955304026688715], [-77.43103181603068, 38.95531154150198], [-77.43293611838631, 38.95531154150198], [-77.43522139747652, 38.95528325834491], [-77.43523804120377, 38.95524498876208], [-77.43524166546707, 38.955235324059934], [-77.43546641824824, 38.95471133891495], [-77.4355903164347, 38.954482404431566], [-77.43562191414686, 38.95441920900724], [-77.4356596429954, 38.95435430537852], [-77.43574194117802, 38.95420223784259], [-77.43580194117801, 38.95410223784259], [-77.43580543380969, 38.95410350650051], [-77.4360332386004, 38.95371162182526], [-77.43613323860039, 38.953561621825266], [-77.43649829725844, 38.953080533446794], [-77.43649189031191, 38.953077516642594], [-77.43656189031192, 38.9529875166426], [-77.43678098184472, 38.952719319810534], [-77.43684098184471, 38.952649319810526], [-77.43723780211738, 38.952221107040685], [-77.43731780211738, 38.95214110704069], [-77.43786801533473, 38.95165633870496], [-77.43786121909287, 38.95165153854056], [-77.43793121909289, 38.951591538540555], [-77.43800121909278, 38.951531538540635], [-77.43807111949627, 38.951477392683195], [-77.4380820767017, 38.95146773877799], [-77.4381720767017, 38.951397738778], [-77.43817301103459, 38.951398466032806], [-77.43866648076573, 38.951016217284874], [-77.43876648076571, 38.95094621728487], [-77.43964714398368, 38.95040108929358], [-77.43975714398368, 38.95034108929359], [-77.43986714398284, 38.950281089294045], [-77.44017759760244, 38.95011890208298], [-77.44031759760244, 38.95004890208297], [-77.44031953422268, 38.95005124693239], [-77.44069674031023, 38.94986007687696], [-77.44139651170433, 38.94956836530621], [-77.44147651170432, 38.9495383653062], [-77.44155651170524, 38.949508365305874], [-77.44228553652943, 38.94926426251081], [-77.44267639066977, 38.94916316953336], [-77.44291808815551, 38.949088056725635], [-77.44307808815552, 38.94904805672564], [-77.44416137845985, 38.94883223486862], [-77.44426756177539, 38.94881630737128], [-77.44429413690983, 38.94881187818221], [-77.4444379617931, 38.94878883082341], [-77.4445679617931, 38.94876883082342], [-77.44505665441511, 38.94870413690959], [-77.44514665441511, 38.94869413690959], [-77.44538580543096, 38.94868091779523], [-77.44538573841108, 38.94868051205874], [-77.44548573841108, 38.94867051205875], [-77.4463766062876, 38.94862615110406], [-77.44646000000002, 38.94862154150197], [-77.44646917747883, 38.94862154150197], [-77.44666999999998, 38.948611541501975], [-77.44694999999999, 38.948611541501975], [-77.44706106205281, 38.94861205805121], [-77.44915553301045, 38.94863154150198], [-77.44969, 38.94863154150198], [-77.45096853119131, 38.94870032093144], [-77.45133853119128, 38.94874032093143], [-77.45217396381835, 38.9488611658167], [-77.45250396381834, 38.9489211658167], [-77.45325243221627, 38.94908320726718], [-77.45398088277813, 38.94929334016553], [-77.45444088277813, 38.94944334016554], [-77.45522056609502, 38.94973141044992], [-77.45596252419828, 38.9500745385113], [-77.45635252419828, 38.9502745385113], [-77.45698869112148, 38.950631639780575], [-77.45758387165881, 38.951029225998184], [-77.45791387165883, 38.95126922599818], [-77.45867335917876, 38.95189128249482], [-77.45893335917876, 38.952131282494825], [-77.45937873139887, 38.95257656347125], [-77.45977810968841, 38.953047516643025], [-77.4599881096884, 38.95331751664302], [-77.46033088977214, 38.95379866673891], [-77.46062564855333, 38.95429870666154], [-77.46079564855333, 38.95461870666155], [-77.4610996587539, 38.95528036581847], [-77.46131966564208, 38.95596186558243], [-77.46140966564208, 38.95631186558242], [-77.46155299330933, 38.95708364568817], [-77.46158299330935, 38.95734364568818], [-77.46161972555879, 38.958063676528056], [-77.4615897643179, 38.96035071791369], [-77.46157979996416, 38.96117775927712], [-77.46157868762268, 38.96124077550271], [-77.46156868762266, 38.96167077550272], [-77.46156440339524, 38.96179548877023], [-77.46155440339524, 38.96201548877023], [-77.46148306493473, 38.962689594138666], [-77.46145306493473, 38.96286959413867], [-77.46140009496723, 38.96314554281724], [-77.46135009496722, 38.96337554281724], [-77.46121719219775, 38.96387782436755], [-77.46116719219776, 38.96403782436756], [-77.4608570076001, 38.96482975144592], [-77.4607670076001, 38.965019751445915], [-77.4605204716568, 38.965488842599065], [-77.46041047165681, 38.96567884259907], [-77.45991149652943, 38.966422248190035], [-77.45981149652944, 38.96655224819003], [-77.45951941246165, 38.96690795876771], [-77.45937941246164, 38.967067958767714], [-77.45903219788276, 38.96743889295918], [-77.45888219788276, 38.96758889295918], [-77.45864802051773, 38.967791474696945], [-77.45861960827632, 38.96956250441098], [-77.4585714974629, 38.973180437581625], [-77.45857336301995, 38.97323453873641], [-77.4585859092628, 38.97325866612648], [-77.45903278053359, 38.97408231121383], [-77.45950502968746, 38.97490643228626], [-77.4595424413513, 38.974972607080026], [-77.45983244135131, 38.97549260708003], [-77.45993101893247, 38.97567624940919], [-77.46003791184638, 38.97588335442991], [-77.46034077356826, 38.976421775268804], [-77.46036495588527, 38.976465151729364], [-77.46156542567641, 38.97863790283895], [-77.46206578043572, 38.97953069270361], [-77.46216700640144, 38.97971848812057], [-77.46245700640145, 38.98027848812056], [-77.46247869720679, 38.98032075721193], [-77.46277869720677, 38.98091075721194], [-77.46279808585318, 38.980949209007335], [-77.46290372056056, 38.98116047842206], [-77.46299477386187, 38.98132651679503], [-77.46310415578716, 38.981520038662886], [-77.46312761018608, 38.981561893130255], [-77.46332761018608, 38.98192189313024], [-77.46334487377891, 38.98195316958495], [-77.46366800619658, 38.982542411052485], [-77.4640961995969, 38.98330364376416], [-77.46450964426171, 38.98403376944885], [-77.46484443790166, 38.98458317439644], [-77.46496849202428, 38.98479553585773], [-77.46527279331572, 38.98533958968184], [-77.4654229589791, 38.98559820832431], [-77.46544255959485, 38.98563180937989], [-77.46550510304405, 38.985712222386006], [-77.46551678771706, 38.98572665639384], [-77.465564527349, 38.98578001245308], [-77.46561285754892, 38.98583463315357], [-77.46590646221259, 38.98613616760275], [-77.46638313460153, 38.98674085401607], [-77.46678133676542, 38.98737898186772], [-77.46709723379979, 38.98804440563764], [-77.46732778344348, 38.988730716931165], [-77.4674707653774, 38.989431306195385], [-77.46752480260739, 38.990139426372686], [-77.46748937472533, 38.99084825787866], [-77.46736482292114, 38.99155097427843], [-77.46715234669676, 38.99224080802892], [-77.46685399231438, 38.99291111565401], [-77.46648630132087, 38.993532348543816], [-77.466764, 38.993543], [-77.467012, 38.993544], [-77.467225, 38.993546], [-77.4678, 38.99355], [-77.467885, 38.993551], [-77.469488, 38.993626], [-77.469922, 38.993653], [-77.47021, 38.993682], [-77.470638, 38.99373899999999], [-77.471063, 38.993813], [-77.47148, 38.993905], [-77.471892, 38.994014], [-77.472297, 38.994139], [-77.472693, 38.994281], [-77.473079, 38.994439], [-77.47332900000002, 38.994553], [-77.473696, 38.994736], [-77.473931, 38.994867], [-77.474881, 38.99543], [-77.476612, 38.996463], [-77.478216, 38.997421], [-77.478438, 38.997553], [-77.478736, 38.99722], [-77.47884, 38.997116999999996], [-77.47896700000001, 38.997005], [-77.479101, 38.996898], [-77.479194, 38.996831], [-77.47934100000002, 38.996733000000006], [-77.479494, 38.99664], [-77.479597, 38.996583], [-77.479749, 38.996507], [-77.479765, 38.996494], [-77.48007899999999, 38.996365], [-77.480179, 38.996323], [-77.480607, 38.996166], [-77.480884, 38.996086], [-77.48107599999999, 38.995895], [-77.48125600000002, 38.9958], [-77.48156399999999, 38.995675], [-77.48159500000001, 38.995652], [-77.48217999999999, 38.995414], [-77.48249099999998, 38.99530299999999], [-77.48282, 38.995189], [-77.483471, 38.994978], [-77.483796, 38.994882], [-77.484135, 38.994801], [-77.484474, 38.994738], [-77.48482200000001, 38.994703], [-77.485171, 38.994678], [-77.485516, 38.994646], [-77.485798, 38.994631], [-77.486768, 38.99456800000001], [-77.488126, 38.994473], [-77.488007, 38.990274], [-77.487968, 38.989454], [-77.487937, 38.988669], [-77.48795799999999, 38.988684000000006], [-77.48801, 38.988722], [-77.48809600000001, 38.988776], [-77.488122, 38.9888], [-77.488223, 38.988876], [-77.488258, 38.988894], [-77.488402, 38.989011], [-77.48848900000002, 38.98906800000001], [-77.488587, 38.989104], [-77.48867, 38.989126], [-77.48878599999999, 38.989131], [-77.488965, 38.989107], [-77.489011, 38.989093], [-77.489041, 38.989078000000006], [-77.489123, 38.989051], [-77.489147, 38.989047], [-77.48921499999999, 38.989020999999994], [-77.489328, 38.98895399999999], [-77.48938300000002, 38.988908], [-77.489442, 38.988846], [-77.489462, 38.988835], [-77.48949800000001, 38.988823], [-77.48952200000001, 38.988823999999994], [-77.489414, 38.988715], [-77.489441, 38.988685], [-77.489512, 38.988645], [-77.489534, 38.98863699999999], [-77.489576, 38.988606], [-77.489619, 38.988555], [-77.489653, 38.988502], [-77.489667, 38.988468], [-77.489891, 38.988223], [-77.48990899999998, 38.988199], [-77.48997999999999, 38.988129], [-77.490009, 38.98809500000001], [-77.49002799999998, 38.988079], [-77.490096, 38.98799], [-77.490168, 38.987928], [-77.490245, 38.987823], [-77.49032, 38.987736], [-77.490361, 38.987679], [-77.490465, 38.987555], [-77.490496, 38.987499], [-77.49058199999999, 38.987387], [-77.490603, 38.987367], [-77.490726, 38.987278], [-77.49089200000002, 38.987198], [-77.491138, 38.987117999999995], [-77.49121200000002, 38.987099], [-77.491245, 38.987095], [-77.491286, 38.987077], [-77.491367, 38.987058], [-77.49138999999998, 38.987056], [-77.49151900000001, 38.987017], [-77.491634, 38.987], [-77.491764, 38.986971], [-77.491909, 38.98691500000001], [-77.492026, 38.98688], [-77.49212799999998, 38.986869], [-77.492172, 38.98685999999999], [-77.492239, 38.986836], [-77.49231900000001, 38.9868], [-77.492378, 38.986764], [-77.492396, 38.986747], [-77.49253200000001, 38.98666299999999], [-77.492668, 38.986601], [-77.49273399999998, 38.986578], [-77.492988, 38.986534], [-77.493019, 38.986535], [-77.49315, 38.986519], [-77.493323, 38.98647799999999], [-77.49334400000001, 38.986469], [-77.493446, 38.986444], [-77.493475, 38.986431], [-77.493508, 38.986428], [-77.493544, 38.986419], [-77.493568, 38.986417], [-77.493568, 38.986447], [-77.49350199999999, 38.98648399999999], [-77.49348599999999, 38.986503], [-77.49350199999999, 38.986522], [-77.493542, 38.986528], [-77.493568, 38.986538], [-77.493727, 38.986535], [-77.493829, 38.986538], [-77.494001, 38.986554], [-77.494189, 38.986581], [-77.49427300000002, 38.986585], [-77.49434499999998, 38.986584], [-77.494473, 38.986596000000006], [-77.494579, 38.986596000000006], [-77.49463299999998, 38.98660399999999], [-77.494658, 38.986621], [-77.494645, 38.986641], [-77.494425, 38.98665], [-77.494393, 38.986662], [-77.494382, 38.98669], [-77.494405, 38.986721], [-77.49464899999998, 38.986838], [-77.49471100000001, 38.986857], [-77.49477, 38.986863], [-77.494925, 38.986857], [-77.495079, 38.986832], [-77.495193, 38.986808], [-77.495257, 38.98678900000001], [-77.495319, 38.986764], [-77.495376, 38.986733], [-77.495415, 38.986704], [-77.49544, 38.986678], [-77.495451, 38.986654], [-77.495469, 38.986641], [-77.495513, 38.986621], [-77.49553800000001, 38.986601], [-77.495559, 38.986567], [-77.495556, 38.98654], [-77.495522, 38.986487], [-77.495522, 38.986467], [-77.49554200000001, 38.986432], [-77.49562800000001, 38.986331], [-77.49569199999999, 38.98627], [-77.495774, 38.986207], [-77.496056, 38.986015], [-77.496251, 38.985899], [-77.496393, 38.985803], [-77.496434, 38.985768], [-77.496475, 38.985742], [-77.496507, 38.985712], [-77.496576, 38.98566], [-77.49662999999998, 38.98561300000001], [-77.496775, 38.985521], [-77.49683899999998, 38.985464], [-77.496943, 38.985355000000006], [-77.497124, 38.985212], [-77.497235, 38.98510499999999], [-77.497269, 38.985082], [-77.497297, 38.985045], [-77.497522, 38.984826999999996], [-77.49762200000002, 38.984708], [-77.497665, 38.984668], [-77.49774400000001, 38.98457499999999], [-77.497783, 38.984544], [-77.49783099999999, 38.984495], [-77.497962, 38.984317000000004], [-77.49802899999999, 38.984151], [-77.49807199999998, 38.984092], [-77.498203, 38.983964], [-77.498256, 38.983922], [-77.49837, 38.98380499999999], [-77.498636, 38.983561], [-77.49873399999998, 38.983457], [-77.498809, 38.983362], [-77.498818, 38.983331], [-77.498851, 38.983288], [-77.498875, 38.983181], [-77.498936, 38.983088], [-77.498959, 38.983064000000006], [-77.49900099999999, 38.98299300000001], [-77.499072, 38.982896], [-77.499105, 38.982842], [-77.49801200000002, 38.98194900000001], [-77.498034, 38.981804], [-77.49811199999999, 38.981682], [-77.498023, 38.981515], [-77.497789, 38.981381], [-77.497734, 38.981248], [-77.497578, 38.98118099999999], [-77.497411, 38.98127], [-77.4971, 38.981048], [-77.49693299999998, 38.980759], [-77.496766, 38.980503], [-77.496833, 38.980447], [-77.496799, 38.980291], [-77.496499, 38.980247], [-77.496377, 38.979969], [-77.496187, 38.979746], [-77.49610999999999, 38.97949], [-77.49590899999998, 38.979524], [-77.49583099999998, 38.97929], [-77.495776, 38.979101], [-77.49585399999998, 38.97899], [-77.49573100000002, 38.97869], [-77.495754, 38.978601], [-77.495565, 38.978311], [-77.495442, 38.978], [-77.49530900000002, 38.977944], [-77.495209, 38.977744], [-77.495153, 38.977655], [-77.49501899999998, 38.977455], [-77.494997, 38.977344], [-77.494975, 38.97725499999999], [-77.494652, 38.976921], [-77.494497, 38.976888], [-77.49430800000002, 38.976732], [-77.49404100000001, 38.976665], [-77.493818, 38.97681], [-77.493551, 38.976876], [-77.49322900000001, 38.97681], [-77.49281699999999, 38.976799], [-77.49245, 38.976876], [-77.491783, 38.97681], [-77.491438, 38.976854], [-77.490437, 38.976888], [-77.489669, 38.976988], [-77.489269, 38.97711], [-77.48881300000001, 38.977221], [-77.488259, 38.977114], [-77.488118, 38.976985000000006], [-77.488311, 38.976923], [-77.48849000000001, 38.97686], [-77.488666, 38.976789999999994], [-77.489028, 38.976623], [-77.489257, 38.976507], [-77.489449, 38.976392], [-77.489669, 38.976243], [-77.48990400000001, 38.976068], [-77.490078, 38.975922], [-77.490228, 38.975783], [-77.490414, 38.975588], [-77.490546, 38.975433], [-77.490661, 38.97528], [-77.49078, 38.97511], [-77.490911, 38.974897000000006], [-77.491018, 38.974685], [-77.491128, 38.974429], [-77.49117299999999, 38.974307], [-77.491246, 38.974043], [-77.491274, 38.973905], [-77.491305, 38.973712], [-77.49132200000001, 38.97346], [-77.491325, 38.97296], [-77.49132200000001, 38.972885], [-77.491318, 38.972772], [-77.49130699999999, 38.972331], [-77.491336, 38.971906], [-77.491449, 38.971507], [-77.491682, 38.971062], [-77.492118, 38.970144], [-77.492159, 38.970057000000004], [-77.49262300000001, 38.969154], [-77.492947, 38.968498], [-77.493184, 38.968018], [-77.493293, 38.9678], [-77.49363100000001, 38.966837], [-77.493753, 38.966491], [-77.493921, 38.965924], [-77.49399799999999, 38.965601], [-77.494084, 38.965364], [-77.494232, 38.964854], [-77.494377, 38.964352], [-77.49469000000002, 38.963274], [-77.494784, 38.962946], [-77.495812, 38.963117], [-77.496303, 38.963238], [-77.49660999999999, 38.963357], [-77.496975, 38.963551], [-77.497273, 38.963751], [-77.497603, 38.963917], [-77.498078, 38.964062], [-77.498503, 38.964116000000004], [-77.49872199999999, 38.964119], [-77.498793, 38.964246], [-77.498997, 38.964598], [-77.499165, 38.964887999999995], [-77.500312, 38.964485], [-77.501065, 38.964221], [-77.50075599999998, 38.963983], [-77.500145, 38.964196], [-77.499913, 38.963792], [-77.500094, 38.963682], [-77.50027799999998, 38.963553], [-77.500407, 38.963449], [-77.500197, 38.963292], [-77.49994399999999, 38.96307399999999], [-77.499805, 38.962912], [-77.499677, 38.962719], [-77.499595, 38.962556], [-77.499515, 38.962302], [-77.499488, 38.962129], [-77.499483, 38.961966], [-77.49949700000002, 38.961799], [-77.499532, 38.961638], [-77.499565, 38.961513], [-77.49961199999998, 38.961296999999995], [-77.499691, 38.96103], [-77.499737, 38.960886], [-77.49978899999999, 38.960705999999995], [-77.499819, 38.960522], [-77.49982400000002, 38.96036500000001], [-77.499811, 38.960161], [-77.499771, 38.959978], [-77.49966, 38.959702], [-77.499448, 38.959341], [-77.49924599999999, 38.959047], [-77.501095, 38.958253], [-77.502209, 38.957742], [-77.50338, 38.957242], [-77.50342, 38.95735], [-77.503424, 38.957456], [-77.503399, 38.957514], [-77.50338, 38.957575], [-77.50336699999998, 38.957642], [-77.50336699999998, 38.95768], [-77.503373, 38.95771599999999], [-77.503387, 38.957738], [-77.503399, 38.957773], [-77.50342599999999, 38.95782200000001], [-77.503466, 38.957879], [-77.503479, 38.957908], [-77.503502, 38.957939], [-77.50351600000002, 38.95796599999999], [-77.503517, 38.957984], [-77.50354499999999, 38.958036], [-77.50355599999999, 38.958096000000005], [-77.503599, 38.958198], [-77.50361, 38.95824], [-77.50369, 38.95834200000001], [-77.503716, 38.958361], [-77.503728, 38.95838], [-77.503815, 38.958449], [-77.503834, 38.958484000000006], [-77.50395099999999, 38.958617], [-77.503967, 38.958648], [-77.503972, 38.95867], [-77.50403600000001, 38.958749], [-77.504079, 38.95880300000001], [-77.504105, 38.958845], [-77.504204, 38.958935], [-77.5043, 38.958993], [-77.504383, 38.959105], [-77.504418, 38.959193], [-77.50443899999999, 38.959222], [-77.50446500000001, 38.959247], [-77.50453699999998, 38.959285], [-77.504594, 38.959325], [-77.50462, 38.959357], [-77.504682, 38.959417], [-77.50474900000002, 38.959528000000006], [-77.504772, 38.959548], [-77.504805, 38.959566], [-77.504884, 38.959592], [-77.504903, 38.959602999999994], [-77.504913, 38.959649], [-77.504937, 38.959679], [-77.504995, 38.959708], [-77.505044, 38.95972], [-77.505086, 38.95973699999999], [-77.50513100000002, 38.959784], [-77.505141, 38.959803], [-77.50516399999998, 38.959824], [-77.505195, 38.959842], [-77.50544699999999, 38.959962], [-77.50547099999999, 38.959986], [-77.50554199999999, 38.960039], [-77.50561599999999, 38.96007199999999], [-77.50572, 38.960134], [-77.505903, 38.960268], [-77.506001, 38.960329], [-77.506048, 38.960345], [-77.506083, 38.960345], [-77.50614499999999, 38.96032399999999], [-77.506172, 38.96032], [-77.506203, 38.960327], [-77.506228, 38.960341], [-77.50638000000001, 38.960391], [-77.506438, 38.960399], [-77.50654500000002, 38.960398], [-77.50658, 38.960406], [-77.506643, 38.960408], [-77.506756, 38.960405], [-77.506898, 38.960422], [-77.507304, 38.960461], [-77.507344, 38.960471], [-77.50744399999999, 38.960478], [-77.507495, 38.960486], [-77.507541, 38.960486], [-77.507608, 38.960493], [-77.507643, 38.960508], [-77.507745, 38.960575999999996], [-77.507772, 38.960585], [-77.50795200000002, 38.960653], [-77.507996, 38.960665], [-77.508117, 38.960687], [-77.508194, 38.960705999999995], [-77.508323, 38.960741], [-77.50842899999999, 38.960756], [-77.508469, 38.960741], [-77.508498, 38.96071599999999], [-77.50851, 38.960689], [-77.50853599999999, 38.960653], [-77.50855999999999, 38.960634], [-77.508585, 38.960631], [-77.50861, 38.96064499999999], [-77.50865499999999, 38.960758], [-77.508683, 38.960785], [-77.508717, 38.960805], [-77.508734, 38.960781000000004], [-77.50882, 38.960717], [-77.508906, 38.960668], [-77.50894199999999, 38.960656], [-77.50898599999998, 38.960634999999996], [-77.509053, 38.960624], [-77.509124, 38.960607], [-77.50918199999998, 38.960604], [-77.50921699999999, 38.960598], [-77.509231, 38.960596], [-77.509319, 38.960561], [-77.509357, 38.960542], [-77.509382, 38.960502], [-77.50937800000001, 38.960398], [-77.50935899999999, 38.960337], [-77.509341, 38.9603], [-77.509302, 38.96025899999999], [-77.50925, 38.960231], [-77.50915099999999, 38.960169], [-77.509104, 38.960146], [-77.509004, 38.96007199999999], [-77.508947, 38.960014], [-77.508907, 38.959959], [-77.50885499999998, 38.959835], [-77.50885400000001, 38.959777], [-77.50885800000002, 38.959752], [-77.50887899999998, 38.959701], [-77.50892999999999, 38.959625], [-77.50894800000002, 38.959555], [-77.508956, 38.959489], [-77.50896900000001, 38.959452], [-77.509007, 38.959397], [-77.509131, 38.959297], [-77.50925200000002, 38.959221], [-77.509365, 38.959167], [-77.509406, 38.959139], [-77.50947699999999, 38.959102], [-77.509537, 38.95907699999999], [-77.509601, 38.959039], [-77.509771, 38.95895699999999], [-77.509847, 38.95893300000001], [-77.509884, 38.958926], [-77.51003, 38.95887], [-77.510173, 38.958835], [-77.510281, 38.958795], [-77.51039100000001, 38.958743999999996], [-77.510467, 38.958698], [-77.510663, 38.958625], [-77.51075700000001, 38.958577], [-77.510787, 38.958554], [-77.510831, 38.958532], [-77.510976, 38.958475], [-77.511029, 38.958462], [-77.511063, 38.958458], [-77.511114, 38.958479], [-77.51124599999999, 38.958552], [-77.511393, 38.9586], [-77.51143499999999, 38.958609], [-77.51148299999998, 38.958613], [-77.511511, 38.95862], [-77.511616, 38.958615], [-77.511733, 38.95859], [-77.511779, 38.958575], [-77.511844, 38.958546], [-77.511899, 38.958514], [-77.511933, 38.958499], [-77.51203, 38.95843099999999], [-77.512248, 38.958318], [-77.512307, 38.95829499999999], [-77.512462, 38.958221], [-77.512568, 38.958187], [-77.512628, 38.958158999999995], [-77.51287699999999, 38.958081], [-77.513056, 38.958047], [-77.513193, 38.958009], [-77.513437, 38.957955999999996], [-77.513667, 38.95793], [-77.513782, 38.95793], [-77.513847, 38.957923], [-77.513884, 38.957925], [-77.514352, 38.95790099999999], [-77.514549, 38.957886], [-77.514707, 38.957867], [-77.514829, 38.957844], [-77.514891, 38.957826], [-77.514935, 38.957803], [-77.514962, 38.957794], [-77.51507900000001, 38.957715], [-77.515191, 38.957609], [-77.515218, 38.957564], [-77.515241, 38.957546], [-77.515313, 38.95743600000001], [-77.51538299999999, 38.9573], [-77.515405, 38.957268], [-77.515441, 38.957167], [-77.515479, 38.956987000000005], [-77.51548599999998, 38.956849000000005], [-77.51553, 38.956702], [-77.515559, 38.956637], [-77.51559199999998, 38.95658], [-77.51565, 38.956481], [-77.515671, 38.956429], [-77.515718, 38.956363], [-77.515775, 38.956296], [-77.51587100000002, 38.95621], [-77.515942, 38.956165], [-77.51606700000002, 38.95612], [-77.51628099999999, 38.956082], [-77.516399, 38.956082], [-77.51651700000001, 38.956089], [-77.516705, 38.956089], [-77.516937, 38.956103], [-77.51711200000001, 38.95612], [-77.517156, 38.956137], [-77.517173, 38.956151], [-77.51719100000001, 38.956173], [-77.517197, 38.95621], [-77.51719000000001, 38.95624], [-77.517157, 38.956317], [-77.517169, 38.956351], [-77.51720699999998, 38.956387], [-77.517247, 38.956416], [-77.517343, 38.956467], [-77.517493, 38.956528000000006], [-77.517814, 38.956628], [-77.517898, 38.95664], [-77.51799100000001, 38.956644], [-77.518049, 38.956641], [-77.518128, 38.956643], [-77.518373, 38.956627], [-77.518433, 38.95662], [-77.518765, 38.956623], [-77.518943, 38.9566], [-77.519035, 38.956579], [-77.519081, 38.956564], [-77.51920400000002, 38.956512], [-77.519263, 38.956481], [-77.519442, 38.95640399999999], [-77.51949599999999, 38.95638600000001], [-77.519539, 38.956363], [-77.51978300000002, 38.956274], [-77.519947, 38.95623], [-77.520161, 38.956155], [-77.520494, 38.956045], [-77.520673, 38.955995], [-77.520819, 38.95596], [-77.521056, 38.955891], [-77.521208, 38.95584], [-77.521282, 38.955821], [-77.52148999999999, 38.955741], [-77.52167300000002, 38.955657], [-77.521848, 38.955552], [-77.521967, 38.955459], [-77.522027, 38.955423], [-77.52208399999999, 38.955403], [-77.522216, 38.955382], [-77.522437, 38.955372], [-77.522577, 38.955379], [-77.52271899999998, 38.955402], [-77.522976, 38.95547200000001], [-77.52305, 38.955487], [-77.52323199999998, 38.955534], [-77.523381, 38.955587], [-77.523451, 38.955608000000005], [-77.523565, 38.955651], [-77.523861, 38.95572], [-77.52392899999998, 38.955729], [-77.524161, 38.955784], [-77.52425, 38.955814], [-77.524343, 38.955832], [-77.524396, 38.955836], [-77.524664, 38.955888], [-77.52492899999999, 38.955922], [-77.52510100000002, 38.955936], [-77.525226, 38.955952], [-77.52528, 38.955953], [-77.525345, 38.95594499999999], [-77.525439, 38.955942], [-77.525572, 38.955957], [-77.525663, 38.955973], [-77.525805, 38.956031], [-77.525839, 38.956055], [-77.52591799999999, 38.956108], [-77.52601999999999, 38.956196], [-77.526385, 38.956415], [-77.52650899999999, 38.956489], [-77.526525, 38.956509], [-77.526579, 38.956535], [-77.526698, 38.956579], [-77.526894, 38.956633], [-77.52696, 38.956667], [-77.527191, 38.956747], [-77.527254, 38.956772], [-77.527337, 38.956794], [-77.527475, 38.956818], [-77.52754199999998, 38.956836], [-77.527603, 38.956846], [-77.527765, 38.95686299999999], [-77.527854, 38.956864], [-77.528114, 38.956902], [-77.528179, 38.956921], [-77.52820299999999, 38.956942], [-77.528229, 38.957014], [-77.528249, 38.957047], [-77.528302, 38.957073], [-77.528356, 38.957089], [-77.528433, 38.957102], [-77.528503, 38.957106], [-77.528567, 38.957093], [-77.52864099999998, 38.9571], [-77.528718, 38.957128], [-77.52877000000001, 38.957161], [-77.528859, 38.957231], [-77.528897, 38.95725099999999], [-77.528957, 38.957261], [-77.529001, 38.957256], [-77.529225, 38.957194], [-77.52928999999999, 38.95718999999999], [-77.529374, 38.957209], [-77.529467, 38.957243000000005], [-77.52953499999998, 38.957282], [-77.529571, 38.957309], [-77.52975500000001, 38.95738699999999], [-77.529871, 38.957488], [-77.529918, 38.957538], [-77.529974, 38.957585], [-77.53002600000002, 38.957637000000005], [-77.530078, 38.95768], [-77.530132, 38.957703], [-77.530227, 38.957725], [-77.53038, 38.957748], [-77.530555, 38.957767000000004], [-77.53062900000002, 38.957788], [-77.530694, 38.9578], [-77.530766, 38.957804], [-77.530896, 38.9578], [-77.530998, 38.95781], [-77.53120800000002, 38.95785], [-77.531289, 38.957862], [-77.531423, 38.95786], [-77.531509, 38.957853], [-77.531704, 38.957863], [-77.53179900000002, 38.957861], [-77.53196, 38.957879], [-77.53200800000002, 38.95788900000001], [-77.53213, 38.957971], [-77.532211, 38.958061], [-77.53226000000001, 38.958095], [-77.532305, 38.958114], [-77.532384, 38.958132], [-77.53245099999998, 38.958141], [-77.53263, 38.958194], [-77.53267000000001, 38.958198], [-77.53270500000002, 38.958208], [-77.532774, 38.95821600000001], [-77.53283199999998, 38.958209], [-77.532888, 38.95821800000001], [-77.533, 38.958266], [-77.53304000000001, 38.95830099999999], [-77.533156, 38.958381], [-77.533224, 38.958417], [-77.53331, 38.958449], [-77.533391, 38.95847], [-77.533487, 38.958489], [-77.533572, 38.958499], [-77.53374600000001, 38.958472], [-77.53385200000001, 38.958461], [-77.533918, 38.958461], [-77.534012, 38.958471], [-77.534169, 38.958508], [-77.534269, 38.958546], [-77.53432899999999, 38.958564], [-77.53448299999998, 38.958595], [-77.534576, 38.95861000000001], [-77.534653, 38.958631], [-77.53473400000001, 38.958644], [-77.53495999999998, 38.958701], [-77.535147, 38.958733], [-77.535255, 38.95874], [-77.535348, 38.958751], [-77.535434, 38.958767], [-77.535532, 38.958792], [-77.535667, 38.958837], [-77.53574300000001, 38.958869], [-77.535806, 38.95888999999999], [-77.536118, 38.958891], [-77.536156, 38.958888], [-77.536184, 38.958893], [-77.53624099999999, 38.95888999999999], [-77.536348, 38.9589], [-77.536381, 38.95891], [-77.536428, 38.958912], [-77.536467, 38.958916], [-77.53659, 38.958953], [-77.536705, 38.95899], [-77.536844, 38.959023], [-77.536968, 38.959067], [-77.536996, 38.95908099999999], [-77.537022, 38.959086], [-77.53705400000001, 38.95908699999999], [-77.53716599999998, 38.959112], [-77.537205, 38.959116], [-77.53744000000002, 38.959165], [-77.53747699999998, 38.959179], [-77.53755500000001, 38.959183], [-77.53763700000002, 38.959187], [-77.537657, 38.95920100000001], [-77.537685, 38.959208], [-77.537794, 38.959221], [-77.53796500000001, 38.959204], [-77.538016, 38.959202], [-77.538085, 38.959208], [-77.53817000000001, 38.95925600000001], [-77.538208, 38.959283], [-77.538284, 38.959308], [-77.53836600000001, 38.959324], [-77.538396, 38.959319], [-77.538504, 38.959281], [-77.53855, 38.95927399999999], [-77.538692, 38.959285], [-77.538786, 38.959311], [-77.538878, 38.959348], [-77.538902, 38.959351], [-77.539015, 38.95942], [-77.539063, 38.959438], [-77.539108, 38.959461], [-77.539154, 38.959478], [-77.539199, 38.959489], [-77.539243, 38.959473], [-77.539297, 38.959438], [-77.539328, 38.959423], [-77.53935500000001, 38.959426], [-77.539412, 38.959461], [-77.539477, 38.959516], [-77.539512, 38.959538], [-77.539559, 38.959557], [-77.53965199999999, 38.959576], [-77.539703, 38.959574], [-77.539731, 38.959584], [-77.53976199999998, 38.95958300000001], [-77.53983299999999, 38.95959500000001], [-77.53986899999998, 38.95959500000001], [-77.53996200000002, 38.95961299999999], [-77.54013500000002, 38.959626], [-77.54023800000002, 38.959649], [-77.540291, 38.959655], [-77.54034, 38.95966799999999], [-77.54047199999998, 38.959681], [-77.540575, 38.959675], [-77.540604, 38.959667], [-77.540646, 38.95966799999999], [-77.540704, 38.959652], [-77.54083300000002, 38.95963], [-77.540905, 38.959625], [-77.540929, 38.959643], [-77.540939, 38.959703], [-77.540982, 38.959741], [-77.541015, 38.959764], [-77.54106500000002, 38.959776], [-77.541115, 38.959782], [-77.54128, 38.959823], [-77.541347, 38.959832], [-77.541371, 38.959843], [-77.541407, 38.95984], [-77.54154200000002, 38.959858999999994], [-77.54159799999998, 38.959872], [-77.54167, 38.959879], [-77.541791, 38.959911], [-77.542042, 38.959951], [-77.542179, 38.959957], [-77.54230700000001, 38.959939], [-77.542382, 38.959908], [-77.54242, 38.959902], [-77.542547, 38.959866], [-77.54272, 38.959842], [-77.54296800000002, 38.959855], [-77.543038, 38.959852999999995], [-77.54307500000002, 38.95985700000001], [-77.543109, 38.959849], [-77.543139, 38.95985], [-77.54320199999998, 38.95984], [-77.543234, 38.959831], [-77.543524, 38.959682], [-77.543632, 38.959633], [-77.543704, 38.959611], [-77.543748, 38.959661], [-77.543787, 38.959707], [-77.54427600000001, 38.960237], [-77.544487, 38.96047], [-77.544617, 38.960611], [-77.54500900000001, 38.96104], [-77.54515599999999, 38.961268], [-77.545271, 38.961475], [-77.545447, 38.961697], [-77.54556099999999, 38.961991], [-77.54569, 38.962195], [-77.54575400000002, 38.962464], [-77.545833, 38.962709], [-77.545959, 38.96303], [-77.546123, 38.963511], [-77.546214, 38.963819], [-77.546401, 38.964261], [-77.54649899999998, 38.964476], [-77.546643, 38.964763999999995], [-77.546838, 38.96513], [-77.54718499999998, 38.965661], [-77.547335, 38.965878], [-77.547543, 38.96612], [-77.547721, 38.966348], [-77.547804, 38.966442], [-77.54797699999999, 38.96664], [-77.548215, 38.966885], [-77.548313, 38.96697400000001], [-77.54877599999999, 38.967399], [-77.54907900000002, 38.967665], [-77.549354, 38.967937], [-77.54959, 38.968115], [-77.549936, 38.96836], [-77.550243, 38.968566], [-77.550464, 38.968706], [-77.550916, 38.968931], [-77.551127, 38.969023], [-77.551406, 38.969172], [-77.551636, 38.969287], [-77.551795, 38.969383], [-77.551977, 38.969503], [-77.552155, 38.969652], [-77.552304, 38.969815], [-77.552391, 38.96992100000001], [-77.552497, 38.970021], [-77.55265, 38.970292], [-77.55290400000001, 38.970825], [-77.553235, 38.971557999999995], [-77.553495, 38.972134], [-77.55386, 38.972946], [-77.55429999999998, 38.973773], [-77.55489400000002, 38.975028], [-77.555019, 38.97529299999999], [-77.55549799999999, 38.976293], [-77.55542200000001, 38.976355], [-77.555887, 38.977189], [-77.556188, 38.977619], [-77.556464, 38.977967], [-77.556852, 38.978397], [-77.557115, 38.978683], [-77.55732900000001, 38.97894899999999], [-77.557484, 38.979111], [-77.557631, 38.979388], [-77.557746, 38.979636], [-77.557824, 38.97984], [-77.557874, 38.979988], [-77.55794899999998, 38.98026099999999], [-77.558201, 38.980968], [-77.55851999999999, 38.981859], [-77.559301, 38.984042], [-77.560243, 38.986572], [-77.557467, 38.986990000000006], [-77.555019, 38.985754], [-77.552478, 38.989643], [-77.552042, 38.989481], [-77.551993, 38.989463], [-77.551553, 38.989294], [-77.55069800000001, 38.988976], [-77.550077, 38.98876299999999], [-77.54965899999999, 38.98863299999999], [-77.549038, 38.988458], [-77.549027, 38.988493000000005], [-77.549012, 38.988508], [-77.548971, 38.988533], [-77.548939, 38.988543], [-77.548843, 38.988595], [-77.54882, 38.988614], [-77.54878, 38.988677], [-77.54876000000002, 38.988734], [-77.548768, 38.988817999999995], [-77.54881199999998, 38.988951], [-77.54881199999998, 38.98897], [-77.54878, 38.988991], [-77.548628, 38.98906], [-77.548608, 38.989075], [-77.548593, 38.989089], [-77.548556, 38.989141], [-77.54853, 38.98922], [-77.548519, 38.989276999999994], [-77.548515, 38.989339], [-77.54849200000001, 38.989436], [-77.548467, 38.989502], [-77.548445, 38.989537000000006], [-77.54839499999999, 38.989647], [-77.54836600000002, 38.989693], [-77.548342, 38.98978], [-77.548279, 38.989881], [-77.54827500000002, 38.98994299999999], [-77.54829100000002, 38.990032], [-77.548308, 38.990081], [-77.54832399999998, 38.990223], [-77.548321, 38.990275], [-77.548336, 38.990376], [-77.548369, 38.990482], [-77.548433, 38.990619], [-77.548434, 38.990639], [-77.548405, 38.99076], [-77.548339, 38.990925], [-77.548327, 38.991026], [-77.54832399999998, 38.99111299999999], [-77.548313, 38.991163], [-77.54828799999999, 38.991205], [-77.548266, 38.991225], [-77.548226, 38.99125], [-77.54814, 38.991315], [-77.54812, 38.991373], [-77.548108, 38.991475], [-77.548093, 38.991546], [-77.548042, 38.991676], [-77.54801999999998, 38.991772], [-77.548028, 38.991805], [-77.548047, 38.991852], [-77.548139, 38.991957], [-77.548171, 38.992019000000006], [-77.54818599999999, 38.992106], [-77.548184, 38.99214], [-77.548175, 38.992165], [-77.548187, 38.992202], [-77.548218, 38.992237], [-77.548242, 38.992248], [-77.54833, 38.99227], [-77.54839499999999, 38.992278999999996], [-77.548506, 38.992308], [-77.548596, 38.99234800000001], [-77.548624, 38.992357], [-77.548654, 38.992357], [-77.54868999999998, 38.992351], [-77.548725, 38.992339], [-77.54881, 38.992294], [-77.54896, 38.992229], [-77.548987, 38.992209], [-77.549047, 38.992184], [-77.549129, 38.992119], [-77.54917700000001, 38.992096000000004], [-77.549212, 38.992093], [-77.549183, 38.992128], [-77.54907500000002, 38.992213], [-77.548912, 38.992284999999995], [-77.548848, 38.992332], [-77.54877200000001, 38.992368], [-77.548696, 38.992388], [-77.54865700000002, 38.992394], [-77.548617, 38.992394], [-77.548552, 38.992377], [-77.54840599999999, 38.992358], [-77.548355, 38.99234800000001], [-77.54826399999999, 38.992317], [-77.54821699999998, 38.992293000000004], [-77.548118, 38.992214], [-77.548047, 38.992248], [-77.54800799999998, 38.992259], [-77.547862, 38.992275], [-77.547659, 38.992303], [-77.547606, 38.992306], [-77.54755899999999, 38.992302], [-77.547514, 38.992286], [-77.547454, 38.99227100000001], [-77.547398, 38.992268], [-77.54731099999998, 38.992272], [-77.54727400000002, 38.992284999999995], [-77.547237, 38.992304], [-77.54721, 38.992333], [-77.547187, 38.99236599999999], [-77.547134, 38.992503], [-77.547091, 38.992574], [-77.54705, 38.992614], [-77.547029, 38.992628], [-77.546906, 38.992764], [-77.546863, 38.992791], [-77.546821, 38.992805], [-77.546764, 38.99283], [-77.546714, 38.992858], [-77.546603, 38.992892], [-77.546538, 38.992901], [-77.546473, 38.992905], [-77.546418, 38.992901], [-77.546383, 38.992894], [-77.546336, 38.992877], [-77.546257, 38.992875], [-77.546124, 38.9929], [-77.54608199999998, 38.992913], [-77.546052, 38.992922], [-77.545985, 38.992955], [-77.54587900000001, 38.99299800000001], [-77.545832, 38.993023], [-77.54578299999999, 38.993055], [-77.54576, 38.99308], [-77.545741, 38.993121], [-77.545727, 38.993165], [-77.545725, 38.993201000000006], [-77.545731, 38.993238], [-77.54576999999999, 38.99337], [-77.545772, 38.993452], [-77.545764, 38.993529], [-77.545755, 38.993569], [-77.545726, 38.993642], [-77.545704, 38.993681], [-77.545631, 38.993762], [-77.545526, 38.993833], [-77.545464, 38.993895], [-77.54543899999999, 38.993931], [-77.54538399999998, 38.99403800000001], [-77.54533600000002, 38.994213], [-77.545322, 38.99424], [-77.545318, 38.994277], [-77.545323, 38.994309], [-77.54535, 38.994378999999995], [-77.545357, 38.994412], [-77.545343, 38.994508], [-77.54531, 38.994599], [-77.545264, 38.99461], [-77.54525, 38.99463], [-77.54522, 38.994652], [-77.545117, 38.994697], [-77.545083, 38.994724], [-77.545012, 38.994792], [-77.544987, 38.994806], [-77.544948, 38.994818], [-77.544792, 38.994814], [-77.54467400000001, 38.99484199999999], [-77.544574, 38.994886], [-77.544539, 38.99489100000001], [-77.54450100000001, 38.994887], [-77.544406, 38.994855], [-77.544367, 38.994853], [-77.544335, 38.994864], [-77.5443, 38.994892], [-77.54428199999998, 38.994923], [-77.54426500000001, 38.99497999999999], [-77.54425600000002, 38.99504], [-77.54426099999999, 38.995074], [-77.54427399999999, 38.995099999999994], [-77.544287, 38.995187], [-77.544272, 38.995252], [-77.54426199999999, 38.995327], [-77.544252, 38.995351], [-77.544234, 38.995374], [-77.54416200000001, 38.995422999999995], [-77.544021, 38.995459], [-77.543949, 38.995478], [-77.543878, 38.995533], [-77.54375600000002, 38.995682], [-77.543722, 38.995708], [-77.54369099999998, 38.995722], [-77.543615, 38.995736], [-77.543553, 38.995761], [-77.543524, 38.995786], [-77.543487, 38.995841], [-77.543409, 38.99599], [-77.543309, 38.996127], [-77.543239, 38.996208], [-77.543043, 38.996393], [-77.54294499999999, 38.996512], [-77.54289099999998, 38.996559], [-77.54283099999999, 38.996631], [-77.54279500000001, 38.996667], [-77.542726, 38.996722], [-77.542695, 38.996742], [-77.542644, 38.996785], [-77.542549, 38.996893], [-77.542501, 38.996962], [-77.542453, 38.997093], [-77.542393, 38.997212], [-77.542309, 38.99732999999999], [-77.542245, 38.997429], [-77.542237, 38.997453], [-77.542216, 38.997483], [-77.542191, 38.997506], [-77.542171, 38.997516999999995], [-77.542097, 38.997538], [-77.542076, 38.997559], [-77.54206299999998, 38.99758599999999], [-77.54205499999999, 38.997631], [-77.542056, 38.997732], [-77.542033, 38.997861], [-77.542009, 38.99792], [-77.541912, 38.998056], [-77.5419, 38.998093], [-77.541851, 38.998164], [-77.541809, 38.998258], [-77.541765, 38.998328], [-77.54168800000001, 38.99842300000001], [-77.54164, 38.998469], [-77.54158999999999, 38.99850599999999], [-77.541505, 38.998521], [-77.541319, 38.998508], [-77.54126, 38.998491], [-77.541236, 38.99849], [-77.54113299999999, 38.998461], [-77.54106999999999, 38.998464], [-77.54076600000002, 38.998513], [-77.540719, 38.998517], [-77.540629, 38.998533], [-77.54049, 38.998513], [-77.540457, 38.99852], [-77.540416, 38.99852], [-77.540283, 38.998544], [-77.540259, 38.998544], [-77.54016399999999, 38.998525], [-77.540133, 38.998534], [-77.54012, 38.998554], [-77.540096, 38.998619], [-77.540039, 38.998705], [-77.539973, 38.998781], [-77.53984499999999, 38.998891], [-77.539745, 38.998962], [-77.539708, 38.999003], [-77.53965900000001, 38.99907], [-77.539646, 38.999108], [-77.53963999999999, 38.999161], [-77.539682, 38.9996], [-77.539677, 38.999687], [-77.53965500000001, 38.999768], [-77.53963500000002, 38.99980000000001], [-77.53960000000001, 38.999834], [-77.53955200000001, 38.99986100000001], [-77.53946699999999, 38.999893], [-77.539444, 38.999895], [-77.539291, 38.999930000000006], [-77.539235, 38.999967], [-77.539212, 39.000028], [-77.539202, 39.000093], [-77.53918, 39.000168], [-77.53915099999999, 39.000213], [-77.5391, 39.000248], [-77.539077, 39.000251], [-77.539043, 39.00026499999999], [-77.538925, 39.000284], [-77.538815, 39.000325999999994], [-77.53873399999999, 39.000396], [-77.53862699999999, 39.000508], [-77.53846599999999, 39.00064100000001], [-77.53844199999999, 39.00065300000001], [-77.538408, 39.000678], [-77.53838300000001, 39.00069], [-77.538332, 39.000705], [-77.538189, 39.000735], [-77.538104, 39.000784], [-77.538074, 39.000807], [-77.538045, 39.000836], [-77.53802499999999, 39.000885], [-77.53802499999999, 39.000918], [-77.53804899999999, 39.001031], [-77.538065, 39.001061], [-77.53807999999998, 39.00110600000001], [-77.538076, 39.001132], [-77.53804799999999, 39.00116700000001], [-77.53797300000001, 39.0012], [-77.53794999999998, 39.001204], [-77.537889, 39.001186], [-77.53783500000002, 39.001162], [-77.53770899999999, 39.00109], [-77.53762, 39.001013], [-77.53758399999998, 39.00096400000001], [-77.537527, 39.000861], [-77.537481, 39.00079699999999], [-77.537377, 39.000681], [-77.53734399999999, 39.000632], [-77.53731499999999, 39.000559], [-77.537299, 39.000481], [-77.53726300000001, 39.000388], [-77.537208, 39.000159], [-77.537208, 39.000028], [-77.537114, 38.999789], [-77.537097, 38.999764], [-77.537089, 38.999734], [-77.537068, 38.999707], [-77.53705199999999, 38.999675999999994], [-77.53694400000002, 38.999528], [-77.53685700000001, 38.99942999999999], [-77.53683099999999, 38.999407999999995], [-77.536656, 38.999179], [-77.53664599999999, 38.999153], [-77.536627, 38.999129], [-77.536594, 38.999071], [-77.53655199999999, 38.998952], [-77.53653, 38.99885], [-77.53651599999999, 38.998749], [-77.53649, 38.99870299999999], [-77.53645600000002, 38.998694], [-77.536401, 38.998711], [-77.536328, 38.998765], [-77.536274, 38.998798], [-77.53623199999998, 38.998814], [-77.53617699999998, 38.998826], [-77.53612800000002, 38.998822999999994], [-77.536042, 38.99883299999999], [-77.536013, 38.998845], [-77.535974, 38.998877], [-77.53595600000001, 38.998908], [-77.53594000000001, 38.99895300000001], [-77.535907, 38.99901800000001], [-77.53584100000002, 38.99907], [-77.535734, 38.999105], [-77.535649, 38.999087], [-77.535616, 38.999065], [-77.535612, 38.999391], [-77.535648, 38.999415], [-77.535697, 38.99946700000001], [-77.535732, 38.999518], [-77.535765, 38.999607000000005], [-77.535802, 38.999656], [-77.53584999999998, 38.999707], [-77.535929, 38.999775], [-77.53595, 38.999785], [-77.535986, 38.999816], [-77.536103, 38.999864], [-77.536265, 38.999905], [-77.536309, 38.999912], [-77.536419, 38.999953], [-77.53647600000001, 38.999994], [-77.53652799999999, 39.000054], [-77.536565, 39.00011], [-77.53660599999999, 39.000158], [-77.536621, 39.000192000000006], [-77.53664599999999, 39.000213], [-77.53666500000001, 39.000237], [-77.536712, 39.000334], [-77.536726, 39.000377], [-77.536745, 39.000463999999994], [-77.536746, 39.000514], [-77.536738, 39.000569], [-77.536705, 39.000642], [-77.53664599999999, 39.000744], [-77.536569, 39.000815], [-77.53655800000001, 39.000865], [-77.53655800000001, 39.000892], [-77.536573, 39.000953], [-77.536592, 39.00098199999999], [-77.536619, 39.001012], [-77.536645, 39.001074], [-77.536684, 39.001134], [-77.53671, 39.001197], [-77.536711, 39.001223], [-77.536723, 39.001243], [-77.536734, 39.001277], [-77.53673200000001, 39.001295], [-77.53674099999999, 39.00136400000001], [-77.536775, 39.001446], [-77.536791, 39.001465], [-77.536799, 39.001488], [-77.53694100000001, 39.001684], [-77.536982, 39.00175], [-77.536974, 39.001814], [-77.53697699999998, 39.001863], [-77.536989, 39.001892000000005], [-77.537058, 39.002011], [-77.53707, 39.002039], [-77.537073, 39.002074], [-77.53706399999999, 39.00210299999999], [-77.537015, 39.002184], [-77.536997, 39.00223299999999], [-77.536989, 39.002283], [-77.536992, 39.002311], [-77.537019, 39.002397], [-77.53702399999999, 39.002429], [-77.537025, 39.00249699999999], [-77.537034, 39.002515], [-77.537037, 39.00253800000001], [-77.536948, 39.00262], [-77.53692900000001, 39.002703], [-77.536853, 39.002869], [-77.53664900000001, 39.003206000000006], [-77.536394, 39.003482], [-77.536185, 39.00359999999999], [-77.535881, 39.003689], [-77.535579, 39.003753], [-77.535249, 39.003877], [-77.534886, 39.004004], [-77.534607, 39.004123], [-77.534393, 39.004193], [-77.533936, 39.004264], [-77.533382, 39.004419], [-77.53334899999999, 39.004428], [-77.53331299999999, 39.004438], [-77.533133, 39.004506000000006], [-77.532775, 39.004641], [-77.53213800000002, 39.004901999999994], [-77.531495, 39.005211], [-77.530526, 39.005729], [-77.530354, 39.005791], [-77.530987, 39.008307], [-77.531039, 39.00849], [-77.531575, 39.010379], [-77.531648, 39.010718999999995], [-77.531659, 39.010949], [-77.531691, 39.012215], [-77.531698, 39.01247800000001], [-77.53170499999999, 39.012638], [-77.531901, 39.017249], [-77.531944, 39.019795], [-77.531971, 39.020497], [-77.531967, 39.021028], [-77.531869, 39.021641], [-77.531625, 39.022399], [-77.531355, 39.023270999999994], [-77.531253, 39.023605], [-77.53111899999999, 39.024008], [-77.530923, 39.024599], [-77.530717, 39.025047], [-77.530395, 39.025749], [-77.530179, 39.02619], [-77.53001099999999, 39.02653300000001], [-77.529892, 39.026775], [-77.529365, 39.02789], [-77.52894300000001, 39.028514], [-77.528881, 39.028573], [-77.528399, 39.029047], [-77.527579, 39.029597], [-77.527277, 39.029888], [-77.526954, 39.030297], [-77.526799, 39.030491], [-77.526716, 39.030595000000005], [-77.525953, 39.03189100000001], [-77.524552, 39.03425], [-77.523806, 39.035322], [-77.52378999999999, 39.035344], [-77.523263, 39.036283999999995], [-77.52317100000002, 39.036432], [-77.523031, 39.036669], [-77.52291999999998, 39.03686100000001], [-77.52280599999999, 39.03706400000001], [-77.522406, 39.037893], [-77.522148, 39.038369], [-77.52169400000001, 39.039273], [-77.52163100000001, 39.039403], [-77.521124, 39.040372], [-77.520909, 39.040695], [-77.520551, 39.041295], [-77.52047, 39.041475], [-77.52028399999999, 39.04183700000001], [-77.52017700000002, 39.042042], [-77.520069, 39.042268], [-77.519864, 39.042762999999994], [-77.519767, 39.043054], [-77.519703, 39.043377], [-77.519719, 39.043508], [-77.51977, 39.043751], [-77.51998099999999, 39.044641], [-77.520471, 39.046508], [-77.520556, 39.046913], [-77.520569, 39.047059], [-77.520554, 39.047561], [-77.514296, 39.048209], [-77.5122, 39.048428], [-77.512244, 39.048762], [-77.509082, 39.052384], [-77.50892999999999, 39.052217], [-77.508793, 39.052091], [-77.507898, 39.051381000000006], [-77.507664, 39.051588], [-77.508459, 39.052134], [-77.507159, 39.054928], [-77.50686499999999, 39.055649], [-77.505614, 39.054901], [-77.504272, 39.054083], [-77.502787, 39.05322], [-77.502597, 39.053135], [-77.499688, 39.051344], [-77.499465, 39.051201], [-77.496119, 39.04923399999999], [-77.496036, 39.049174], [-77.49233100000001, 39.04694899999999], [-77.492388, 39.047149], [-77.492469, 39.047357], [-77.49249600000002, 39.04758300000001], [-77.49241499999998, 39.047764], [-77.49237, 39.048071], [-77.49231500000002, 39.04827], [-77.492297, 39.04865], [-77.491243, 39.048695], [-77.490943, 39.048773000000004], [-77.490876, 39.048795], [-77.490876, 39.049162], [-77.489613, 39.04921800000001], [-77.489645, 39.049384], [-77.489656, 39.049441], [-77.48988499999999, 39.05059], [-77.489911, 39.050723], [-77.489951, 39.050927], [-77.49009300000002, 39.05177100000001], [-77.490115, 39.051902999999996], [-77.490131, 39.052288], [-77.490021, 39.052344], [-77.489875, 39.052429], [-77.489673, 39.05255], [-77.489584, 39.052611], [-77.48941199999999, 39.052731], [-77.489167, 39.052926], [-77.488996, 39.053081000000006], [-77.488795, 39.05328599999999], [-77.488706, 39.053386], [-77.488599, 39.053507], [-77.488477, 39.053638], [-77.48729699999998, 39.05492699999999], [-77.486942, 39.055337], [-77.486749, 39.05556300000001], [-77.486653, 39.055677], [-77.486471, 39.055908], [-77.486387, 39.056028000000005], [-77.486231, 39.056274], [-77.48616, 39.056399], [-77.486026, 39.056653], [-77.486014, 39.056675999999996], [-77.485962, 39.056783], [-77.485844, 39.057046], [-77.485818, 39.057109], [-77.48579100000002, 39.057179], [-77.48569799999999, 39.057452], [-77.485565, 39.057482], [-77.485893, 39.055847], [-77.48335, 39.055264], [-77.481413, 39.054816], [-77.481322, 39.055011], [-77.481243, 39.05519], [-77.481212, 39.055264], [-77.481106, 39.055505], [-77.48103599999999, 39.055702], [-77.481008, 39.055807], [-77.48097299999999, 39.05603599999999], [-77.48087099999998, 39.05684], [-77.480729, 39.057860000000005], [-77.480638, 39.05857700000001], [-77.480621, 39.05875], [-77.480624, 39.058893], [-77.480648, 39.059077], [-77.48068500000001, 39.059248], [-77.480739, 39.059402], [-77.480793, 39.059536], [-77.48086200000002, 39.059668], [-77.480941, 39.05980600000001], [-77.48095799999999, 39.059833], [-77.481097, 39.060054], [-77.481259, 39.060274], [-77.481455, 39.060627], [-77.48155900000002, 39.060824], [-77.481614, 39.060962], [-77.48165400000002, 39.061089], [-77.48168600000001, 39.061231], [-77.48170199999998, 39.061337], [-77.481707, 39.061472], [-77.481689, 39.061898], [-77.481672, 39.061978999999994], [-77.481602, 39.062307], [-77.48155, 39.062578], [-77.48153, 39.062668], [-77.481447, 39.063044], [-77.481267, 39.063859], [-77.481658, 39.063932], [-77.482074, 39.063985], [-77.482325, 39.064013], [-77.482496, 39.064016], [-77.482751, 39.064016], [-77.482905, 39.064021], [-77.483178, 39.064021], [-77.483464, 39.064042], [-77.48378600000001, 39.06408], [-77.48394, 39.06411], [-77.484229, 39.064156], [-77.48416000000002, 39.064351], [-77.48407499999999, 39.06459], [-77.483709, 39.065757], [-77.48367999999999, 39.065895], [-77.483554, 39.066518], [-77.483417, 39.067284], [-77.483169, 39.06845599999999], [-77.483141, 39.068601], [-77.48299099999998, 39.069377], [-77.482878, 39.069873], [-77.4828, 39.070069], [-77.48276999999999, 39.070122], [-77.482598, 39.070427], [-77.482496, 39.070572], [-77.48219899999998, 39.070905], [-77.482123, 39.07099], [-77.481955, 39.071168], [-77.48188700000001, 39.071238], [-77.48169000000001, 39.07144600000001], [-77.481629, 39.071417], [-77.48085499999999, 39.071039], [-77.479836, 39.070541], [-77.47864400000002, 39.069958], [-77.476273, 39.068799], [-77.46921600000002, 39.065313999999994], [-77.469003, 39.065209], [-77.467608, 39.064524000000006], [-77.46758200000001, 39.064511], [-77.463541, 39.062526], [-77.46112400000001, 39.06133899999999], [-77.45928899999998, 39.060404999999996], [-77.45983, 39.059779], [-77.459892, 39.059697], [-77.459974, 39.05959], [-77.46010000000001, 39.059393], [-77.460209, 39.059189], [-77.460299, 39.05898], [-77.46037, 39.058767], [-77.460421, 39.058551], [-77.460451, 39.058275], [-77.460456, 39.058074], [-77.460446, 39.057879], [-77.460438, 39.05781], [-77.460602, 39.057794], [-77.461054, 39.05774], [-77.462397, 39.057579], [-77.462337, 39.057416], [-77.462259, 39.056888], [-77.462242, 39.056628], [-77.462285, 39.056411], [-77.462372, 39.056160000000006], [-77.462623, 39.055822], [-77.463239, 39.055397], [-77.463698, 39.055718], [-77.464383, 39.056116], [-77.464535, 39.056189], [-77.46445799999998, 39.056109], [-77.464419, 39.056057], [-77.464364, 39.055928], [-77.464367, 39.055871], [-77.464396, 39.05577799999999], [-77.464424, 39.055716], [-77.46444, 39.055656], [-77.464431, 39.055593], [-77.46441400000002, 39.055529], [-77.464382, 39.055448], [-77.464369, 39.055388], [-77.464371, 39.055314], [-77.464365, 39.055252], [-77.464377, 39.05522], [-77.464378, 39.055195], [-77.464368, 39.055156], [-77.464287, 39.05508], [-77.464265, 39.055028], [-77.464256, 39.0549], [-77.46422900000002, 39.054782], [-77.46424900000001, 39.054737], [-77.464266, 39.05467], [-77.464243, 39.054568], [-77.464209, 39.05451500000001], [-77.464161, 39.054461999999994], [-77.464112, 39.05440699999999], [-77.464094, 39.054371], [-77.464074, 39.054313], [-77.464045, 39.054252], [-77.464, 39.054203], [-77.463973, 39.05415], [-77.463954, 39.054097], [-77.463996, 39.054015], [-77.463989, 39.05398], [-77.463969, 39.053927], [-77.463941, 39.053879], [-77.46392599999999, 39.053815], [-77.46390699999999, 39.053693], [-77.46383500000002, 39.053565], [-77.463766, 39.053461], [-77.463733, 39.053426], [-77.46361800000001, 39.053343000000005], [-77.463573, 39.053303], [-77.46351, 39.053264], [-77.463377, 39.053197], [-77.46333599999998, 39.053152000000004], [-77.463303, 39.05309], [-77.46326, 39.053029], [-77.463166, 39.052923], [-77.46313499999998, 39.052876], [-77.463106, 39.052745], [-77.463082, 39.052685], [-77.46301900000002, 39.05262200000001], [-77.462885, 39.05256], [-77.46280399999999, 39.05250999999999], [-77.462554, 39.052384], [-77.46251100000002, 39.052343], [-77.462492, 39.052288], [-77.462479, 39.052217], [-77.46244800000001, 39.052183], [-77.46239299999999, 39.052125], [-77.462374, 39.052084], [-77.46240400000002, 39.052043000000005], [-77.462464, 39.052034], [-77.462489, 39.052014], [-77.462476, 39.051971], [-77.462365, 39.05185399999999], [-77.46231400000002, 39.05181], [-77.462268, 39.051757], [-77.46222099999999, 39.051694], [-77.462207, 39.051666], [-77.462166, 39.051622], [-77.462147, 39.05158999999999], [-77.46213799999998, 39.051544], [-77.462139, 39.051526], [-77.462153, 39.051501], [-77.462178, 39.051486], [-77.462198, 39.051465], [-77.462218, 39.051408], [-77.462225, 39.051326], [-77.462194, 39.051252999999996], [-77.46220799999999, 39.051235], [-77.46224399999998, 39.051235], [-77.46227, 39.051218], [-77.462278, 39.051163], [-77.462265, 39.051086], [-77.4622, 39.050951], [-77.462132, 39.050883], [-77.462025, 39.050801], [-77.46201800000001, 39.050752], [-77.462028, 39.050698], [-77.462041, 39.05066600000001], [-77.462052, 39.050616], [-77.462047, 39.050598], [-77.46202600000001, 39.050574], [-77.461984, 39.050544], [-77.46195299999998, 39.050534000000006], [-77.46187, 39.05052], [-77.461807, 39.050494], [-77.461741, 39.050448], [-77.461656, 39.05034], [-77.461641, 39.05028399999999], [-77.46158900000002, 39.050233], [-77.461565, 39.050192], [-77.46155, 39.050021], [-77.461546, 39.049913], [-77.461541, 39.049885999999994], [-77.46151000000002, 39.04983], [-77.46150600000001, 39.049778], [-77.461521, 39.049739], [-77.461549, 39.04969899999999], [-77.461553, 39.04965], [-77.46154, 39.049591], [-77.461508, 39.04954], [-77.46143999999998, 39.049467], [-77.46132199999998, 39.049327], [-77.46130699999999, 39.049304], [-77.461304, 39.049262], [-77.461159, 39.049211], [-77.460989, 39.049122], [-77.46093299999998, 39.04908600000001], [-77.460881, 39.049061], [-77.46082500000001, 39.049015], [-77.460761, 39.04897799999999], [-77.460729, 39.048952], [-77.460681, 39.048878], [-77.460655, 39.048851], [-77.460594, 39.048815], [-77.46051800000001, 39.048799], [-77.460487, 39.04878699999999], [-77.460435, 39.048746], [-77.46032599999998, 39.048604], [-77.46020699999998, 39.048516], [-77.460049, 39.04837500000001], [-77.459948, 39.048292], [-77.45985, 39.048185999999994], [-77.459738, 39.048092], [-77.459697, 39.048037], [-77.459672, 39.048012], [-77.459587, 39.047961], [-77.459534, 39.047942], [-77.459457, 39.047935], [-77.459401, 39.047936], [-77.459348, 39.047923999999995], [-77.45928000000002, 39.047885], [-77.4592, 39.047803], [-77.458948, 39.047704], [-77.458862, 39.047678], [-77.45876, 39.047658000000006], [-77.458687, 39.047621], [-77.458663, 39.047594999999994], [-77.45859999999999, 39.047552], [-77.458561, 39.047537], [-77.458479, 39.047523], [-77.45832799999998, 39.047506], [-77.458271, 39.047496], [-77.458215, 39.0475], [-77.458135, 39.04753399999999], [-77.458032, 39.047604], [-77.45799699999999, 39.047618], [-77.457949, 39.04763], [-77.45789799999999, 39.047634], [-77.457817, 39.047623], [-77.457691, 39.047588999999995], [-77.457581, 39.047549], [-77.45750000000001, 39.047535], [-77.457375, 39.047493], [-77.457373, 39.047425], [-77.456416, 39.043111], [-77.45587600000002, 39.040672], [-77.455759, 39.04073399999999], [-77.455683, 39.040743], [-77.45562499999998, 39.040742], [-77.45547599999999, 39.040727], [-77.455442, 39.040709], [-77.45538000000002, 39.040645], [-77.455375, 39.040622], [-77.455337, 39.040554], [-77.455307, 39.040473], [-77.45526699999999, 39.040429], [-77.455248, 39.040367], [-77.455228, 39.040337], [-77.455213, 39.040298], [-77.455166, 39.040246], [-77.45507700000002, 39.040183], [-77.455021, 39.040169], [-77.454889, 39.040154], [-77.45486899999999, 39.040145], [-77.45483, 39.040119], [-77.454796, 39.040114], [-77.454757, 39.040114], [-77.454709, 39.0401], [-77.45469100000001, 39.04008799999999], [-77.45468200000002, 39.040071], [-77.454653, 39.040044], [-77.45463, 39.040042], [-77.454582, 39.040049], [-77.454514, 39.040042], [-77.454424, 39.040018], [-77.4544, 39.040006], [-77.45437199999999, 39.039979], [-77.45429600000001, 39.039859], [-77.454263, 39.03982599999999], [-77.454225, 39.039779], [-77.45421, 39.03974899999999], [-77.45407500000002, 39.03961100000001], [-77.45396699999999, 39.039541], [-77.45389100000001, 39.039525], [-77.45386799999999, 39.039527], [-77.453845, 39.039536], [-77.453826, 39.03955199999999], [-77.45378, 39.039553], [-77.453731, 39.039529], [-77.453691, 39.039488], [-77.45366, 39.039427], [-77.45364699999999, 39.03936099999999], [-77.453634, 39.039333], [-77.453621, 39.039318], [-77.453601, 39.039309], [-77.45354, 39.039313], [-77.453517, 39.039326], [-77.45346999999998, 39.039325], [-77.453431, 39.039308], [-77.453318, 39.039236], [-77.45326, 39.039212], [-77.453197, 39.039179], [-77.45316299999999, 39.03915200000001], [-77.453133, 39.039116], [-77.453078, 39.039063], [-77.453039, 39.03904], [-77.45298500000001, 39.039027999999995], [-77.45287899999998, 39.039018], [-77.452842, 39.039021], [-77.452817, 39.039030000000004], [-77.45279299999999, 39.039045], [-77.452771, 39.039052], [-77.452748, 39.03905], [-77.45269099999999, 39.039024], [-77.452672, 39.039003], [-77.452632, 39.038943], [-77.452578, 39.038893], [-77.45255, 39.038881], [-77.45251, 39.038876], [-77.45247600000002, 39.038916], [-77.45245300000002, 39.038933], [-77.45243, 39.038943], [-77.45235899999999, 39.03894900000001], [-77.452334, 39.038956999999996], [-77.45229900000001, 39.038981], [-77.452255, 39.038989], [-77.452183, 39.038974], [-77.452093, 39.03895500000001], [-77.452133, 39.039029], [-77.452136, 39.039052], [-77.452129, 39.039195], [-77.45210299999998, 39.039289999999994], [-77.452086, 39.03932], [-77.452049, 39.039365000000004], [-77.451983, 39.039402], [-77.451955, 39.039423], [-77.451914, 39.039445], [-77.451877, 39.039454], [-77.451817, 39.039459], [-77.451733, 39.039435], [-77.451641, 39.039415999999996], [-77.451585, 39.039411], [-77.45149299999999, 39.039421], [-77.451453, 39.03943199999999], [-77.451346, 39.039482], [-77.451236, 39.03956399999999], [-77.451186, 39.039587], [-77.451022, 39.039627], [-77.45097999999999, 39.03963], [-77.450899, 39.03962], [-77.45087399999998, 39.03962], [-77.450827, 39.03962899999999], [-77.45077000000002, 39.039627], [-77.45072, 39.039612], [-77.450636, 39.039577], [-77.45059899999998, 39.03957], [-77.450576, 39.039574], [-77.450532, 39.039573], [-77.45047900000002, 39.039586], [-77.450371, 39.039632], [-77.450037, 39.039699], [-77.449899, 39.039717], [-77.44965599999999, 39.039725], [-77.44967299999999, 39.039818000000004], [-77.449866, 39.041147], [-77.449914, 39.041479], [-77.450316, 39.044237], [-77.45051, 39.045661], [-77.45053, 39.045758], [-77.450532, 39.045806], [-77.45067200000001, 39.046715], [-77.45104, 39.048948], [-77.451163, 39.04977], [-77.451175, 39.04982], [-77.45118, 39.04987400000001], [-77.45120000000001, 39.049994], [-77.451215, 39.050047], [-77.451225, 39.050127], [-77.451275, 39.050401], [-77.451404, 39.051332], [-77.45146, 39.051693], [-77.451491, 39.051865], [-77.451532, 39.05218], [-77.45153, 39.052607], [-77.45152, 39.05280900000001], [-77.451455, 39.053429], [-77.451406, 39.053775], [-77.451396, 39.053965], [-77.45138100000001, 39.053971], [-77.45130399999998, 39.05400899999999], [-77.451257, 39.054097], [-77.451229, 39.05415], [-77.451144, 39.05426899999999], [-77.451139, 39.054325], [-77.451066, 39.054901], [-77.450907, 39.05543300000001], [-77.450739, 39.055998], [-77.450666, 39.05620900000001], [-77.450633, 39.056189], [-77.449937, 39.05585], [-77.449766, 39.055765], [-77.448422, 39.055086], [-77.446542, 39.054169], [-77.442104, 39.052004], [-77.441604, 39.051747], [-77.44133599999999, 39.051609], [-77.44125600000001, 39.05156800000001], [-77.44027, 39.051061], [-77.440077, 39.050966], [-77.439473, 39.050667], [-77.436292, 39.049096000000006], [-77.435382, 39.048643000000006], [-77.434877, 39.048363], [-77.434277, 39.04796], [-77.433996, 39.047821], [-77.43251800000002, 39.046765], [-77.43249899999999, 39.046751], [-77.432464, 39.046727], [-77.432516, 39.046688], [-77.432558, 39.046657], [-77.432744, 39.04655499999999], [-77.432801, 39.046516], [-77.43284599999998, 39.046479], [-77.432909, 39.046441], [-77.432954, 39.04641899999999], [-77.433155, 39.04635799999999], [-77.43322300000001, 39.046325], [-77.433271, 39.046288999999994], [-77.43330999999999, 39.04624], [-77.433385, 39.0461], [-77.433435, 39.046053], [-77.433477, 39.046020999999996], [-77.43366899999998, 39.045955], [-77.43382199999999, 39.045925], [-77.433971, 39.045891], [-77.434272, 39.045852], [-77.434383, 39.045833], [-77.43460600000002, 39.045808], [-77.434764, 39.045805], [-77.4349, 39.045811], [-77.435117, 39.04583999999999], [-77.43520900000001, 39.045837], [-77.435299, 39.04582800000001], [-77.43545, 39.045833], [-77.435485, 39.045837], [-77.435526, 39.045861], [-77.43558, 39.04588], [-77.43568, 39.045896], [-77.435805, 39.04591], [-77.435872, 39.04591099999999], [-77.43594900000001, 39.045907], [-77.43607, 39.04592], [-77.43635299999998, 39.045976], [-77.43654800000002, 39.046024], [-77.43693099999999, 39.04609799999999], [-77.43703200000002, 39.046112], [-77.437169, 39.046139], [-77.4377, 39.04622799999999], [-77.437798, 39.046239], [-77.438193, 39.046312], [-77.438539, 39.046363], [-77.438709, 39.04641], [-77.438836, 39.046427], [-77.438962, 39.046453], [-77.439466, 39.046526], [-77.43953099999999, 39.046542], [-77.439971, 39.046602], [-77.44015799999998, 39.046621], [-77.44025900000001, 39.046634], [-77.44045600000001, 39.04667], [-77.44065899999998, 39.046722], [-77.440745, 39.046747999999994], [-77.440823, 39.04675799999999], [-77.44107500000001, 39.046793], [-77.44125600000001, 39.046802], [-77.44134300000002, 39.0468], [-77.441447, 39.046789], [-77.441494, 39.046777], [-77.44154800000001, 39.046757], [-77.44173700000002, 39.046673], [-77.441808, 39.046633], [-77.441881, 39.046575], [-77.442231, 39.046254], [-77.442289, 39.046158], [-77.44231600000002, 39.04609799999999], [-77.442346, 39.045996], [-77.442386, 39.045768], [-77.442462, 39.045502], [-77.442506, 39.045413], [-77.442567, 39.045342], [-77.442622, 39.045288], [-77.44274900000002, 39.04515], [-77.442801, 39.045109], [-77.442844, 39.045064], [-77.442913, 39.045016], [-77.44308000000001, 39.04494], [-77.44316799999999, 39.044893], [-77.443411, 39.044811], [-77.443505, 39.04478999999999], [-77.443686, 39.044767], [-77.44417, 39.044657], [-77.444303, 39.044614], [-77.444531, 39.044567], [-77.4446, 39.044549], [-77.44463, 39.044531], [-77.44466000000001, 39.044493], [-77.444693, 39.04443], [-77.444721, 39.044292], [-77.444723, 39.044213], [-77.44467600000002, 39.044027], [-77.444619, 39.043922], [-77.44453400000002, 39.043732000000006], [-77.444484, 39.04353700000001], [-77.444457, 39.043470000000006], [-77.444395, 39.04327500000001], [-77.44434900000002, 39.043175], [-77.444307, 39.043109], [-77.44423499999999, 39.043042], [-77.444073, 39.042879], [-77.443965, 39.042799], [-77.44386800000001, 39.042736], [-77.44354599999998, 39.042586], [-77.44338799999998, 39.042536], [-77.443104, 39.042471], [-77.442777, 39.042421], [-77.442598, 39.042385], [-77.442528, 39.042364], [-77.44245800000002, 39.042331], [-77.442383, 39.042289], [-77.442208, 39.042214], [-77.442018, 39.042118], [-77.441907, 39.042083], [-77.441807, 39.042064], [-77.441713, 39.042033], [-77.44164299999998, 39.041999], [-77.441464, 39.041929], [-77.441417, 39.041903], [-77.441384, 39.041851], [-77.44124800000002, 39.041811], [-77.441174, 39.04178399999999], [-77.440826, 39.041617], [-77.440676, 39.041553], [-77.440592, 39.04150400000001], [-77.44041, 39.041417], [-77.440296, 39.04137], [-77.440195, 39.041321], [-77.440087, 39.041259], [-77.44001, 39.04122], [-77.439987, 39.041204], [-77.439893, 39.041156], [-77.439825, 39.041112], [-77.439762, 39.041083], [-77.43972700000002, 39.04105500000001], [-77.439563, 39.040959], [-77.439493, 39.040906], [-77.439367, 39.040771], [-77.439229, 39.040604], [-77.439147, 39.040522], [-77.439076, 39.040403000000005], [-77.438903, 39.04015], [-77.438852, 39.04008799999999], [-77.438804, 39.040038], [-77.43873800000001, 39.03998], [-77.438686, 39.039922], [-77.438584, 39.039782], [-77.438533, 39.039685], [-77.438381, 39.039449], [-77.43821800000002, 39.039207], [-77.43797, 39.038897999999996], [-77.437913, 39.038836999999994], [-77.43783300000001, 39.038787], [-77.43774200000001, 39.03874], [-77.43756900000001, 39.038659], [-77.43744, 39.038586], [-77.437382, 39.038549], [-77.43724699999999, 39.03844899999999], [-77.437003, 39.03828], [-77.436877, 39.03817900000001], [-77.43681100000002, 39.038121], [-77.436768, 39.038069], [-77.43653699999999, 39.037853999999996], [-77.43632300000002, 39.03767], [-77.43624199999998, 39.037607], [-77.436125, 39.037502], [-77.43582799999999, 39.037265000000005], [-77.435591, 39.037105], [-77.43549, 39.037024], [-77.43533199999999, 39.036882], [-77.435049, 39.036616], [-77.43491399999999, 39.036472], [-77.434781, 39.036298], [-77.434686, 39.036154], [-77.434613, 39.036068], [-77.434525, 39.035988], [-77.434462, 39.035937], [-77.434317, 39.035775], [-77.434265, 39.03570299999999], [-77.43423200000001, 39.035637], [-77.434214, 39.035556], [-77.434203, 39.035473], [-77.434222, 39.035375], [-77.434246, 39.035301], [-77.434284, 39.035211], [-77.434292, 39.035148], [-77.434324, 39.035051], [-77.43432, 39.034966], [-77.43433000000002, 39.034902], [-77.434364, 39.034847], [-77.434391, 39.034793], [-77.434404, 39.034744], [-77.434404, 39.03472599999999], [-77.43444000000001, 39.034712000000006], [-77.43449999999999, 39.034703], [-77.434534, 39.034682], [-77.434565, 39.034587], [-77.43453500000001, 39.034564], [-77.434567, 39.03454], [-77.43462900000002, 39.034522], [-77.434682, 39.034492], [-77.434722, 39.03446], [-77.434775, 39.034407], [-77.434893, 39.03430800000001], [-77.434947, 39.034252], [-77.435112, 39.034045], [-77.435219, 39.033895], [-77.435336, 39.033774], [-77.435414, 39.033712], [-77.43548, 39.033669999999994], [-77.435556, 39.03363], [-77.435634, 39.033607], [-77.43573399999998, 39.033598], [-77.43594699999998, 39.033598999999995], [-77.436106, 39.033608], [-77.436148, 39.03361499999999], [-77.43624500000001, 39.033669999999994], [-77.43631, 39.033685], [-77.436379, 39.033677], [-77.436462, 39.03366200000001], [-77.436542, 39.03364], [-77.436611, 39.03361499999999], [-77.436687, 39.033574], [-77.436755, 39.03352600000001], [-77.43693499999999, 39.033349], [-77.43704500000001, 39.03322], [-77.437125, 39.033113], [-77.437174, 39.033029], [-77.437207, 39.032923], [-77.43728, 39.032731], [-77.43732899999999, 39.032681], [-77.437365, 39.03262599999999], [-77.437422, 39.032415], [-77.43743099999999, 39.032288], [-77.43743, 39.032151], [-77.437398, 39.03166], [-77.4374, 39.031524], [-77.437379, 39.031403], [-77.43735, 39.031354], [-77.437284, 39.031301], [-77.437237, 39.031256], [-77.43711199999998, 39.031165], [-77.436929, 39.031003], [-77.436898, 39.030954], [-77.43689, 39.030909], [-77.436891, 39.03086], [-77.436902, 39.030809], [-77.436928, 39.030768], [-77.43707, 39.030648], [-77.437088, 39.030625], [-77.437097, 39.030592999999996], [-77.43707, 39.030515], [-77.437107, 39.03053799999999], [-77.43712799999999, 39.030564], [-77.437161, 39.03058], [-77.437205, 39.030574], [-77.43734000000002, 39.030508], [-77.437425, 39.03047099999999], [-77.437605, 39.030426], [-77.437804, 39.030393], [-77.437905, 39.030371], [-77.43802199999999, 39.030352], [-77.438131, 39.030346], [-77.43825000000001, 39.030346], [-77.43834500000001, 39.030354], [-77.438496, 39.030379], [-77.43867, 39.030425], [-77.438843, 39.030486], [-77.438912, 39.030515], [-77.438987, 39.030537], [-77.439389, 39.030578], [-77.43957, 39.030621], [-77.43964900000002, 39.030647], [-77.439719, 39.030678], [-77.439796, 39.030696], [-77.439879, 39.030702], [-77.439991, 39.030692], [-77.44006200000001, 39.030677], [-77.440101, 39.03066200000001], [-77.440137, 39.030637], [-77.440176, 39.03059699999999], [-77.44025999999998, 39.030525], [-77.440414, 39.030343], [-77.44046199999998, 39.030273], [-77.440515, 39.03017], [-77.440546, 39.030095], [-77.440624, 39.029958], [-77.440692, 39.029855], [-77.440763, 39.029713], [-77.440852, 39.029505], [-77.440881, 39.029454], [-77.440936, 39.029318], [-77.440965, 39.02923199999999], [-77.440979, 39.029132], [-77.440982, 39.028960000000005], [-77.440976, 39.028837], [-77.44095300000001, 39.028756], [-77.440931, 39.028701], [-77.44091399999999, 39.028672], [-77.440904, 39.028639000000005], [-77.440883, 39.028612], [-77.440786, 39.028397], [-77.44077200000001, 39.028349], [-77.440701, 39.028177], [-77.44066999999998, 39.028076], [-77.439292, 39.028019], [-77.43771, 39.02795], [-77.436534, 39.027931], [-77.43632899999999, 39.02792399999999], [-77.434722, 39.027919999999995], [-77.433655, 39.027910000000006], [-77.432033, 39.027907], [-77.431478, 39.027891], [-77.43125, 39.027885], [-77.431252, 39.027608], [-77.431252, 39.027589000000006], [-77.431253, 39.027504], [-77.43125499999998, 39.027269], [-77.431266, 39.025829], [-77.431276, 39.024387999999995], [-77.43138, 39.021462], [-77.431407, 39.021156], [-77.431442, 39.02078], [-77.43150900000002, 39.020226], [-77.43162399999999, 39.019423], [-77.431801, 39.01848], [-77.43211, 39.016973], [-77.43212400000002, 39.016904], [-77.431955, 39.016876], [-77.431854, 39.016879], [-77.431735, 39.01686], [-77.431595, 39.016811], [-77.431487, 39.016759], [-77.43143400000001, 39.016738999999994], [-77.431283, 39.016719], [-77.431203, 39.016694], [-77.431161, 39.016693], [-77.431001, 39.016663], [-77.430923, 39.016637], [-77.430884, 39.016602999999996], [-77.430855, 39.016558], [-77.43081, 39.016526], [-77.430766, 39.016502], [-77.43074199999998, 39.016472], [-77.43070500000002, 39.016448], [-77.430626, 39.01643], [-77.430544, 39.016432], [-77.43051399999999, 39.016439], [-77.430452, 39.016468], [-77.430354, 39.016558], [-77.430267, 39.01661299999999], [-77.430235, 39.016627], [-77.430192, 39.016639], [-77.43013999999998, 39.016644], [-77.430085, 39.016638], [-77.430041, 39.016621], [-77.42995, 39.0166], [-77.429863, 39.01661], [-77.429826, 39.016624], [-77.42978799999999, 39.016628], [-77.429683, 39.016605000000006], [-77.429557, 39.016566], [-77.429465, 39.016558], [-77.429427, 39.016563], [-77.429029, 39.016685], [-77.428896, 39.016735000000004], [-77.428776, 39.016794], [-77.428676, 39.01685100000001], [-77.428534, 39.016912], [-77.428485, 39.016945], [-77.42842899999998, 39.016994], [-77.428394, 39.01700499999999], [-77.428355, 39.01700099999999], [-77.42832200000001, 39.016987], [-77.428214, 39.016957], [-77.428057, 39.016913], [-77.427972, 39.016864], [-77.428029, 39.016809], [-77.427996, 39.01679600000001], [-77.427959, 39.016775], [-77.427935, 39.016744], [-77.42791600000001, 39.016643], [-77.427883, 39.016582], [-77.42783800000001, 39.01652800000001], [-77.42781499999998, 39.016449], [-77.427817, 39.016319], [-77.427836, 39.016211000000006], [-77.427837, 39.016104], [-77.427812, 39.01601599999999], [-77.427746, 39.015868], [-77.427685, 39.015698], [-77.42768, 39.015658], [-77.427659, 39.015588], [-77.42762, 39.01536000000001], [-77.427619, 39.015321], [-77.42760500000001, 39.015285], [-77.427576, 39.015245], [-77.42753400000001, 39.015212], [-77.427494, 39.015173000000004], [-77.427365, 39.015069], [-77.42730599999999, 39.015035000000005], [-77.427214, 39.01496000000001], [-77.427029, 39.014863], [-77.426879, 39.014803], [-77.42684, 39.014788], [-77.426775, 39.01477], [-77.42661, 39.014738], [-77.426435, 39.014685], [-77.426391, 39.01466], [-77.426304, 39.014597], [-77.426231, 39.014535], [-77.42616700000002, 39.014492], [-77.426106, 39.014434], [-77.426095, 39.014416], [-77.426075, 39.014401], [-77.426023, 39.014275], [-77.426023, 39.014208], [-77.42602999999998, 39.014183], [-77.426063, 39.014116], [-77.42606099999999, 39.013908], [-77.426046, 39.013876], [-77.426028, 39.013796000000006], [-77.42601, 39.013755], [-77.425985, 39.013675], [-77.425958, 39.013615], [-77.425909, 39.013428], [-77.42590399999999, 39.01338], [-77.425867, 39.013295], [-77.425839, 39.013243], [-77.425834, 39.013182], [-77.425844, 39.013162], [-77.425839, 39.013138000000005], [-77.425823, 39.013116], [-77.425808, 39.013054], [-77.425814, 39.013001], [-77.425841, 39.012934], [-77.425854, 39.012873], [-77.425857, 39.012808], [-77.425883, 39.012747999999995], [-77.425882, 39.012613], [-77.42585199999999, 39.012550999999995], [-77.42584, 39.012471], [-77.42578599999999, 39.012361], [-77.425711, 39.012252], [-77.425697, 39.012182], [-77.425682, 39.012147], [-77.425622, 39.012063], [-77.425611, 39.012023000000006], [-77.425618, 39.0119], [-77.425642, 39.011859], [-77.425643, 39.011831], [-77.42558300000002, 39.011744], [-77.425563, 39.011672], [-77.425535, 39.011613], [-77.425464, 39.011551], [-77.42542, 39.011531], [-77.42538700000001, 39.011496], [-77.425356, 39.011433], [-77.425299, 39.011394], [-77.42527200000002, 39.011382], [-77.425212, 39.011374], [-77.425187, 39.011364], [-77.425143, 39.01133], [-77.425091, 39.011274], [-77.424967, 39.011173], [-77.42483199999998, 39.011106], [-77.42477, 39.011061], [-77.424754, 39.011035], [-77.424721, 39.011002], [-77.4247, 39.010968], [-77.424616, 39.010869], [-77.424579, 39.01083700000001], [-77.424518, 39.010812], [-77.424467, 39.01077200000001], [-77.42431, 39.01071300000001], [-77.42427, 39.010706], [-77.424177, 39.010706], [-77.42410399999999, 39.010716], [-77.42407, 39.01072899999999], [-77.42402099999998, 39.010739], [-77.42380700000001, 39.010688], [-77.42374, 39.010678], [-77.42369, 39.010682], [-77.423619, 39.010681], [-77.423524, 39.010685], [-77.423481, 39.01068], [-77.423411, 39.010653999999995], [-77.423362, 39.010645], [-77.42327599999999, 39.010638], [-77.423172, 39.01064], [-77.42301199999999, 39.010628], [-77.422928, 39.010629], [-77.422862, 39.010629], [-77.422719, 39.010662], [-77.422641, 39.01071300000001], [-77.422572, 39.010769], [-77.42251100000001, 39.01086], [-77.422497, 39.010898], [-77.422491, 39.01093], [-77.42246, 39.010965], [-77.42241699999998, 39.010963], [-77.422312, 39.010895], [-77.42225, 39.01083700000001], [-77.422231, 39.010877], [-77.422064, 39.01083], [-77.421962, 39.010801], [-77.42182, 39.010794000000004], [-77.421859, 39.01071300000001], [-77.42175499999999, 39.010697], [-77.421687, 39.010673], [-77.421512, 39.010592], [-77.42137699999999, 39.010565], [-77.42127099999999, 39.01056], [-77.42118399999998, 39.010536], [-77.421115, 39.010523], [-77.421058, 39.010478], [-77.420973, 39.010377], [-77.420937, 39.010318], [-77.420902, 39.01028199999999], [-77.42087100000002, 39.010269], [-77.420843, 39.010249], [-77.420788, 39.01019899999999], [-77.420718, 39.010065], [-77.420672, 39.010001], [-77.420657, 39.009936], [-77.420623, 39.009873], [-77.42062, 39.009855], [-77.42059200000001, 39.009802], [-77.420576, 39.009726], [-77.420512, 39.009573], [-77.42050200000001, 39.009529], [-77.420505, 39.009416], [-77.42047899999999, 39.009296], [-77.420451, 39.009217], [-77.42040799999998, 39.009124], [-77.42037199999999, 39.009068], [-77.420354, 39.009022], [-77.420352, 39.008983], [-77.420404, 39.008854], [-77.42040300000001, 39.00882000000001], [-77.420385, 39.00879], [-77.420332, 39.008752], [-77.420328, 39.008689], [-77.420332, 39.008615], [-77.420351, 39.008557], [-77.420428, 39.008445], [-77.420481, 39.008411], [-77.420566, 39.008376], [-77.420665, 39.008300000000006], [-77.420902, 39.008151], [-77.420956, 39.008086], [-77.42097499999998, 39.008073], [-77.42098600000001, 39.008057], [-77.421037, 39.007939], [-77.42108800000001, 39.007858], [-77.421126, 39.00777200000001], [-77.42113, 39.007728], [-77.421122, 39.007694], [-77.42110599999998, 39.007659], [-77.42109699999999, 39.007603], [-77.421061, 39.00753199999999], [-77.421029, 39.007445], [-77.42102, 39.007409], [-77.421018, 39.007357], [-77.421025, 39.007256000000005], [-77.421025, 39.007224], [-77.421027, 39.007198], [-77.421063, 39.00709], [-77.420954, 39.007113], [-77.420422, 39.007224], [-77.4203, 39.007249], [-77.420249, 39.007259999999995], [-77.4196, 39.007391], [-77.419109, 39.007473], [-77.418816, 39.00751400000001], [-77.41878099999998, 39.007519], [-77.418542, 39.00753], [-77.418498, 39.007632], [-77.41846900000002, 39.007692], [-77.418317, 39.007956], [-77.418093, 39.008323], [-77.417239, 39.009686], [-77.41670499999998, 39.01053], [-77.416243, 39.01127], [-77.41607399999998, 39.011512], [-77.415977, 39.011627], [-77.41586999999998, 39.011739], [-77.415652, 39.011953], [-77.415626, 39.011977], [-77.415224, 39.012343], [-77.41508099999999, 39.01247200000001], [-77.414867, 39.012685000000005], [-77.41456999999998, 39.013024], [-77.413726, 39.014123000000005], [-77.412787, 39.015345], [-77.412316, 39.01595699999999], [-77.411144, 39.017491], [-77.41032900000002, 39.018548], [-77.408876, 39.020461999999995], [-77.408843, 39.020499], [-77.40844, 39.021014], [-77.40824599999999, 39.021243], [-77.408142, 39.021354], [-77.40803200000002, 39.02145699999999], [-77.407821, 39.021672], [-77.407186, 39.0224], [-77.40687099999998, 39.022343], [-77.406699, 39.02232], [-77.40635899999998, 39.022301], [-77.406181, 39.022302], [-77.406005, 39.022315], [-77.405832, 39.022336], [-77.405663, 39.02237], [-77.405497, 39.022414], [-77.405288, 39.02248], [-77.404685, 39.022575], [-77.40442499999999, 39.022589], [-77.40423400000002, 39.022574], [-77.404016, 39.022546], [-77.40342799999999, 39.02238], [-77.403121, 39.022275], [-77.402753, 39.022174], [-77.40209, 39.022005], [-77.39957799999999, 39.021564], [-77.399191, 39.021553], [-77.398958, 39.02158], [-77.397963, 39.021723], [-77.397524, 39.021781], [-77.397134, 39.021825], [-77.396654, 39.021912], [-77.396391, 39.021996], [-77.39598899999999, 39.022155999999995], [-77.395338, 39.022432], [-77.394818, 39.02261], [-77.394459, 39.022729], [-77.394262, 39.022795], [-77.393975, 39.022923], [-77.393738, 39.023052], [-77.39354299999998, 39.023181], [-77.39336499999999, 39.02333600000001], [-77.392962, 39.023716], [-77.39252, 39.024196], [-77.391704, 39.02504199999999], [-77.391238, 39.024771], [-77.389528, 39.023863], [-77.389157, 39.023666], [-77.38768700000001, 39.022901], [-77.384994, 39.021454], [-77.384865, 39.02137999999999], [-77.384458, 39.021155], [-77.38288100000001, 39.02031800000001], [-77.381505, 39.0196], [-77.380869, 39.019273], [-77.38023399999999, 39.018917], [-77.37884399999999, 39.018186], [-77.378216, 39.01785999999999], [-77.377798, 39.017628], [-77.37632199999999, 39.016847], [-77.375433, 39.016372], [-77.37483699999999, 39.016064], [-77.374296, 39.015788], [-77.373855, 39.015564], [-77.373559, 39.01542], [-77.373156, 39.015213], [-77.372624, 39.01494], [-77.372026, 39.014634], [-77.371512, 39.014366], [-77.371408, 39.014312], [-77.371316, 39.014265], [-77.371103, 39.01448], [-77.37091, 39.014379000000005], [-77.370801, 39.01432199999999], [-77.370785, 39.014312], [-77.370618, 39.014223], [-77.370373, 39.014093], [-77.369409, 39.01360499999999], [-77.368658, 39.013224], [-77.368567, 39.01318], [-77.367748, 39.01281899999999], [-77.364004, 39.010853000000004], [-77.363889, 39.010761], [-77.363757, 39.010694], [-77.363421, 39.010505], [-77.361451, 39.009416], [-77.360357, 39.008811], [-77.36021600000001, 39.008733], [-77.35929400000002, 39.008228], [-77.357834, 39.007393], [-77.35617400000001, 39.006443], [-77.355243, 39.005909], [-77.354034, 39.005239], [-77.35314800000002, 39.004747], [-77.34997799999998, 39.003002], [-77.345973, 39.001012], [-77.345341, 39.000694], [-77.34523700000001, 39.00064100000001], [-77.343785, 38.999906], [-77.343321, 38.999616], [-77.342594, 38.999114], [-77.341465, 38.998325], [-77.340418, 38.997595], [-77.33952199999999, 38.99694199999999], [-77.33844500000001, 38.99619700000001], [-77.338084, 38.995948], [-77.337218, 38.995363], [-77.336874, 38.995099999999994], [-77.33638, 38.994728], [-77.336265, 38.994648], [-77.33553399999998, 38.994136], [-77.33492399999999, 38.993724], [-77.333234, 38.992528], [-77.332392, 38.991872], [-77.33083399999998, 38.990658], [-77.330477, 38.990375], [-77.330276, 38.990198], [-77.329546, 38.98966300000001], [-77.329357, 38.989546], [-77.32870699999998, 38.989159], [-77.328153, 38.988841], [-77.327936, 38.988718], [-77.326461, 38.987872], [-77.325761, 38.987467], [-77.32495500000002, 38.986999], [-77.324743, 38.986861], [-77.324576, 38.986748], [-77.324441, 38.986644], [-77.324082, 38.986379], [-77.32385, 38.986181], [-77.323583, 38.985941999999994], [-77.323299, 38.985666], [-77.32305299999999, 38.985419], [-77.322829, 38.98515200000001], [-77.322525, 38.984746], [-77.322133, 38.984223], [-77.320806, 38.982292], [-77.320353, 38.98167], [-77.319901, 38.981122], [-77.31957700000001, 38.980764], [-77.31923, 38.980433], [-77.318835, 38.980085], [-77.318624, 38.979891], [-77.318096, 38.979484], [-77.317588, 38.979123], [-77.317062, 38.978789], [-77.316871, 38.978688999999996], [-77.31640999999999, 38.978436], [-77.315955, 38.978196], [-77.315141, 38.977778], [-77.31412400000002, 38.97731400000001], [-77.313048, 38.97693799999999], [-77.31018, 38.976107], [-77.307081, 38.975225], [-77.305678, 38.974818], [-77.304964, 38.974565], [-77.304534, 38.974393], [-77.303983, 38.974131], [-77.303757, 38.974018], [-77.30292000000001, 38.97353799999999], [-77.302062, 38.97305500000001], [-77.300968, 38.972432], [-77.29828799999999, 38.970916], [-77.297682, 38.970548], [-77.29649899999998, 38.969887], [-77.29640400000001, 38.969833], [-77.293592, 38.968247], [-77.292852, 38.967901999999995], [-77.292601, 38.967799], [-77.292409, 38.967724], [-77.292167, 38.967639], [-77.291411, 38.967358], [-77.28997000000001, 38.966842], [-77.287922, 38.966117], [-77.287861, 38.966095], [-77.287799, 38.966075], [-77.287771, 38.966133000000006], [-77.287727, 38.966248], [-77.287701, 38.966293], [-77.28767300000001, 38.966325999999995], [-77.287426, 38.966522], [-77.287364, 38.966559], [-77.287295, 38.966577], [-77.28718500000001, 38.966577], [-77.28714999999998, 38.966569], [-77.287125, 38.966546], [-77.28708299999998, 38.96653499999999], [-77.286966, 38.966536], [-77.286882, 38.966544], [-77.286804, 38.96657], [-77.286769, 38.966592000000006], [-77.28672, 38.966633], [-77.286703, 38.966678], [-77.286712, 38.96672999999999], [-77.286688, 38.966752], [-77.286554, 38.966804], [-77.286423, 38.966849], [-77.28636699999998, 38.966883], [-77.28625, 38.96693299999999], [-77.286178, 38.966941], [-77.286124, 38.966956], [-77.286007, 38.96703], [-77.28597199999999, 38.96704100000001], [-77.285825, 38.967043], [-77.28578299999998, 38.96704], [-77.285701, 38.967023], [-77.28562099999999, 38.967011], [-77.285596, 38.967015], [-77.285572, 38.967042], [-77.285559, 38.967089], [-77.28553, 38.967119999999994], [-77.285481, 38.967134], [-77.285457, 38.967153], [-77.285431, 38.967207], [-77.285407, 38.96729], [-77.28535799999999, 38.967414], [-77.2853, 38.967517], [-77.285272, 38.967543], [-77.285256, 38.967612], [-77.28523500000001, 38.967789], [-77.28524, 38.967891], [-77.285231, 38.967937], [-77.285178, 38.967999], [-77.285143, 38.968016], [-77.285093, 38.968025999999995], [-77.285035, 38.968031], [-77.28496600000001, 38.968059], [-77.284916, 38.968067], [-77.284831, 38.968073], [-77.28478600000001, 38.968063], [-77.284764, 38.968045], [-77.284725, 38.968028], [-77.284676, 38.968017], [-77.28458, 38.967957], [-77.284559, 38.967932], [-77.28455399999999, 38.967899], [-77.284592, 38.967868], [-77.28462499999999, 38.967852], [-77.284642, 38.96782900000001], [-77.28464700000002, 38.967801], [-77.284682, 38.967724], [-77.284677, 38.967692], [-77.284646, 38.967661], [-77.284539, 38.967578], [-77.284499, 38.967562], [-77.284454, 38.967581], [-77.284406, 38.967587], [-77.28433, 38.967557], [-77.28427799999999, 38.967552], [-77.28423, 38.96756100000001], [-77.28412399999999, 38.967558], [-77.284063, 38.967546], [-77.284013, 38.967553], [-77.283908, 38.967581], [-77.283874, 38.967597], [-77.283745, 38.967628], [-77.283699, 38.967674], [-77.283679, 38.967763999999995], [-77.283678, 38.967837], [-77.28366299999999, 38.968018], [-77.283642, 38.968056], [-77.283628, 38.968141], [-77.28363500000002, 38.968183], [-77.28365599999998, 38.968251], [-77.283694, 38.968311], [-77.283719, 38.968367], [-77.28369499999998, 38.968428], [-77.28364300000001, 38.968474], [-77.283574, 38.968503], [-77.28347400000001, 38.968527], [-77.283418, 38.968549], [-77.283321, 38.968566], [-77.28322, 38.968572], [-77.28315999999998, 38.968587], [-77.28311, 38.968616], [-77.283042, 38.968643], [-77.282993, 38.968674], [-77.282849, 38.968742], [-77.282802, 38.968769], [-77.28274499999999, 38.96879], [-77.282631, 38.96881], [-77.282529, 38.968801], [-77.282423, 38.968797], [-77.28236700000001, 38.968787], [-77.282293, 38.96878], [-77.28222800000002, 38.968818000000006], [-77.28216, 38.968845], [-77.28213, 38.968852], [-77.282106, 38.968857], [-77.281992, 38.968837], [-77.281908, 38.968842], [-77.281813, 38.96884], [-77.28171, 38.968822], [-77.281648, 38.968784], [-77.281606, 38.968775], [-77.281521, 38.968702], [-77.281483, 38.968681999999994], [-77.28144100000002, 38.968644], [-77.281411, 38.968608], [-77.281345, 38.968560000000004], [-77.28120800000002, 38.968477], [-77.281151, 38.968465], [-77.281092, 38.968463], [-77.28102, 38.968472], [-77.280978, 38.968501], [-77.28094000000002, 38.968513], [-77.280878, 38.96851], [-77.280853, 38.968509], [-77.28077999999998, 38.968512], [-77.28073, 38.968519], [-77.280681, 38.968535], [-77.280592, 38.968603], [-77.280586, 38.968632], [-77.280494, 38.968716], [-77.28047, 38.968729], [-77.28044099999998, 38.968752], [-77.280396, 38.968777], [-77.28037, 38.968798], [-77.280329, 38.96880600000001], [-77.280294, 38.9688], [-77.280268, 38.968787], [-77.28027, 38.968754999999994], [-77.28027900000001, 38.968725], [-77.280274, 38.968696], [-77.280246, 38.968658], [-77.280226, 38.968642], [-77.280201, 38.96863], [-77.28015399999998, 38.968618], [-77.28011700000002, 38.96862], [-77.280057, 38.968638], [-77.28002200000002, 38.968664], [-77.280004, 38.96869], [-77.279979, 38.968742999999996], [-77.27994399999999, 38.968778], [-77.279886, 38.968786], [-77.279864, 38.968809], [-77.279784, 38.968952], [-77.279729, 38.96908199999999], [-77.2797, 38.969172], [-77.27967600000001, 38.969274], [-77.27964599999999, 38.969309], [-77.27962899999999, 38.969345], [-77.279602, 38.969385], [-77.279582, 38.969437], [-77.279565, 38.969508], [-77.279541, 38.969549], [-77.279498, 38.969575], [-77.279458, 38.969592], [-77.279426, 38.969617], [-77.279391, 38.969657], [-77.279376, 38.969675], [-77.27936599999998, 38.969701], [-77.27936499999998, 38.969733], [-77.279387, 38.969807], [-77.279413, 38.969843], [-77.27943500000002, 38.969865], [-77.279492, 38.969972], [-77.279508, 38.970018], [-77.27954, 38.970072], [-77.27961600000002, 38.970143], [-77.279677, 38.970282], [-77.279694, 38.970334], [-77.279679, 38.970421], [-77.27968, 38.97046], [-77.279699, 38.970501], [-77.279784, 38.970619], [-77.27981399999999, 38.970654], [-77.279856, 38.970716], [-77.279883, 38.970742], [-77.279965, 38.970796], [-77.280003, 38.970839000000005], [-77.280101, 38.970984], [-77.280121, 38.971006], [-77.28021, 38.971098999999995], [-77.280234, 38.971141], [-77.28023999999999, 38.971194], [-77.28023599999999, 38.97124699999999], [-77.28021999999999, 38.971332], [-77.280173, 38.971451], [-77.28012999999999, 38.971505], [-77.280085, 38.971534], [-77.279929, 38.971591], [-77.27962099999999, 38.971668], [-77.279483, 38.971683], [-77.279362, 38.971665], [-77.27925, 38.971659], [-77.279192, 38.97162899999999], [-77.279194, 38.971567], [-77.279186, 38.97149], [-77.279172, 38.97145], [-77.279151, 38.971413], [-77.279107, 38.971362], [-77.279067, 38.971342], [-77.27903099999999, 38.971258], [-77.278986, 38.971204], [-77.278969, 38.971163], [-77.278887, 38.97111], [-77.278809, 38.971092], [-77.278685, 38.971055], [-77.278574, 38.970986], [-77.278418, 38.97093], [-77.27834599999998, 38.970891], [-77.27823499999998, 38.970856], [-77.278193, 38.970812], [-77.27810700000002, 38.970752], [-77.278004, 38.970696], [-77.277907, 38.97065599999999], [-77.27779, 38.970648000000004], [-77.27773899999998, 38.970648000000004], [-77.277633, 38.97066199999999], [-77.27754199999998, 38.970707], [-77.27749300000002, 38.970747], [-77.277482, 38.970867], [-77.27749, 38.970952], [-77.27754499999999, 38.971068], [-77.27757, 38.971107], [-77.277593, 38.971175], [-77.277601, 38.97122300000001], [-77.277605, 38.97128800000001], [-77.277598, 38.971346], [-77.277575, 38.971396], [-77.277546, 38.971441], [-77.277507, 38.971489], [-77.27747000000001, 38.971518], [-77.277375, 38.971569], [-77.277311, 38.971593], [-77.277246, 38.971607], [-77.277115, 38.971604], [-77.276932, 38.971628], [-77.276818, 38.971664], [-77.27674, 38.971711], [-77.276693, 38.971731], [-77.276676, 38.97174900000001], [-77.276698, 38.97189099999999], [-77.27671, 38.971939], [-77.27673600000001, 38.971995], [-77.276778, 38.972045], [-77.27687, 38.972107], [-77.276899, 38.972133], [-77.27691899999999, 38.97215899999999], [-77.276937, 38.97220800000001], [-77.27696, 38.972296], [-77.276952, 38.972333], [-77.27694600000001, 38.972363], [-77.276918, 38.972401], [-77.27682499999999, 38.972501], [-77.27673700000001, 38.972567], [-77.276689, 38.972597], [-77.276546, 38.972728], [-77.276411, 38.972842], [-77.276381, 38.972891], [-77.27632399999999, 38.972938], [-77.276266, 38.973015], [-77.27622500000001, 38.973052], [-77.276159, 38.973133], [-77.276164, 38.973168], [-77.276181, 38.973216], [-77.276184, 38.97324], [-77.27622800000002, 38.973308], [-77.27618, 38.973345], [-77.276128, 38.973361], [-77.275946, 38.973386], [-77.27583100000001, 38.973389], [-77.275758, 38.973381], [-77.275734, 38.973366], [-77.27570499999999, 38.973359], [-77.275653, 38.973383], [-77.275549, 38.973418], [-77.275502, 38.973438], [-77.275397, 38.973499], [-77.275268, 38.973559], [-77.275211, 38.973592], [-77.27516199999998, 38.973626], [-77.275056, 38.973734], [-77.275022, 38.973759], [-77.274977, 38.973775], [-77.27491699999999, 38.973786000000004], [-77.27481099999999, 38.973823], [-77.274678, 38.973834], [-77.27462500000001, 38.97383], [-77.274553, 38.973831], [-77.274498, 38.973824], [-77.27442400000001, 38.973796], [-77.274372, 38.973783], [-77.274329, 38.973755], [-77.27422499999999, 38.97366399999999], [-77.274151, 38.973613], [-77.274132, 38.973594], [-77.274062, 38.973485], [-77.274055, 38.973413], [-77.274075, 38.973359], [-77.274098, 38.97332], [-77.27411200000002, 38.973282], [-77.274154, 38.973241], [-77.274198, 38.97321], [-77.274286, 38.973192], [-77.274364, 38.973154], [-77.27443200000002, 38.973109], [-77.27447, 38.973069], [-77.274491, 38.97301199999999], [-77.274454, 38.972877], [-77.27442800000001, 38.972857], [-77.27440899999999, 38.972825], [-77.274367, 38.97272], [-77.274342, 38.972672], [-77.27431000000001, 38.972623], [-77.274259, 38.972587], [-77.274242, 38.972572], [-77.274217, 38.972548999999994], [-77.274214, 38.972487], [-77.27421999999999, 38.972422], [-77.274238, 38.972333], [-77.27425, 38.97228], [-77.274287, 38.97221], [-77.27434999999998, 38.972044], [-77.27437, 38.97201], [-77.274396, 38.971992], [-77.27445299999998, 38.971965], [-77.274492, 38.971929], [-77.274419, 38.971949], [-77.274385, 38.971942], [-77.27441600000002, 38.971882], [-77.2744, 38.97180800000001], [-77.274382, 38.97163], [-77.274337, 38.971569], [-77.27424300000001, 38.971528], [-77.27413600000001, 38.971468], [-77.273965, 38.971417], [-77.27389699999999, 38.971404], [-77.27381799999999, 38.971337], [-77.273756, 38.971303], [-77.27373, 38.971236999999995], [-77.273714, 38.971178], [-77.273692, 38.97112], [-77.273664, 38.971074], [-77.27362999999998, 38.971043], [-77.27359799999999, 38.97103], [-77.273574, 38.97102], [-77.273543, 38.970947], [-77.273482, 38.970882], [-77.27341500000001, 38.97082900000001], [-77.27331799999999, 38.970801], [-77.27321599999999, 38.970828], [-77.273155, 38.970856], [-77.2731, 38.970892], [-77.273076, 38.970935], [-77.272953, 38.970972], [-77.272867, 38.970997], [-77.272691, 38.971066], [-77.272669, 38.97111099999999], [-77.272639, 38.971134], [-77.272594, 38.971143], [-77.27251799999999, 38.97117999999999], [-77.27242399999999, 38.971207], [-77.272216, 38.971249], [-77.272137, 38.971282], [-77.271933, 38.971382], [-77.271777, 38.971442], [-77.271628, 38.971529], [-77.271555, 38.971563999999994], [-77.271477, 38.971582], [-77.271388, 38.971581], [-77.271264, 38.971593], [-77.271263, 38.97163], [-77.271242, 38.971687], [-77.27111900000001, 38.97168], [-77.271023, 38.971642], [-77.27089, 38.971628], [-77.270745, 38.971636], [-77.27062600000001, 38.971614], [-77.270494, 38.9716], [-77.27039099999999, 38.971577], [-77.270306, 38.971563999999994], [-77.270001, 38.971541], [-77.26994899999998, 38.971551], [-77.26990999999998, 38.971547], [-77.269885, 38.971544], [-77.269861, 38.971541], [-77.269786, 38.97153], [-77.269672, 38.971506], [-77.269442, 38.97147], [-77.26933499999998, 38.971445], [-77.26921999999999, 38.971412], [-77.269147, 38.971396], [-77.268857, 38.97130799999999], [-77.268735, 38.971261], [-77.268667, 38.971224], [-77.268535, 38.971136], [-77.268484, 38.971095], [-77.268359, 38.971015], [-77.268283, 38.97098499999999], [-77.26813799999998, 38.97094], [-77.268084, 38.970913], [-77.268027, 38.970894], [-77.26797099999999, 38.970887], [-77.267804, 38.970845000000004], [-77.26774299999998, 38.970811], [-77.267676, 38.97079], [-77.26749499999998, 38.970793], [-77.267434, 38.970814], [-77.267329, 38.970824], [-77.267265, 38.970856], [-77.267198, 38.970882], [-77.26710400000002, 38.970877], [-77.266995, 38.97084], [-77.26693100000001, 38.970805], [-77.26680800000001, 38.97078799999999], [-77.266721, 38.97076400000001], [-77.26662300000001, 38.97076], [-77.266548, 38.970745], [-77.266426, 38.97072699999999], [-77.266355, 38.970722], [-77.266271, 38.97072099999999], [-77.26620600000001, 38.970735], [-77.26611100000001, 38.970789], [-77.266036, 38.970823], [-77.265953, 38.970851], [-77.265877, 38.970904], [-77.265724, 38.970971000000006], [-77.265658, 38.971006], [-77.26547, 38.971089], [-77.265401, 38.971132], [-77.265314, 38.971206], [-77.265273, 38.97122900000001], [-77.265055, 38.971265], [-77.265003, 38.971283], [-77.26492299999998, 38.971329], [-77.264805, 38.971365000000006], [-77.264667, 38.971393], [-77.264313, 38.971489], [-77.264129, 38.97156], [-77.264041, 38.97161], [-77.263982, 38.97165], [-77.263923, 38.97170599999999], [-77.26386100000002, 38.971778], [-77.26371, 38.971924], [-77.263661, 38.971978], [-77.263584, 38.972048], [-77.263436, 38.97216], [-77.263311, 38.97226700000001], [-77.263215, 38.972394], [-77.26316400000002, 38.972551], [-77.263115, 38.972633], [-77.26295599999999, 38.97286], [-77.262945, 38.972909], [-77.262978, 38.973077], [-77.262971, 38.973172], [-77.26295999999999, 38.973232], [-77.262907, 38.973284], [-77.262825, 38.97334], [-77.262734, 38.973356], [-77.262506, 38.973369], [-77.262411, 38.973366], [-77.26234099999999, 38.973351], [-77.26230100000001, 38.973326], [-77.26212, 38.97326399999999], [-77.261694, 38.973165], [-77.261639, 38.973155], [-77.261492, 38.973119], [-77.261327, 38.973107], [-77.260936, 38.973113], [-77.26078, 38.973142], [-77.260631, 38.97318], [-77.260519, 38.973236], [-77.260407, 38.973283], [-77.260314, 38.97333], [-77.260215, 38.973372], [-77.260166, 38.973411], [-77.26002099999998, 38.973575], [-77.25989599999998, 38.973696], [-77.259805, 38.973757], [-77.259735, 38.973795], [-77.25967399999999, 38.973839], [-77.259614, 38.973873], [-77.25957599999998, 38.973887], [-77.25954399999999, 38.973906], [-77.25947399999998, 38.973966], [-77.259408, 38.973992], [-77.259294, 38.974049], [-77.25927999999999, 38.974075], [-77.25927999999999, 38.974116], [-77.259273, 38.974156], [-77.259249, 38.974205], [-77.259226, 38.974236], [-77.259208, 38.97427], [-77.259143, 38.974356], [-77.259101, 38.974398], [-77.25907999999998, 38.97444999999999], [-77.259039, 38.974465], [-77.259005, 38.974461], [-77.258959, 38.974464], [-77.258729, 38.97450499999999], [-77.258527, 38.974565], [-77.25848899999998, 38.974571], [-77.258437, 38.974587], [-77.25837800000001, 38.974615], [-77.258261, 38.974643], [-77.258211, 38.974662], [-77.25814800000002, 38.97468], [-77.258111, 38.974701], [-77.258072, 38.974717], [-77.25797699999998, 38.974721], [-77.257923, 38.974734], [-77.257872, 38.974738], [-77.257841, 38.974756], [-77.25779099999998, 38.974769], [-77.257741, 38.974771000000004], [-77.257686, 38.974768], [-77.257564, 38.974777], [-77.257518, 38.974784], [-77.25746799999999, 38.974799], [-77.257423, 38.97479], [-77.25730299999998, 38.974727], [-77.257251, 38.974695], [-77.25719600000001, 38.974673], [-77.257144, 38.974645], [-77.25698700000001, 38.974526], [-77.256936, 38.974494], [-77.256852, 38.974424], [-77.256772, 38.974364], [-77.256701, 38.97429000000001], [-77.256662, 38.974242], [-77.25653, 38.974135], [-77.256487, 38.974106], [-77.256374, 38.974048], [-77.25634, 38.974023], [-77.25624, 38.973974], [-77.25621100000001, 38.973968], [-77.25616, 38.973969], [-77.256107, 38.97397], [-77.25606199999999, 38.97397900000001], [-77.255969, 38.974014], [-77.255946, 38.974019], [-77.255867, 38.973988], [-77.255816, 38.97398499999999], [-77.255767, 38.973993], [-77.255724, 38.974013], [-77.255683, 38.974043], [-77.255661, 38.974083], [-77.255619, 38.97411699999999], [-77.25557200000002, 38.974195], [-77.255535, 38.974299], [-77.255501, 38.974346], [-77.25538799999998, 38.97444599999999], [-77.25526900000001, 38.974604], [-77.25515, 38.974864], [-77.25511, 38.974941], [-77.255062, 38.974998], [-77.255011, 38.97508400000001], [-77.254953, 38.975139], [-77.254924, 38.975159000000005], [-77.254911, 38.975175], [-77.25489, 38.975202], [-77.254877, 38.975245], [-77.25486300000001, 38.975265], [-77.25485999999998, 38.975295], [-77.254837, 38.97533], [-77.254703, 38.975421000000004], [-77.254649, 38.97547200000001], [-77.254598, 38.975495], [-77.25451699999999, 38.975553000000005], [-77.25449300000001, 38.975584], [-77.25439, 38.975688], [-77.254302, 38.975812999999995], [-77.254214, 38.975867], [-77.254177, 38.975897], [-77.253941, 38.97605], [-77.253814, 38.976127], [-77.25378400000001, 38.976153], [-77.253657, 38.976238], [-77.253593, 38.976296], [-77.25356399999998, 38.976314], [-77.25353900000002, 38.976344], [-77.253513, 38.976362], [-77.253478, 38.976371], [-77.253441, 38.976393], [-77.253407, 38.976422], [-77.25335400000002, 38.976452], [-77.25332, 38.976481], [-77.253184, 38.976566], [-77.253006, 38.976636], [-77.252955, 38.976659999999995], [-77.25288299999998, 38.976705], [-77.252684, 38.976786], [-77.252653, 38.976812], [-77.252573, 38.976866], [-77.252517, 38.976885], [-77.25248499999998, 38.976906], [-77.252459, 38.976937], [-77.25241299999999, 38.976973], [-77.252336, 38.977011], [-77.252314, 38.977051], [-77.25228, 38.977072], [-77.252245, 38.977106], [-77.252219, 38.97714], [-77.252183, 38.977155], [-77.25215700000001, 38.977198], [-77.252147, 38.977233], [-77.252152, 38.977264], [-77.252184, 38.977283], [-77.252179, 38.97733199999999], [-77.252141, 38.977403], [-77.25206600000001, 38.977466], [-77.252025, 38.977487], [-77.251973, 38.97752], [-77.251921, 38.977537], [-77.251829, 38.977556], [-77.25175500000002, 38.977577], [-77.25173100000002, 38.977602], [-77.25169, 38.977662], [-77.251647, 38.977683], [-77.251591, 38.97767], [-77.25151899999999, 38.97769600000001], [-77.251424, 38.97771999999999], [-77.251392, 38.977748], [-77.251317, 38.977801], [-77.251185, 38.97790499999999], [-77.251031, 38.977984], [-77.250894, 38.97802], [-77.250728, 38.978051], [-77.250586, 38.97807], [-77.25054100000001, 38.978072], [-77.25050999999999, 38.978086], [-77.250485, 38.978109], [-77.250399, 38.978104], [-77.25034499999998, 38.978094000000006], [-77.250253, 38.978093], [-77.250225, 38.978099], [-77.25013600000001, 38.978134], [-77.250088, 38.978148], [-77.250029, 38.978171], [-77.24996, 38.978192], [-77.24987, 38.97821], [-77.2498, 38.978214], [-77.24976999999998, 38.97821], [-77.2497, 38.97819], [-77.24957, 38.978159], [-77.249493, 38.978148], [-77.249369, 38.978121], [-77.249297, 38.978115], [-77.249211, 38.978077], [-77.24914299999999, 38.978058], [-77.249089, 38.97803], [-77.249063, 38.977994], [-77.24905600000001, 38.97794], [-77.249064, 38.977892], [-77.24908499999998, 38.977817], [-77.24909, 38.977734], [-77.249082, 38.977606], [-77.249089, 38.977553], [-77.249145, 38.977502], [-77.24916699999999, 38.977467], [-77.249172, 38.977331], [-77.249174, 38.977284], [-77.24918, 38.977232], [-77.2492, 38.977133], [-77.249214, 38.976875], [-77.24924, 38.976749], [-77.24926500000001, 38.976684], [-77.249286, 38.976575], [-77.24926999999998, 38.976504], [-77.249286, 38.976465000000005], [-77.24931699999999, 38.976423], [-77.249331, 38.976395], [-77.249337, 38.976368], [-77.249333, 38.976336], [-77.249297, 38.976257], [-77.24925300000001, 38.976200999999996], [-77.24916299999998, 38.976062], [-77.249136, 38.976033], [-77.249102, 38.976009], [-77.249046, 38.975992], [-77.248976, 38.975955], [-77.248904, 38.975926], [-77.248832, 38.975911], [-77.24874999999999, 38.975911], [-77.248671, 38.9759], [-77.248608, 38.975899], [-77.24836300000001, 38.975874000000005], [-77.248294, 38.975868], [-77.24814699999999, 38.975862], [-77.2481, 38.975865], [-77.247999, 38.975881], [-77.247882, 38.975908], [-77.24776800000001, 38.975948], [-77.24771200000002, 38.975956], [-77.247497, 38.975971], [-77.247287, 38.975961], [-77.24715, 38.97594899999999], [-77.247013, 38.97594899999999], [-77.246883, 38.975939], [-77.246671, 38.975934], [-77.24664100000001, 38.975936999999995], [-77.246588, 38.975923], [-77.246457, 38.975903], [-77.246377, 38.975898], [-77.24635499999998, 38.975892], [-77.246336, 38.975875], [-77.246313, 38.97586400000001], [-77.24613, 38.975827], [-77.246069, 38.975814], [-77.24603099999999, 38.975802], [-77.246001, 38.975792], [-77.245958, 38.975786], [-77.245839, 38.975767], [-77.24567, 38.975719], [-77.24554200000001, 38.97569099999999], [-77.245487, 38.975683000000004], [-77.245368, 38.975652], [-77.245293, 38.975646], [-77.245249, 38.975635], [-77.245213, 38.975634], [-77.245179, 38.975644], [-77.245138, 38.975649], [-77.24501700000002, 38.975648], [-77.244971, 38.975652], [-77.244931, 38.97566900000001], [-77.244853, 38.975688], [-77.244803, 38.975708], [-77.244769, 38.97573400000001], [-77.24471800000002, 38.975806999999996], [-77.244695, 38.97586400000001], [-77.24468, 38.975972], [-77.244678, 38.97603], [-77.244656, 38.976044], [-77.244596, 38.976155], [-77.244559, 38.976256], [-77.244578, 38.976277], [-77.244556, 38.976344], [-77.24452100000002, 38.976378], [-77.244445, 38.976495], [-77.244433, 38.976521], [-77.24440799999999, 38.976533], [-77.244311, 38.976612], [-77.244192, 38.976681], [-77.244164, 38.97671], [-77.24413599999998, 38.976753], [-77.244102, 38.976785], [-77.244074, 38.97680199999999], [-77.24405, 38.976826], [-77.24402199999999, 38.976834], [-77.243978, 38.976838], [-77.243954, 38.976844], [-77.243937, 38.976858], [-77.24390300000002, 38.97687299999999], [-77.243871, 38.976882], [-77.243852, 38.976899], [-77.24384400000001, 38.97693], [-77.243774, 38.976971], [-77.24374900000001, 38.976972], [-77.243712, 38.976986], [-77.243688, 38.977006], [-77.243657, 38.97702], [-77.24361500000002, 38.97706399999999], [-77.243597, 38.977076], [-77.24355699999998, 38.977116], [-77.243531, 38.97711100000001], [-77.243515, 38.977087], [-77.243491, 38.977076], [-77.243441, 38.977101], [-77.243319, 38.977128], [-77.24324199999998, 38.977157], [-77.243186, 38.97717200000001], [-77.243137, 38.977201], [-77.24310399999999, 38.977215], [-77.243066, 38.977224], [-77.242991, 38.977223], [-77.242968, 38.977228], [-77.24293700000001, 38.977222], [-77.242912, 38.977211], [-77.242867, 38.977205], [-77.242846, 38.977197], [-77.242807, 38.977195], [-77.242772, 38.977216], [-77.242658, 38.977265], [-77.24261, 38.977282], [-77.242403, 38.977327], [-77.24230300000002, 38.977334], [-77.242272, 38.97733], [-77.242235, 38.977335], [-77.24219600000002, 38.97733199999999], [-77.24199, 38.977294], [-77.241928, 38.97729], [-77.241881, 38.977291], [-77.241829, 38.977271], [-77.24179, 38.97724899999999], [-77.241738, 38.977232], [-77.241591, 38.977205], [-77.24153599999998, 38.977204], [-77.241498, 38.977213], [-77.241461, 38.977213], [-77.241435, 38.977204], [-77.241403, 38.977183999999994], [-77.241364, 38.977183], [-77.24130799999999, 38.977153], [-77.241278, 38.977131], [-77.241253, 38.977121000000004], [-77.241226, 38.977103], [-77.241147, 38.977082], [-77.24112199999999, 38.977057], [-77.241089, 38.977043], [-77.241059, 38.977023], [-77.241019, 38.976978], [-77.240995, 38.976943], [-77.24092199999998, 38.976872], [-77.240901, 38.97686], [-77.240876, 38.976854], [-77.240852, 38.97686099999999], [-77.24083099999999, 38.976872], [-77.240804, 38.976869], [-77.240773, 38.976856999999995], [-77.240747, 38.976841], [-77.24071900000001, 38.97684900000001], [-77.240694, 38.976844], [-77.24062999999998, 38.976798], [-77.240595, 38.976806], [-77.240571, 38.97679999999999], [-77.240544, 38.976773], [-77.240538, 38.976754], [-77.24049900000001, 38.976744], [-77.24047, 38.976715], [-77.240452, 38.976688], [-77.24041600000001, 38.97665800000001], [-77.240362, 38.976591000000006], [-77.240333, 38.976566], [-77.240289, 38.97654], [-77.24025, 38.976525], [-77.24018799999999, 38.976508], [-77.240132, 38.976487], [-77.24001899999999, 38.976413], [-77.239995, 38.976409], [-77.23996, 38.976397], [-77.23993599999999, 38.976379], [-77.23988899999999, 38.976378], [-77.23981399999998, 38.976352], [-77.239785, 38.976349], [-77.23972399999998, 38.976334], [-77.239683, 38.976316], [-77.239624, 38.976306], [-77.239557, 38.976309], [-77.23953000000002, 38.976307], [-77.239471, 38.976311], [-77.239433, 38.976327], [-77.239362, 38.976344], [-77.239272, 38.97634699999999], [-77.23922399999998, 38.976359], [-77.239167, 38.976399], [-77.239134, 38.976439], [-77.23912499999999, 38.976487], [-77.23909299999998, 38.976516], [-77.239062, 38.976509], [-77.239043, 38.976485], [-77.23901099999999, 38.976471000000004], [-77.238987, 38.97644900000001], [-77.238975, 38.97643], [-77.238941, 38.976411], [-77.23891500000002, 38.976391], [-77.238897, 38.976354], [-77.238882, 38.976336999999994], [-77.23880599999998, 38.976301], [-77.238777, 38.9763], [-77.23872600000001, 38.976287], [-77.238681, 38.976234], [-77.238651, 38.976234], [-77.238591, 38.976214], [-77.238599, 38.97619], [-77.238583, 38.97616], [-77.238544, 38.976147], [-77.238496, 38.97613], [-77.238481, 38.976116], [-77.23843599999998, 38.9761], [-77.238396, 38.976066], [-77.238371, 38.976023], [-77.238353, 38.976005], [-77.238298, 38.975994], [-77.238267, 38.975961], [-77.238258, 38.975934], [-77.238242, 38.97591], [-77.238235, 38.97588199999999], [-77.23823099999998, 38.975833], [-77.238158, 38.975794], [-77.238134, 38.975777], [-77.23810800000001, 38.975748], [-77.238091, 38.975719], [-77.238057, 38.975711], [-77.238016, 38.975719], [-77.23798999999998, 38.975708], [-77.23798199999999, 38.975678], [-77.237961, 38.975656], [-77.237962, 38.97563], [-77.237995, 38.975622], [-77.238007, 38.975597], [-77.238007, 38.97556099999999], [-77.237975, 38.97547200000001], [-77.237933, 38.975334], [-77.237918, 38.975308], [-77.237878, 38.975173], [-77.237846, 38.97516], [-77.237803, 38.97515], [-77.237778, 38.975151], [-77.23774, 38.975138], [-77.237717, 38.975118], [-77.237722, 38.975091], [-77.23774199999998, 38.975073], [-77.237733, 38.975039], [-77.23770200000001, 38.97502899999999], [-77.23768299999999, 38.97501700000001], [-77.23770599999999, 38.974992], [-77.237709, 38.974943], [-77.237666, 38.97488500000001], [-77.237638, 38.974862], [-77.237582, 38.974833999999994], [-77.237569, 38.974806], [-77.237464, 38.97472], [-77.23740699999999, 38.97470599999999], [-77.23740299999999, 38.974656], [-77.23739099999999, 38.974622], [-77.237363, 38.974599], [-77.23732000000001, 38.974574000000004], [-77.23728400000002, 38.974542], [-77.237234, 38.974507], [-77.237179, 38.974478], [-77.237117, 38.974464], [-77.237085, 38.974485], [-77.23704000000001, 38.974502], [-77.237, 38.974508], [-77.23691400000001, 38.974508], [-77.236856, 38.974525], [-77.236786, 38.974528], [-77.236743, 38.974517], [-77.236659, 38.974532], [-77.236635, 38.97454], [-77.23659099999999, 38.974544], [-77.236514, 38.974522], [-77.236363, 38.97449300000001], [-77.23622099999999, 38.974501], [-77.236173, 38.974512], [-77.23610200000002, 38.974554], [-77.23606699999999, 38.974584], [-77.236044, 38.974611], [-77.236034, 38.974643], [-77.236034, 38.974666], [-77.23598899999999, 38.97474900000001], [-77.235958, 38.97476699999999], [-77.23588699999999, 38.97475500000001], [-77.235852, 38.974764], [-77.235726, 38.97476699999999], [-77.23568400000002, 38.97476100000001], [-77.235661, 38.974732], [-77.235623, 38.974746], [-77.23549999999999, 38.974765000000005], [-77.23523200000001, 38.974835], [-77.235152, 38.974869], [-77.23510599999999, 38.974882], [-77.23506, 38.97490299999999], [-77.235033, 38.974928], [-77.235018, 38.975014], [-77.235037, 38.975139], [-77.235034, 38.975193], [-77.23502399999998, 38.97523799999999], [-77.235034, 38.975471], [-77.23501199999998, 38.975592], [-77.234968, 38.975747], [-77.234949, 38.97586600000001], [-77.234937, 38.975907], [-77.234915, 38.975947000000005], [-77.234875, 38.975976], [-77.23519600000002, 38.97608], [-77.235305, 38.976221], [-77.23536900000002, 38.976304], [-77.235436, 38.976427], [-77.235446, 38.976456], [-77.23549, 38.976556], [-77.235502, 38.976583], [-77.235532, 38.976693], [-77.235562, 38.976718999999996], [-77.235694, 38.976816], [-77.235754, 38.976834], [-77.235836, 38.97683], [-77.235859, 38.976832], [-77.235944, 38.976824], [-77.236088, 38.976838], [-77.23612200000001, 38.976853000000006], [-77.23616, 38.976879], [-77.23620899999999, 38.976921999999995], [-77.23672199999999, 38.977462], [-77.23680099999999, 38.977545], [-77.236874, 38.977622], [-77.237029, 38.97778499999999], [-77.237065, 38.977839], [-77.237131, 38.977923], [-77.237163, 38.977954], [-77.23720999999999, 38.978013], [-77.237275, 38.97807], [-77.23739099999999, 38.978182], [-77.237637, 38.978381], [-77.23766, 38.97841700000001], [-77.237724, 38.97854], [-77.23779699999999, 38.978641], [-77.237853, 38.97869699999999], [-77.238075, 38.978853], [-77.238122, 38.978918], [-77.238197, 38.978987], [-77.238247, 38.979052], [-77.238312, 38.979147999999995], [-77.23845, 38.979323], [-77.23848199999999, 38.979353], [-77.23862700000001, 38.979452], [-77.23865, 38.97946300000001], [-77.238718, 38.979518], [-77.23875099999998, 38.979551], [-77.23893, 38.979708], [-77.23940099999999, 38.980061], [-77.239497, 38.980108], [-77.239544, 38.980123000000006], [-77.239654, 38.980193], [-77.239832, 38.980371], [-77.239883, 38.980433], [-77.239899, 38.980473], [-77.23990000000002, 38.980509], [-77.239872, 38.980561], [-77.239866, 38.980592], [-77.239869, 38.980616], [-77.239902, 38.980709], [-77.23995, 38.980754], [-77.240037, 38.980796], [-77.240128, 38.98085199999999], [-77.240344, 38.980975], [-77.240453, 38.98104899999999], [-77.240566, 38.981119], [-77.240721, 38.981177], [-77.240855, 38.981198], [-77.241081, 38.981206], [-77.24110999999999, 38.98122], [-77.241151, 38.98125], [-77.241332, 38.981407], [-77.24138, 38.981427], [-77.24142999999998, 38.981462], [-77.241465, 38.98152], [-77.24155, 38.981615], [-77.241723, 38.981700999999994], [-77.242004, 38.981763], [-77.24223699999999, 38.981854], [-77.24230300000002, 38.981888000000005], [-77.24239, 38.981919], [-77.242593, 38.981991], [-77.242783, 38.982048], [-77.243005, 38.982101], [-77.24310399999999, 38.982116], [-77.24342299999999, 38.98214200000001], [-77.243563, 38.982153], [-77.243665, 38.982181], [-77.243704, 38.98220100000001], [-77.24374100000001, 38.982226], [-77.24382899999999, 38.982306], [-77.243877, 38.982334], [-77.243916, 38.98235], [-77.243965, 38.982358], [-77.244056, 38.982325], [-77.244079, 38.982208], [-77.244044, 38.982129], [-77.244068, 38.982114], [-77.244096, 38.982125], [-77.244178, 38.982177], [-77.244252, 38.982285], [-77.24443199999999, 38.982441], [-77.244621, 38.982535], [-77.24491100000002, 38.982614], [-77.244992, 38.982658], [-77.24503000000001, 38.98268399999999], [-77.245056, 38.982738], [-77.245067, 38.982782], [-77.245075, 38.982907], [-77.245067, 38.982988], [-77.24508, 38.98312500000001], [-77.245093, 38.983253], [-77.245197, 38.983535], [-77.24524600000001, 38.983613], [-77.245278, 38.983674], [-77.24531700000001, 38.98372799999999], [-77.24532999999998, 38.983786], [-77.245323, 38.983819], [-77.24531700000001, 38.983847999999995], [-77.245308, 38.983927], [-77.24532199999999, 38.984017], [-77.24534599999998, 38.984065], [-77.24540499999999, 38.984235], [-77.245478, 38.984396], [-77.24551499999998, 38.98449200000001], [-77.245611, 38.984691], [-77.24566800000001, 38.984836], [-77.24572300000001, 38.98495], [-77.245749, 38.985029999999995], [-77.245908, 38.98536], [-77.24593699999998, 38.985401], [-77.245988, 38.985512], [-77.24601499999999, 38.98555999999999], [-77.24602399999999, 38.985575], [-77.246172, 38.985749000000006], [-77.246196, 38.985797], [-77.24621199999999, 38.985876], [-77.246281, 38.986147], [-77.246305, 38.986221], [-77.246785, 38.987382000000004], [-77.24698000000001, 38.987853], [-77.246986, 38.987885], [-77.247013, 38.987949], [-77.247083, 38.988044], [-77.24712, 38.988238], [-77.24714699999998, 38.988327], [-77.247189, 38.988401], [-77.24723200000001, 38.988461], [-77.247286, 38.98854800000001], [-77.247358, 38.988707], [-77.247383, 38.988785], [-77.24741399999999, 38.988978], [-77.24746899999998, 38.989136], [-77.247498, 38.989184], [-77.247607, 38.989311], [-77.247689, 38.989434], [-77.247711, 38.98948399999999], [-77.247753, 38.98965], [-77.24783999999998, 38.989892], [-77.247865, 38.989991], [-77.247952, 38.990152], [-77.247984, 38.990233], [-77.248018, 38.990302], [-77.248069, 38.99044], [-77.248117, 38.99057100000001], [-77.248157, 38.990706], [-77.24821, 38.99083900000001], [-77.248224, 38.990916000000006], [-77.248223, 38.991073], [-77.248229, 38.991189], [-77.248543, 38.992466], [-77.248575, 38.992546999999995], [-77.248614, 38.99262399999999], [-77.24865400000002, 38.99269], [-77.24875700000001, 38.992829], [-77.248895, 38.992991], [-77.249186, 38.99342], [-77.249215, 38.99347499999999], [-77.249331, 38.993657999999996], [-77.249385, 38.993725000000005], [-77.24945499999998, 38.993790000000004], [-77.24952599999999, 38.993849], [-77.24963999999999, 38.993913], [-77.24975899999998, 38.993944], [-77.249871, 38.993982], [-77.249917, 38.994006], [-77.249953, 38.994046], [-77.249964, 38.994084], [-77.249958, 38.994123], [-77.249925, 38.99417400000001], [-77.249885, 38.994248], [-77.24986000000001, 38.994327], [-77.24985299999999, 38.994408], [-77.249862, 38.99450100000001], [-77.249885, 38.994557], [-77.249925, 38.994606], [-77.24998, 38.99464499999999], [-77.250339, 38.994817], [-77.250402, 38.99484], [-77.250471, 38.994851], [-77.2506, 38.994845], [-77.25066000000001, 38.99484799999999], [-77.251538, 38.994985], [-77.251588, 38.994997], [-77.251627, 38.995022999999996], [-77.25166499999999, 38.99508], [-77.251704, 38.995118], [-77.251753, 38.99514700000001], [-77.252343, 38.995364], [-77.25248, 38.99541500000001], [-77.25257999999998, 38.99543299999999], [-77.25268199999998, 38.99543299999999], [-77.25273999999999, 38.995424], [-77.252794, 38.99541500000001], [-77.25284100000002, 38.995416], [-77.252899, 38.99543], [-77.25294, 38.995451], [-77.25296499999999, 38.995484], [-77.25297200000001, 38.995521], [-77.25291300000002, 38.995714], [-77.252908, 38.995791], [-77.252923, 38.99586800000001], [-77.253004, 38.996054], [-77.25305000000002, 38.99616], [-77.25306300000001, 38.99619100000001], [-77.25313799999999, 38.996334], [-77.253155, 38.996366], [-77.25325, 38.99651], [-77.2533, 38.996566], [-77.25334799999999, 38.99662], [-77.25343700000002, 38.996696], [-77.253496, 38.996763], [-77.253516, 38.996805], [-77.253523, 38.996849], [-77.253515, 38.996893], [-77.25348000000001, 38.996968], [-77.25347399999998, 38.99699699999999], [-77.253464, 38.997042], [-77.253467, 38.997092], [-77.25348100000001, 38.997141], [-77.253517, 38.997213], [-77.25354399999999, 38.997293], [-77.253581, 38.997637], [-77.25359900000001, 38.997738], [-77.253633, 38.997828], [-77.25366699999998, 38.997872], [-77.253712, 38.99790899999999], [-77.253775, 38.99794], [-77.253826, 38.997965], [-77.25393399999999, 38.998018], [-77.253988, 38.998052], [-77.254009, 38.998066], [-77.254034, 38.998082], [-77.254062, 38.998104000000005], [-77.25411899999999, 38.998157], [-77.25418299999998, 38.998228], [-77.254222, 38.998296], [-77.25423700000002, 38.998369999999994], [-77.25426800000001, 38.998573], [-77.254309, 38.998630000000006], [-77.254409, 38.998715], [-77.25448299999998, 38.998796], [-77.254527, 38.998864], [-77.254725, 38.999348], [-77.254741, 38.999398], [-77.254744, 38.999431], [-77.254746, 38.999449], [-77.254734, 38.999495], [-77.254727, 38.999523], [-77.254705, 38.999568], [-77.254652, 38.99965], [-77.254634, 38.999678], [-77.25462, 38.99972900000001], [-77.254623, 38.999781], [-77.254731, 39.00007399999999], [-77.25474999999999, 39.000125], [-77.254833, 39.000349], [-77.254838, 39.000363], [-77.25495400000001, 39.000725], [-77.25502499999999, 39.000878], [-77.25508400000001, 39.000945], [-77.25517199999999, 39.00102900000001], [-77.255267, 39.001104], [-77.255386, 39.001193], [-77.255417, 39.00122], [-77.255474, 39.001274], [-77.255507, 39.001304999999995], [-77.255602, 39.00142], [-77.25567999999998, 39.001542], [-77.255723, 39.00164399999999], [-77.25575099999999, 39.001749], [-77.25576500000001, 39.001883], [-77.255759, 39.001991], [-77.255737, 39.00209699999999], [-77.255701, 39.002201], [-77.255633, 39.002528], [-77.255579, 39.002705], [-77.255505, 39.00304], [-77.255481, 39.003224], [-77.255476, 39.003459], [-77.255452, 39.003669], [-77.255426, 39.003802], [-77.25538300000001, 39.003933], [-77.25527399999999, 39.004152], [-77.25523399999999, 39.004275], [-77.255235, 39.004349], [-77.255335, 39.004653], [-77.25534000000002, 39.004679], [-77.255343, 39.004787], [-77.255324, 39.004876], [-77.25528500000001, 39.00497299999999], [-77.255242, 39.005041], [-77.255059, 39.005394], [-77.25497700000001, 39.005584], [-77.25497099999998, 39.00561100000001], [-77.254923, 39.005742], [-77.25486899999999, 39.005843], [-77.254783, 39.00596199999999], [-77.254545, 39.006154], [-77.25448, 39.006213], [-77.254432, 39.00627899999999], [-77.254402, 39.00635199999999], [-77.254361, 39.006659], [-77.25435500000002, 39.006708], [-77.254333, 39.006898], [-77.254275, 39.007105], [-77.25426499999999, 39.007130000000004], [-77.254224, 39.007229], [-77.254114, 39.007406], [-77.25407100000001, 39.007488], [-77.253839, 39.007874], [-77.253339, 39.008916], [-77.253309, 39.00903], [-77.25325900000001, 39.009158], [-77.25319, 39.009259], [-77.253104, 39.009336], [-77.253089, 39.009349], [-77.252979, 39.00948], [-77.252608, 39.009964], [-77.252494, 39.010095], [-77.252439, 39.010168], [-77.252329, 39.010316], [-77.25226, 39.010391], [-77.252049, 39.010619], [-77.251873, 39.01086099999999], [-77.251835, 39.010937], [-77.25178699999998, 39.010956], [-77.251766, 39.010980999999994], [-77.25175500000002, 39.01101], [-77.251771, 39.011059], [-77.251669, 39.011238999999996], [-77.251629, 39.01131999999999], [-77.25158, 39.011402], [-77.251434, 39.011614], [-77.251264, 39.011804], [-77.251179, 39.011889], [-77.250914, 39.01211], [-77.25067, 39.01229], [-77.250414, 39.012464], [-77.250302, 39.012533], [-77.250283, 39.012544999999996], [-77.250065, 39.012691000000004], [-77.249904, 39.01274000000001], [-77.249094, 39.013173], [-77.248481, 39.013532000000005], [-77.248309, 39.013673], [-77.248133, 39.01377], [-77.24802799999999, 39.013841], [-77.247908, 39.013884], [-77.247828, 39.01399299999999], [-77.24724099999999, 39.014467], [-77.24715, 39.014553], [-77.24694499999998, 39.01477], [-77.246868, 39.014866], [-77.24674099999999, 39.015076], [-77.246682, 39.015191], [-77.246581, 39.015468], [-77.246553, 39.015587], [-77.246547, 39.015688999999995], [-77.24655000000001, 39.015753999999994], [-77.246524, 39.015974], [-77.24643299999998, 39.016165], [-77.246285, 39.016448], [-77.24623, 39.01652800000001], [-77.246168, 39.016596], [-77.245931, 39.016819], [-77.24585799999998, 39.01687499999999], [-77.245678, 39.017045], [-77.245641, 39.01709], [-77.24557, 39.017193], [-77.245514, 39.017298], [-77.245463, 39.017414], [-77.24544899999998, 39.017434], [-77.24542700000002, 39.017465], [-77.24538, 39.01753099999999], [-77.245308, 39.017776999999995], [-77.245299, 39.017988], [-77.24532599999999, 39.018188], [-77.245328, 39.018197], [-77.245347, 39.018264], [-77.24532199999999, 39.01836000000001], [-77.2453, 39.018497], [-77.24528, 39.018506], [-77.245248, 39.018506], [-77.245225, 39.018536], [-77.245209, 39.018585], [-77.245099, 39.018815], [-77.245067, 39.018853], [-77.245074, 39.018909], [-77.245065, 39.018938], [-77.24502299999999, 39.019071], [-77.24502299999999, 39.01909899999999], [-77.244972, 39.01943], [-77.244931, 39.019516], [-77.24492099999999, 39.019567], [-77.24492700000002, 39.01960700000001], [-77.244938, 39.019638], [-77.24495199999998, 39.019657], [-77.24496300000001, 39.01968599999999], [-77.24496399999998, 39.019706], [-77.24495, 39.01973300000001], [-77.24493, 39.019759], [-77.24492399999998, 39.019787], [-77.244908, 39.01999500000001], [-77.244868, 39.020154], [-77.244847, 39.020236], [-77.244842, 39.020327], [-77.24484100000001, 39.020339], [-77.24485200000001, 39.020449], [-77.244862, 39.020502], [-77.24488, 39.020596000000005], [-77.244884, 39.020741], [-77.24491199999999, 39.021074], [-77.244919, 39.021158], [-77.24491599999999, 39.021222], [-77.240997, 39.020523], [-77.240676, 39.020694], [-77.240234, 39.020999], [-77.240081, 39.021129], [-77.238456, 39.02135], [-77.238121, 39.021114], [-77.23814300000001, 39.021016], [-77.23792299999998, 39.020887], [-77.23766, 39.020874], [-77.237494, 39.020908], [-77.23719000000001, 39.02095], [-77.23703, 39.020914999999995], [-77.236839, 39.020912], [-77.236791, 39.02089], [-77.236297, 39.021087], [-77.236183, 39.021163], [-77.236145, 39.021324], [-77.236076, 39.02143], [-77.23598400000002, 39.021469], [-77.235328, 39.021492], [-77.235069, 39.021579], [-77.234588, 39.02153], [-77.234153, 39.021621], [-77.233978, 39.02163600000001], [-77.23397, 39.021659], [-77.234008, 39.02171299999999], [-77.23423, 39.02182], [-77.23430599999999, 39.021881], [-77.23430599999999, 39.021938], [-77.234268, 39.021964999999994], [-77.234214, 39.021976], [-77.234062, 39.02195700000001], [-77.233985, 39.021984], [-77.23393199999998, 39.02198], [-77.233863, 39.021923], [-77.233856, 39.021846], [-77.23381799999999, 39.021812], [-77.233764, 39.021808], [-77.23368799999999, 39.021831000000006], [-77.233627, 39.02189200000001], [-77.23365, 39.02195300000001], [-77.233726, 39.022033], [-77.23370300000002, 39.02219], [-77.233627, 39.022251], [-77.233505, 39.022296000000004], [-77.233451, 39.02230399999999], [-77.233406, 39.022277], [-77.23336000000002, 39.022281], [-77.233184, 39.022411], [-77.232925, 39.022567], [-77.23287199999999, 39.022571], [-77.232833, 39.022541], [-77.232751, 39.02241200000001], [-77.232641, 39.022366], [-77.232516, 39.022377], [-77.23235199999999, 39.022481], [-77.232276, 39.022571], [-77.232008, 39.022811999999995], [-77.23188300000001, 39.02302499999999], [-77.231752, 39.023217], [-77.231627, 39.023311], [-77.231347, 39.02339700000001], [-77.230984, 39.02347999999999], [-77.23070100000001, 39.02352100000001], [-77.230511, 39.023525], [-77.230362, 39.023505], [-77.230154, 39.023449], [-77.22976399999999, 39.023337999999995], [-77.229506, 39.023304], [-77.229057, 39.023242], [-77.228966, 39.023221], [-77.228922, 39.023205], [-77.228837, 39.02313900000001], [-77.228784, 39.023084000000004], [-77.22863, 39.02299], [-77.22837, 39.022924], [-77.228245, 39.022908], [-77.22805300000002, 39.0229], [-77.227879, 39.022902], [-77.22776, 39.022912], [-77.227602, 39.022939], [-77.22748600000001, 39.022977], [-77.227255, 39.023105], [-77.22667100000001, 39.023461], [-77.226594, 39.02352100000001], [-77.226494, 39.023623], [-77.225834, 39.024424], [-77.225672, 39.02459], [-77.22544100000002, 39.024784000000004], [-77.225259, 39.024892], [-77.22503999999999, 39.025021], [-77.224828, 39.02511], [-77.224175, 39.025291], [-77.224038, 39.025347], [-77.22386699999998, 39.025407], [-77.223745, 39.025422], [-77.22357800000002, 39.025428000000005], [-77.223191, 39.025397], [-77.223006, 39.025397], [-77.222873, 39.025416], [-77.222551, 39.025514], [-77.222308, 39.025565], [-77.222106, 39.025617], [-77.221916, 39.025707], [-77.220214, 39.02687399999999], [-77.219398, 39.025718], [-77.219207, 39.02584], [-77.217285, 39.027347], [-77.21511, 39.029106], [-77.212226, 39.031378999999994], [-77.213317, 39.03210000000001], [-77.214317, 39.032844], [-77.216293, 39.034294], [-77.21659, 39.034465], [-77.216712, 39.034595], [-77.217071, 39.034858], [-77.217323, 39.035026], [-77.217552, 39.035152], [-77.217651, 39.035243], [-77.217521, 39.036224], [-77.217399, 39.036376], [-77.217308, 39.037067], [-77.217308, 39.037414], [-77.21724699999999, 39.03836400000001], [-77.216964, 39.040485], [-77.21688, 39.041362], [-77.216873, 39.041694], [-77.216896, 39.042324], [-77.216773, 39.04328099999999], [-77.216667, 39.043785], [-77.216651, 39.043983], [-77.216682, 39.044219], [-77.216896, 39.045116], [-77.216972, 39.04543999999999], [-77.217079, 39.045658], [-77.21723100000001, 39.04588300000001], [-77.217079, 39.046018], [-77.21702500000002, 39.046066], [-77.21733799999998, 39.046237], [-77.217414, 39.046268], [-77.21743, 39.04631], [-77.217376, 39.04641300000001], [-77.21725400000001, 39.046535], [-77.217071, 39.046653], [-77.21684199999999, 39.046756], [-77.21672, 39.046791], [-77.216659, 39.04684], [-77.216636, 39.046882000000004], [-77.216659, 39.046993], [-77.21662899999998, 39.047122], [-77.216575, 39.047248], [-77.216499, 39.047336], [-77.216445, 39.047382], [-77.215995, 39.047592], [-77.215721, 39.047767], [-77.21564399999998, 39.047946], [-77.21552999999999, 39.048065], [-77.21543800000002, 39.048198], [-77.21531600000002, 39.04850700000001], [-77.215209, 39.04864499999999], [-77.215118, 39.048965], [-77.214965, 39.049034], [-77.214698, 39.049083], [-77.214591, 39.049118], [-77.21443899999998, 39.049213], [-77.214286, 39.049335], [-77.21422500000001, 39.049369], [-77.214157, 39.049381], [-77.213981, 39.049377], [-77.213607, 39.049266], [-77.212982, 39.049251], [-77.212738, 39.049171], [-77.21254699999999, 39.04917499999999], [-77.212432, 39.049209], [-77.212348, 39.049266], [-77.212295, 39.049346], [-77.212265, 39.04943], [-77.21244800000001, 39.049682], [-77.212486, 39.049774], [-77.212486, 39.04985], [-77.21244000000002, 39.04989599999999], [-77.212371, 39.049922], [-77.212318, 39.049991], [-77.21234100000001, 39.05014799999999], [-77.21232600000002, 39.05043], [-77.212295, 39.05051], [-77.212158, 39.05059], [-77.211982, 39.050628], [-77.21193600000001, 39.050659], [-77.211906, 39.050716], [-77.21186, 39.05091800000001], [-77.211868, 39.051013], [-77.21195200000001, 39.051284], [-77.21203599999998, 39.05144800000001], [-77.21212, 39.051666], [-77.212112, 39.051773], [-77.21204299999998, 39.051834], [-77.21192899999998, 39.051856], [-77.21182200000001, 39.051841], [-77.211647, 39.051776], [-77.211273, 39.05175], [-77.210968, 39.051746], [-77.2107, 39.051841], [-77.210639, 39.05189500000001], [-77.210692, 39.05191899999999], [-77.21052599999999, 39.052064], [-77.21043, 39.052164], [-77.210446, 39.052226], [-77.210558, 39.05230100000001], [-77.210542, 39.05245], [-77.21052599999999, 39.05261200000001], [-77.210366, 39.052724], [-77.210189, 39.052836], [-77.209997, 39.05289799999999], [-77.209788, 39.05301000000001], [-77.20959599999999, 39.053147], [-77.209451, 39.053322], [-77.209291, 39.05348299999999], [-77.209243, 39.05362], [-77.20922699999998, 39.053832], [-77.209082, 39.053957], [-77.208953, 39.053981], [-77.20880899999999, 39.053902], [-77.20845, 39.053706], [-77.20812200000002, 39.053527], [-77.20809899999999, 39.053493], [-77.208038, 39.053276], [-77.207923, 39.053272], [-77.20774800000001, 39.053325], [-77.207687, 39.053321], [-77.20758, 39.053272], [-77.207511, 39.053173], [-77.20744999999998, 39.053131], [-77.207237, 39.053119], [-77.20674099999998, 39.053409], [-77.206657, 39.053443], [-77.206367, 39.053516], [-77.205963, 39.053562], [-77.20581800000001, 39.0536], [-77.205772, 39.053638], [-77.205757, 39.053676], [-77.205764, 39.053714], [-77.205825, 39.053805999999994], [-77.20580999999999, 39.053909], [-77.205711, 39.054027], [-77.205574, 39.054111], [-77.205421, 39.054157], [-77.205062, 39.054187], [-77.20475, 39.054241], [-77.204536, 39.054306], [-77.204269, 39.054447], [-77.204139, 39.054489], [-77.203689, 39.054538], [-77.20340699999998, 39.054443], [-77.203346, 39.054435], [-77.20330000000001, 39.054443], [-77.203155, 39.054519000000006], [-77.20298, 39.054531000000004], [-77.202934, 39.054492], [-77.20291099999999, 39.054439], [-77.202926, 39.054325], [-77.20300199999998, 39.054172], [-77.20301, 39.054119], [-77.20288, 39.053974], [-77.202545, 39.05401899999999], [-77.202224, 39.054], [-77.202163, 39.054016], [-77.201972, 39.054119], [-77.201698, 39.054382], [-77.201477, 39.054569], [-77.20136199999999, 39.054637], [-77.201126, 39.054687], [-77.200927, 39.054672], [-77.200904, 39.054756], [-77.200912, 39.054897], [-77.200859, 39.054954], [-77.20078200000002, 39.054985], [-77.200698, 39.054985], [-77.200561, 39.054939], [-77.20050799999999, 39.05495], [-77.200469, 39.054977], [-77.200454, 39.055004], [-77.20051500000001, 39.055259], [-77.200462, 39.05532], [-77.200355, 39.055393], [-77.200325, 39.055454], [-77.20030200000001, 39.05555300000001], [-77.200172, 39.055671], [-77.200103, 39.05577799999999], [-77.200012, 39.055847], [-77.199974, 39.05590399999999], [-77.199966, 39.05595], [-77.200096, 39.05602999999999], [-77.200164, 39.056090999999995], [-77.20018700000001, 39.056186], [-77.200164, 39.056312], [-77.20028600000002, 39.056415], [-77.20030200000001, 39.056465], [-77.20028600000002, 39.056503], [-77.200202, 39.056697], [-77.20017999999999, 39.056976], [-77.200096, 39.057064], [-77.19992, 39.05714], [-77.199851, 39.057193], [-77.19979, 39.057415], [-77.19969100000002, 39.057559], [-77.199623, 39.057609], [-77.199523, 39.057643], [-77.199325, 39.057617], [-77.199287, 39.057628], [-77.199218, 39.057765], [-77.19908899999999, 39.057826], [-77.198791, 39.057922], [-77.19873, 39.058013], [-77.198722, 39.058054999999996], [-77.198753, 39.058181], [-77.198745, 39.05824200000001], [-77.198712, 39.058298], [-77.198668, 39.058375999999996], [-77.19858499999998, 39.058433], [-77.198394, 39.058521], [-77.19800500000001, 39.058643], [-77.197837, 39.058795], [-77.197814, 39.058834], [-77.197814, 39.058901999999996], [-77.19789100000001, 39.058986], [-77.197975, 39.059146], [-77.197959, 39.059284], [-77.197906, 39.05937099999999], [-77.197799, 39.05943599999999], [-77.19775299999999, 39.05949], [-77.197608, 39.059875], [-77.197563, 39.059902], [-77.197319, 39.059928], [-77.19726499999999, 39.059967], [-77.197227, 39.060127], [-77.197219, 39.060375], [-77.197227, 39.060451], [-77.197303, 39.060607], [-77.197303, 39.060676], [-77.19728000000002, 39.060733], [-77.19717399999999, 39.060787], [-77.19709, 39.060795000000006], [-77.196929, 39.06081], [-77.196609, 39.061019], [-77.196456, 39.061035], [-77.196334, 39.06108], [-77.19616599999999, 39.0611], [-77.19608299999999, 39.061183], [-77.196014, 39.06137], [-77.195913, 39.061478], [-77.19586900000002, 39.061527], [-77.19581599999998, 39.061546], [-77.195724, 39.061546], [-77.19560200000001, 39.061496], [-77.195526, 39.061489], [-77.195289, 39.06155], [-77.195205, 39.061611], [-77.195175, 39.061653], [-77.195228, 39.061901], [-77.195167, 39.062], [-77.195175, 39.062076], [-77.195205, 39.062137], [-77.195274, 39.06216400000001], [-77.19532, 39.062259], [-77.19538100000001, 39.062313], [-77.19538100000001, 39.062419], [-77.19535799999998, 39.062446], [-77.195335, 39.062477], [-77.195281, 39.062496], [-77.195022, 39.062492], [-77.194969, 39.062461], [-77.19488500000001, 39.062374], [-77.194847, 39.062366], [-77.194801, 39.062416], [-77.19477000000002, 39.062549], [-77.19474699999999, 39.06257999999999], [-77.194534, 39.062622], [-77.19447999999998, 39.062656], [-77.194473, 39.062679], [-77.19450299999998, 39.062732], [-77.194618, 39.062786], [-77.194763, 39.062881], [-77.194801, 39.062965], [-77.194801, 39.063079], [-77.194732, 39.06315899999999], [-77.194717, 39.063232], [-77.19458699999998, 39.063251], [-77.194526, 39.063304], [-77.194511, 39.06335000000001], [-77.194496, 39.063682], [-77.194458, 39.063758], [-77.194374, 39.063835], [-77.194198, 39.063892], [-77.194099, 39.064052], [-77.194007, 39.064128], [-77.19406100000002, 39.06417], [-77.194137, 39.064285], [-77.19416, 39.064357], [-77.19414499999999, 39.064464], [-77.194091, 39.064605], [-77.194091, 39.06478799999999], [-77.194053, 39.06486099999999], [-77.193984, 39.06492599999999], [-77.193878, 39.06492599999999], [-77.193824, 39.064945], [-77.19365599999999, 39.065097], [-77.193572, 39.065128], [-77.193382, 39.065078], [-77.193321, 39.065101], [-77.193336, 39.065151], [-77.19341199999998, 39.065216], [-77.19345, 39.065269], [-77.19344300000002, 39.065364], [-77.193397, 39.06541], [-77.193336, 39.065414], [-77.19326, 39.06539099999999], [-77.193145, 39.065414], [-77.193031, 39.065569999999994], [-77.19287100000001, 39.065666], [-77.192771, 39.06569600000001], [-77.192687, 39.06575], [-77.192604, 39.065738], [-77.19256499999999, 39.06569600000001], [-77.192398, 39.065689], [-77.19234399999999, 39.065704000000004], [-77.192321, 39.065753], [-77.192329, 39.065788], [-77.19258800000001, 39.065837], [-77.192634, 39.065898], [-77.192626, 39.06601700000001], [-77.192481, 39.06612], [-77.192184, 39.066188], [-77.19178000000001, 39.06639], [-77.19165800000002, 39.06641], [-77.19149, 39.066387], [-77.19139, 39.06642899999999], [-77.191291, 39.066444], [-77.19126099999998, 39.066489999999995], [-77.19126800000001, 39.066524], [-77.19149, 39.066665], [-77.19149, 39.066703], [-77.191436, 39.066745], [-77.19126800000001, 39.066734], [-77.19114600000002, 39.066761], [-77.190979, 39.066764], [-77.19094800000002, 39.06673], [-77.190887, 39.066596], [-77.190856, 39.066574], [-77.190704, 39.066604], [-77.19062, 39.066539], [-77.190559, 39.06652], [-77.190422, 39.066562], [-77.190345, 39.06660800000001], [-77.19033, 39.066658], [-77.190361, 39.06689399999999], [-77.19033, 39.066967], [-77.190368, 39.067104], [-77.190307, 39.06726400000001], [-77.190269, 39.067325], [-77.19019300000001, 39.067378], [-77.18991, 39.067489], [-77.189849, 39.067481], [-77.189712, 39.06739400000001], [-77.18959000000001, 39.067508], [-77.189491, 39.067516], [-77.189323, 39.067581], [-77.18917, 39.0676], [-77.18901, 39.067745], [-77.18869, 39.06785500000001], [-77.18843, 39.068], [-77.188293, 39.068031], [-77.18811699999999, 39.068012], [-77.188087, 39.068054], [-77.188186, 39.068138], [-77.188201, 39.068218], [-77.188194, 39.068264], [-77.188064, 39.068382], [-77.187911, 39.068477], [-77.187751, 39.068489], [-77.18767500000001, 39.068515000000005], [-77.187629, 39.068675], [-77.187515, 39.068813], [-77.187515, 39.068866], [-77.187591, 39.06895800000001], [-77.187599, 39.069038], [-77.187469, 39.069183], [-77.187294, 39.069301], [-77.187194, 39.069332], [-77.187065, 39.069332], [-77.18702599999999, 39.069271], [-77.187019, 39.069049], [-77.186973, 39.069004], [-77.18694299999999, 39.069011], [-77.186897, 39.069118], [-77.18683600000001, 39.069206], [-77.186653, 39.069236000000004], [-77.186599, 39.069282], [-77.186599, 39.069316], [-77.186676, 39.069339], [-77.18672100000002, 39.069374], [-77.187417, 39.069558], [-77.187157, 39.070056], [-77.186866, 39.070324], [-77.186597, 39.070576], [-77.186422, 39.070736], [-77.185324, 39.072312999999994], [-77.185296, 39.072353], [-77.185096, 39.07272], [-77.185707, 39.073366], [-77.185866, 39.073556], [-77.18585800000001, 39.073649], [-77.186248, 39.073753], [-77.186487, 39.07380200000001], [-77.186355, 39.074522], [-77.187673, 39.074695], [-77.187703, 39.074551], [-77.187798, 39.074107], [-77.187911, 39.074134], [-77.188125, 39.074199], [-77.188308, 39.074283], [-77.188568, 39.07442], [-77.188682, 39.074512], [-77.188733, 39.074556], [-77.18865600000001, 39.074613], [-77.188287, 39.074882], [-77.190077, 39.076709], [-77.190504, 39.07608], [-77.190696, 39.07624], [-77.191016, 39.076503], [-77.190944, 39.076699], [-77.19053900000002, 39.077243], [-77.190639, 39.077288], [-77.190337, 39.0777], [-77.190399, 39.077735], [-77.19057599999998, 39.077812], [-77.190671, 39.077856], [-77.190697, 39.077864000000005], [-77.191097, 39.078039], [-77.191204, 39.078087], [-77.191398, 39.077838], [-77.191417, 39.077818], [-77.191338, 39.077771], [-77.191124, 39.077647], [-77.19107900000002, 39.077621], [-77.190695, 39.077398], [-77.19065099999999, 39.077372], [-77.190769, 39.077187], [-77.19072899999999, 39.077168], [-77.190815, 39.077051], [-77.191144, 39.076606], [-77.191062, 39.076541], [-77.19109, 39.07654600000001], [-77.19117099999998, 39.076482999999996], [-77.191324, 39.07636699999999], [-77.19157500000001, 39.076177], [-77.191685, 39.076094], [-77.19187, 39.075953], [-77.191901, 39.075931], [-77.191917, 39.075919], [-77.192139, 39.076100999999994], [-77.192326, 39.076254], [-77.192337, 39.076263], [-77.192357, 39.07628], [-77.19307, 39.076327], [-77.193603, 39.076362], [-77.193725, 39.07686900000001], [-77.19380100000001, 39.077228], [-77.19506, 39.07719], [-77.195442, 39.07719800000001], [-77.19564, 39.077213], [-77.19606699999999, 39.077297], [-77.19641799999998, 39.07743], [-77.196578, 39.077532999999995], [-77.196853, 39.077785], [-77.196936, 39.077886], [-77.19780000000002, 39.077438], [-77.19781, 39.077433], [-77.197923, 39.077581], [-77.197946, 39.077611], [-77.198013, 39.077698], [-77.198066, 39.077768], [-77.198013, 39.077794999999995], [-77.198006, 39.077808], [-77.198728, 39.078759], [-77.199132, 39.07929200000001], [-77.19956599999999, 39.079864], [-77.19972799999998, 39.080014], [-77.20022799999998, 39.080477], [-77.200004, 39.08081], [-77.199752, 39.081249], [-77.198966, 39.082511000000004], [-77.198241, 39.08362399999999], [-77.199197, 39.084010000000006], [-77.198421, 39.08523900000001], [-77.198163, 39.085143], [-77.197454, 39.084881], [-77.197349, 39.085052], [-77.19625, 39.086872], [-77.19596, 39.087340999999995], [-77.195717, 39.08774499999999], [-77.19450299999998, 39.089767], [-77.194351, 39.090099], [-77.194305, 39.090316], [-77.19428200000002, 39.09045], [-77.194305, 39.09081199999999], [-77.19447999999998, 39.091719999999995], [-77.194496, 39.091808], [-77.194488, 39.092071], [-77.194442, 39.092487], [-77.194213, 39.09244699999999], [-77.19416400000001, 39.092438], [-77.194078, 39.092423], [-77.19374600000002, 39.092365], [-77.19367500000001, 39.092353], [-77.193563, 39.092333], [-77.193307, 39.092275], [-77.193119, 39.092233], [-77.192956, 39.092196], [-77.192641, 39.09212399999999], [-77.192472, 39.092084], [-77.19185, 39.091942], [-77.191212, 39.091802], [-77.19083099999999, 39.091716], [-77.19034200000002, 39.091611], [-77.190312, 39.091605], [-77.190007, 39.091522999999995], [-77.189974, 39.091514], [-77.18977599999998, 39.091460000000005], [-77.189678, 39.091433], [-77.18963700000002, 39.091421], [-77.18953099999999, 39.09139100000001], [-77.189497, 39.091381], [-77.189236, 39.091307], [-77.188935, 39.091227], [-77.18884900000002, 39.091204000000005], [-77.188782, 39.091186], [-77.188521, 39.091117], [-77.18835299999999, 39.091072000000004], [-77.188211, 39.091034], [-77.18816099999998, 39.091021], [-77.18804999999999, 39.09099], [-77.187895, 39.090959], [-77.18777099999998, 39.090936000000006], [-77.18764399999999, 39.090915], [-77.187514, 39.090899], [-77.187382, 39.090886], [-77.187269, 39.090875000000004], [-77.187141, 39.090869], [-77.18702500000002, 39.090866], [-77.18693000000002, 39.090866], [-77.186804, 39.09087], [-77.186678, 39.09087699999999], [-77.186558, 39.090887], [-77.186554, 39.090832], [-77.186428, 39.090849], [-77.18604000000002, 39.090896], [-77.185936, 39.090909], [-77.185767, 39.090929], [-77.18566699999998, 39.090937999999994], [-77.18548, 39.090964], [-77.1853, 39.09099], [-77.185182, 39.091011], [-77.185014, 39.091057], [-77.184997, 39.090911], [-77.184936, 39.090587], [-77.184825, 39.08870600000001], [-77.18481800000002, 39.08858600000001], [-77.18455199999998, 39.08859], [-77.184233, 39.088594], [-77.184119, 39.08859799999999], [-77.184037, 39.088602], [-77.183848, 39.088609], [-77.18330999999999, 39.088606], [-77.18291699999999, 39.088559], [-77.182823, 39.088554], [-77.18270300000002, 39.088535], [-77.18262899999999, 39.088526], [-77.18236899999998, 39.088583], [-77.18225499999998, 39.088609], [-77.182279, 39.088873], [-77.182288, 39.088966], [-77.182296, 39.089058], [-77.182305, 39.089149], [-77.182323, 39.089348], [-77.182232, 39.089352], [-77.182221, 39.089231999999996], [-77.182209, 39.089105999999994], [-77.18204500000002, 39.089239], [-77.18164799999998, 39.089562], [-77.181484, 39.089695000000006], [-77.18145199999998, 39.089721], [-77.181479, 39.089908], [-77.18153699999999, 39.090315], [-77.181585, 39.09065], [-77.18161699999999, 39.090839], [-77.18162, 39.090896], [-77.18104599999998, 39.09108599999999], [-77.180894, 39.091134999999994], [-77.180381, 39.091305], [-77.18081200000002, 39.091538], [-77.18203399999999, 39.092338], [-77.182093, 39.092353], [-77.18214899999998, 39.092365], [-77.18224200000002, 39.092381], [-77.182306, 39.092388], [-77.182392, 39.092394], [-77.182456, 39.092396], [-77.182455, 39.092495], [-77.182533, 39.092495], [-77.182615, 39.092492], [-77.182722, 39.092487], [-77.182983, 39.09245299999999], [-77.18335899999998, 39.092349], [-77.183427, 39.09233], [-77.183511, 39.092295], [-77.18357, 39.092269], [-77.18368, 39.092219], [-77.183786, 39.092164], [-77.183888, 39.092105], [-77.183985, 39.09204100000001], [-77.184525, 39.091633], [-77.184623, 39.091573], [-77.185108, 39.091292], [-77.185499, 39.091233], [-77.18572999999999, 39.091199], [-77.186199, 39.091128], [-77.186462, 39.091098], [-77.186774, 39.091081], [-77.187363, 39.091098], [-77.18776999999999, 39.091165], [-77.187878, 39.09119400000001], [-77.18808199999998, 39.091239], [-77.1893, 39.091547], [-77.189407, 39.091574], [-77.18993600000002, 39.091684], [-77.19005400000002, 39.091719], [-77.191421, 39.09205299999999], [-77.19176800000001, 39.092144], [-77.192404, 39.092263], [-77.192909, 39.092405], [-77.193677, 39.09259], [-77.19432, 39.092747], [-77.194374, 39.092754], [-77.19440899999998, 39.09276200000001], [-77.19635899999999, 39.093187], [-77.196248, 39.093382], [-77.196026, 39.093884], [-77.19583, 39.09437], [-77.19508599999999, 39.096156], [-77.19499100000002, 39.096385], [-77.19489300000001, 39.096549], [-77.194638, 39.096921], [-77.19414000000002, 39.097425], [-77.193829, 39.097717], [-77.192736, 39.098651], [-77.19251, 39.09892599999999], [-77.19235999999998, 39.099197], [-77.19219000000001, 39.099608], [-77.192157, 39.099738], [-77.19206799999999, 39.100055], [-77.19198, 39.100359], [-77.191911, 39.100557], [-77.19181999999999, 39.100782], [-77.19173700000002, 39.100928], [-77.19127600000002, 39.101626], [-77.191114, 39.101912], [-77.190958, 39.102226], [-77.190864, 39.10246], [-77.190811, 39.102603], [-77.190624, 39.103285], [-77.190592, 39.103489], [-77.19044, 39.104336], [-77.190309, 39.104972], [-77.190236, 39.105366], [-77.19004200000002, 39.106251], [-77.189757, 39.107], [-77.189565, 39.107301], [-77.189426, 39.107488], [-77.189302, 39.107686], [-77.188961, 39.108167], [-77.18879099999998, 39.108404], [-77.188728, 39.108502], [-77.188229, 39.109264], [-77.18814800000001, 39.109406], [-77.187933, 39.109792], [-77.187696, 39.110317], [-77.187643, 39.110433], [-77.18761, 39.110501], [-77.18754400000002, 39.110713], [-77.187465, 39.110953], [-77.187355, 39.111226], [-77.187207, 39.111599], [-77.187075, 39.11184200000001], [-77.186785, 39.11255], [-77.18663900000001, 39.112876], [-77.18623300000002, 39.113727], [-77.185925, 39.114192], [-77.185616, 39.114526], [-77.185505, 39.114705], [-77.184655, 39.115748], [-77.184593, 39.115836], [-77.184064, 39.116579], [-77.183479, 39.11740300000001], [-77.18309, 39.117972], [-77.182747, 39.11848], [-77.182486, 39.118855], [-77.182306, 39.119075], [-77.182234, 39.119152], [-77.182011, 39.119357], [-77.18160000000002, 39.119663], [-77.181173, 39.119922], [-77.180772, 39.120115], [-77.18071499999999, 39.120144], [-77.180673, 39.120136], [-77.17985, 39.119713], [-77.17982399999998, 39.119642], [-77.179817, 39.119617], [-77.179577, 39.11951], [-77.179022, 39.11926299999999], [-77.178723, 39.11913], [-77.17861099999999, 39.11908], [-77.178455, 39.119012], [-77.178404, 39.119075], [-77.178256, 39.11925299999999], [-77.178025, 39.11953], [-77.17773100000001, 39.119887], [-77.177691, 39.119934], [-77.177659, 39.119973], [-77.177566, 39.120085], [-77.177466, 39.120206], [-77.17734, 39.120361], [-77.176975, 39.120589], [-77.176343, 39.120984], [-77.175979, 39.12121], [-77.175893, 39.121288], [-77.17594, 39.121316], [-77.176501, 39.121681], [-77.177635, 39.122465], [-77.177765, 39.12256], [-77.177642, 39.122665], [-77.177361, 39.12293], [-77.17703800000001, 39.123259], [-77.176779, 39.123537], [-77.176254, 39.124038], [-77.17600200000001, 39.124325], [-77.17619499999999, 39.124434], [-77.176676, 39.124707], [-77.176857, 39.124809], [-77.177984, 39.125447], [-77.178078, 39.1255], [-77.17846, 39.125716], [-77.178632, 39.125813], [-77.17871699999999, 39.12578499999999], [-77.17970800000002, 39.124757], [-77.17993399999999, 39.124517], [-77.180071, 39.124379], [-77.180117, 39.124333], [-77.180158, 39.12432900000001], [-77.18044199999999, 39.12431], [-77.180018, 39.124061], [-77.180113, 39.12396499999999], [-77.18113500000001, 39.123022], [-77.181457, 39.122723], [-77.18161100000002, 39.122524], [-77.181694, 39.122333], [-77.181411, 39.12158500000001], [-77.181909, 39.12138], [-77.182638, 39.120901], [-77.18291699999999, 39.12094], [-77.18293900000002, 39.12068], [-77.182942, 39.120644], [-77.18301, 39.12043], [-77.18304200000001, 39.120331], [-77.183045, 39.120315], [-77.183068, 39.120197], [-77.183086, 39.120108], [-77.18344300000001, 39.120054], [-77.183596, 39.119876], [-77.18393699999999, 39.12002100000001], [-77.184272, 39.120151], [-77.184722, 39.120326], [-77.18481800000002, 39.120363], [-77.18486600000001, 39.120275], [-77.184906, 39.11984799999999], [-77.184732, 39.119835], [-77.184739, 39.119775000000004], [-77.18476000000001, 39.119618], [-77.184768, 39.119557], [-77.185115, 39.119575], [-77.18515899999998, 39.119156], [-77.186669, 39.119249], [-77.186607, 39.119889], [-77.186483, 39.119995], [-77.186271, 39.120136], [-77.185981, 39.120422], [-77.18585900000001, 39.120483], [-77.1856, 39.120544], [-77.185455, 39.120548], [-77.185333, 39.120529], [-77.18533, 39.120723], [-77.186235, 39.121112], [-77.186405, 39.121111], [-77.187012, 39.121178], [-77.187165, 39.121182], [-77.188052, 39.121641], [-77.188098, 39.121588], [-77.18815599999999, 39.121523], [-77.18830200000001, 39.12147], [-77.188773, 39.121686], [-77.18867299999998, 39.122146], [-77.188659, 39.122215], [-77.188646, 39.122276], [-77.188466, 39.12245999999999], [-77.188241, 39.122689], [-77.188162, 39.12277], [-77.188071, 39.122864], [-77.188209, 39.122907000000005], [-77.187906, 39.123342], [-77.18776600000001, 39.123538], [-77.187571, 39.123437], [-77.185616, 39.122423], [-77.185226, 39.122966], [-77.185478, 39.123073], [-77.18334100000001, 39.124576], [-77.18404299999999, 39.125049], [-77.18607299999998, 39.123493], [-77.1875, 39.124626], [-77.18769, 39.124752], [-77.18715599999999, 39.12516], [-77.186866, 39.125343], [-77.185401, 39.125957], [-77.185729, 39.126209], [-77.185989, 39.12645299999999], [-77.186889, 39.127464], [-77.186141, 39.127864], [-77.186964, 39.128664], [-77.188075, 39.129892], [-77.188216, 39.129879], [-77.18827000000002, 39.129932], [-77.188284, 39.129925], [-77.188564, 39.130376], [-77.18843, 39.130538], [-77.189018, 39.130317], [-77.189193, 39.13024099999999], [-77.189323, 39.130161], [-77.189422, 39.130069], [-77.189575, 39.129806], [-77.190299, 39.128395], [-77.19076499999998, 39.12862], [-77.19090200000001, 39.128684], [-77.19134300000002, 39.128796], [-77.192272, 39.127689], [-77.19239, 39.12755000000001], [-77.19185199999998, 39.127029], [-77.191767, 39.126947], [-77.19206099999998, 39.126719], [-77.19261, 39.126295], [-77.192732, 39.126197], [-77.187621, 39.123966], [-77.18803300000002, 39.12337399999999], [-77.18808, 39.123307000000004], [-77.188329, 39.122949], [-77.18838499999998, 39.122867], [-77.188352, 39.122855], [-77.188276, 39.12283], [-77.18827000000002, 39.122802], [-77.18841599999999, 39.122652], [-77.188563, 39.122498], [-77.18862899999999, 39.12243], [-77.188895, 39.12235], [-77.188978, 39.122322000000004], [-77.189119, 39.122273], [-77.18935700000002, 39.122191], [-77.18904100000002, 39.122066000000004], [-77.18898, 39.121864], [-77.18895699999999, 39.12173], [-77.188949, 39.121475000000004], [-77.188972, 39.121288], [-77.189331, 39.11967], [-77.190315, 39.119792], [-77.192468, 39.120144], [-77.19302, 39.11794], [-77.192924, 39.117908], [-77.19259600000001, 39.117855], [-77.191841, 39.117752], [-77.191932, 39.117263], [-77.191909, 39.117134], [-77.19186399999998, 39.117073], [-77.192993, 39.116401], [-77.19251, 39.116043999999995], [-77.192397, 39.115959], [-77.192303, 39.11587], [-77.191598, 39.115209], [-77.191471, 39.115089], [-77.191542, 39.11505100000001], [-77.190632, 39.114224], [-77.190535, 39.114294], [-77.19045299999999, 39.114217], [-77.189754, 39.113561999999995], [-77.189717, 39.113527], [-77.189613, 39.113429999999994], [-77.189218, 39.113796], [-77.18738400000001, 39.116481], [-77.186665, 39.117535], [-77.185775, 39.11753], [-77.185523, 39.117511], [-77.184837, 39.11749199999999], [-77.184608, 39.117488], [-77.184978, 39.117007], [-77.184265, 39.116687], [-77.184834, 39.115891], [-77.185819, 39.114619], [-77.18622100000002, 39.114127], [-77.18787299999998, 39.11473000000001], [-77.188101, 39.114832], [-77.188819, 39.114166], [-77.188584, 39.11406800000001], [-77.187999, 39.113825], [-77.187722, 39.113709], [-77.187773, 39.113611], [-77.188122, 39.113689], [-77.188331, 39.113456], [-77.18824200000002, 39.11342], [-77.188263, 39.113314], [-77.18826699999998, 39.113206], [-77.18763299999999, 39.113054], [-77.187478, 39.11311299999999], [-77.186842, 39.113338], [-77.18672, 39.113299999999995], [-77.186731, 39.113164000000005], [-77.18724200000001, 39.111883], [-77.18749, 39.111337], [-77.1876, 39.11108399999999], [-77.18769, 39.110857], [-77.18776699999998, 39.110634], [-77.187839, 39.110444], [-77.187866, 39.110379], [-77.18796, 39.110164000000005], [-77.188009, 39.110198], [-77.18833799999999, 39.110529], [-77.18936100000002, 39.111461], [-77.189699, 39.111773], [-77.18975900000001, 39.111828], [-77.189916, 39.111973], [-77.190057, 39.111485], [-77.190189, 39.111353], [-77.190527, 39.111138999999994], [-77.19146, 39.11128099999999], [-77.19167099999999, 39.111335999999994], [-77.191953, 39.11141099999999], [-77.19196999999998, 39.111408], [-77.19202899999999, 39.111272], [-77.192138, 39.111351], [-77.192398, 39.111469], [-77.192825, 39.111595], [-77.194679, 39.112083], [-77.19499900000001, 39.112144], [-77.19470099999998, 39.112697], [-77.194532, 39.11297], [-77.194371, 39.113138], [-77.194115, 39.113326], [-77.193899, 39.113458], [-77.193847, 39.113505], [-77.193825, 39.113602], [-77.193791, 39.113848], [-77.193817, 39.113853], [-77.194122, 39.113876], [-77.195648, 39.113845], [-77.195915, 39.113853], [-77.19622, 39.11389499999999], [-77.196479, 39.113952000000005], [-77.19677699999998, 39.114048], [-77.197059, 39.114162], [-77.197196, 39.114238], [-77.197463, 39.114387], [-77.197807, 39.114669000000006], [-77.19808899999998, 39.115005], [-77.19834, 39.115366], [-77.198806, 39.116035], [-77.198944, 39.11616800000001], [-77.199211, 39.11635900000001], [-77.199371, 39.116439], [-77.1996, 39.116523], [-77.19989, 39.116584], [-77.200843, 39.116653], [-77.20101100000001, 39.116695], [-77.20122499999998, 39.116779], [-77.201324, 39.11683599999999], [-77.201431, 39.116924], [-77.20158299999999, 39.117103], [-77.202148, 39.11787399999999], [-77.20219700000001, 39.117928], [-77.20221299999999, 39.117946], [-77.202242, 39.117932], [-77.202293, 39.11791], [-77.204463, 39.11697], [-77.204583, 39.116925], [-77.20471, 39.11689499999999], [-77.204841, 39.116878], [-77.20497400000002, 39.116875], [-77.20510599999999, 39.116888], [-77.205235, 39.116914], [-77.205358, 39.11695400000001], [-77.205583, 39.117047], [-77.205724, 39.116608], [-77.205513, 39.116279], [-77.204849, 39.116203], [-77.20466, 39.116157], [-77.204376, 39.116073], [-77.204162, 39.115978], [-77.203826, 39.115791], [-77.203655, 39.115681], [-77.203559, 39.115619], [-77.203224, 39.115364], [-77.202556, 39.11485], [-77.201972, 39.1144], [-77.20191099999998, 39.114353], [-77.20119399999999, 39.113822000000006], [-77.200813, 39.113594], [-77.200439, 39.113433], [-77.20030699999998, 39.113394], [-77.199882, 39.113269], [-77.199342, 39.113173], [-77.19915999999999, 39.11314], [-77.199216, 39.112941], [-77.19798599999999, 39.112731], [-77.19437, 39.111757], [-77.19269099999998, 39.111303], [-77.192003, 39.111118], [-77.19175700000001, 39.110988], [-77.191688, 39.110855], [-77.19165800000002, 39.110679], [-77.191673, 39.110519], [-77.191696, 39.110427], [-77.191787, 39.110244], [-77.19187099999999, 39.110126], [-77.19376299999999, 39.107894], [-77.19404599999999, 39.107673], [-77.194534, 39.107437], [-77.195228, 39.107044], [-77.195416, 39.107101], [-77.197004, 39.108197999999994], [-77.19764699999999, 39.108642], [-77.198496, 39.108791000000004], [-77.20261500000001, 39.109813], [-77.203117, 39.109937], [-77.203516, 39.110038], [-77.204788, 39.110145], [-77.205915, 39.11021900000001], [-77.20594000000001, 39.110263], [-77.20714599999998, 39.11223], [-77.20730600000002, 39.112493], [-77.207327, 39.112484], [-77.207967, 39.112169], [-77.20806399999998, 39.112186], [-77.208138, 39.1122], [-77.208236, 39.112209], [-77.208847, 39.112304], [-77.20903699999998, 39.112304], [-77.20950599999999, 39.112311], [-77.209694, 39.112314999999995], [-77.210095, 39.11232499999999], [-77.210288, 39.11233], [-77.210388, 39.112333], [-77.210473, 39.11233099999999], [-77.211092, 39.111033], [-77.211481, 39.11022], [-77.2115, 39.11019], [-77.211678, 39.109761999999996], [-77.211876, 39.10931899999999], [-77.212062, 39.108948], [-77.212229, 39.10866299999999], [-77.212266, 39.108591], [-77.212324, 39.108489], [-77.212463, 39.108556], [-77.21255000000001, 39.108353], [-77.21253199999998, 39.108272], [-77.21201900000001, 39.107503], [-77.21190899999999, 39.107342], [-77.211927, 39.107342], [-77.211579, 39.106854], [-77.215728, 39.107559], [-77.218188, 39.107933], [-77.21857800000001, 39.10715799999999], [-77.218814, 39.106688999999996], [-77.219283, 39.105556], [-77.219822, 39.104397], [-77.220422, 39.103138], [-77.220601, 39.102698], [-77.22068, 39.102722], [-77.220715, 39.102731], [-77.221555, 39.102952], [-77.22226200000001, 39.103089], [-77.223008, 39.103207], [-77.224015, 39.103312], [-77.22425500000001, 39.103326], [-77.22586799999999, 39.103374], [-77.22635900000002, 39.10341700000001], [-77.226904, 39.103479], [-77.227493, 39.103601], [-77.22797499999999, 39.10371], [-77.228523, 39.10387800000001], [-77.22899599999998, 39.104044], [-77.229659, 39.104344], [-77.230024, 39.104535999999996], [-77.233022, 39.106254], [-77.23305, 39.106272], [-77.233426, 39.106491999999996], [-77.23432, 39.106993], [-77.235028, 39.107425], [-77.235104, 39.107484], [-77.235514, 39.107759], [-77.235908, 39.108052], [-77.236575, 39.10860799999999], [-77.23711499999999, 39.109092], [-77.237236, 39.109206], [-77.237885, 39.109822], [-77.239588, 39.111422], [-77.239972, 39.11176], [-77.240288, 39.112029], [-77.240583, 39.112275], [-77.242866, 39.113762], [-77.243621, 39.114243], [-77.244473, 39.114786], [-77.244988, 39.115105], [-77.24532599999999, 39.1153], [-77.245721, 39.1155], [-77.246278, 39.115776], [-77.24642099999998, 39.11585], [-77.24703500000001, 39.116095], [-77.247614, 39.116314], [-77.24823799999999, 39.116517], [-77.249646, 39.116959], [-77.249902, 39.117043], [-77.25068, 39.11729499999999], [-77.250736, 39.117165], [-77.2512, 39.116093], [-77.252762, 39.116496999999995], [-77.252894, 39.116525], [-77.253046, 39.116558], [-77.25316, 39.116583], [-77.253135, 39.116762], [-77.253135, 39.117029], [-77.253132, 39.117131], [-77.253123, 39.117232], [-77.253107, 39.117333], [-77.253125, 39.117487], [-77.253127, 39.117597], [-77.25322899999999, 39.117758], [-77.253199, 39.117854], [-77.253188, 39.117879], [-77.25313300000002, 39.118004000000006], [-77.25344999999999, 39.118062], [-77.254031, 39.118137999999995], [-77.254735, 39.11819500000001], [-77.255207, 39.118236], [-77.255895, 39.118257], [-77.256591, 39.11832100000001], [-77.257225, 39.11835], [-77.25729499999998, 39.118493], [-77.257436, 39.118809], [-77.25767600000002, 39.11935], [-77.25787399999999, 39.119794], [-77.257994, 39.120066], [-77.258042, 39.120172], [-77.258121, 39.120351], [-77.258239, 39.120616000000005], [-77.258271, 39.12068899999999], [-77.257706, 39.120843], [-77.257587, 39.120875999999996], [-77.25746799999999, 39.121228], [-77.257423, 39.121361], [-77.257405, 39.121417], [-77.25674, 39.121282], [-77.256383, 39.12121], [-77.25598, 39.121128], [-77.255832, 39.121098], [-77.255477, 39.121026], [-77.255404, 39.12101199999999], [-77.255381, 39.120926], [-77.255298, 39.120617], [-77.255225, 39.120347], [-77.25508899999998, 39.12024], [-77.255009, 39.120178], [-77.25467099999999, 39.119914], [-77.254554, 39.119822], [-77.254308, 39.11962900000001], [-77.254202, 39.119546], [-77.25394599999998, 39.119345], [-77.253641, 39.119107], [-77.253254, 39.11880399999999], [-77.2529, 39.118527], [-77.25259099999998, 39.11827799999999], [-77.252525, 39.118226], [-77.252312, 39.118458], [-77.252016, 39.118734], [-77.251583, 39.119107], [-77.251212, 39.119477], [-77.251074, 39.119649], [-77.25095, 39.119851], [-77.250922, 39.119945], [-77.25024, 39.12187], [-77.250173, 39.121995000000005], [-77.250024, 39.122209], [-77.249885, 39.122378999999995], [-77.24973899999999, 39.122539], [-77.249531, 39.122733], [-77.24924599999999, 39.12297999999999], [-77.2477, 39.124246], [-77.247628, 39.124313], [-77.247388, 39.124514], [-77.24720099999999, 39.124674000000006], [-77.247166, 39.124706], [-77.246072, 39.125605], [-77.245789, 39.125836], [-77.24552299999999, 39.126024], [-77.24525199999998, 39.126182], [-77.2453, 39.126237], [-77.245352, 39.126287], [-77.24483, 39.126805], [-77.243999, 39.127621000000005], [-77.244232, 39.128989999999995], [-77.244285, 39.129505], [-77.244346, 39.129756], [-77.244468, 39.130439], [-77.244667, 39.131908], [-77.244674, 39.132053], [-77.244694, 39.132337], [-77.244861, 39.132915999999994], [-77.244874, 39.133047], [-77.244862, 39.133238], [-77.244804, 39.133472], [-77.244773, 39.133663], [-77.24452199999999, 39.13433400000001], [-77.24441999999999, 39.134587], [-77.243786, 39.134505], [-77.24362700000002, 39.134471], [-77.243512, 39.13474599999999], [-77.24370600000002, 39.134762], [-77.244312, 39.134856], [-77.244224, 39.135074], [-77.24365199999998, 39.13631399999999], [-77.243515, 39.136611], [-77.243506, 39.136629], [-77.241989, 39.136277], [-77.241751, 39.136796], [-77.241855, 39.136796], [-77.24242, 39.136933], [-77.242467, 39.136944], [-77.243259, 39.137137], [-77.243173, 39.137301], [-77.243118, 39.137405], [-77.242992, 39.137620000000005], [-77.24294199999999, 39.137706], [-77.242736, 39.137996], [-77.24259100000002, 39.138153], [-77.242759, 39.138252], [-77.242889, 39.13840799999999], [-77.243141, 39.13882], [-77.243377, 39.139301], [-77.243484, 39.13957200000001], [-77.24354499999998, 39.139797], [-77.24354100000001, 39.139949], [-77.243498, 39.140119], [-77.243409, 39.140243], [-77.243239, 39.140332], [-77.242965, 39.140476], [-77.242736, 39.140609], [-77.242546, 39.140796], [-77.242531, 39.140808], [-77.242433, 39.140975], [-77.242413, 39.141024], [-77.242219, 39.141492], [-77.24204799999998, 39.141872], [-77.241837, 39.142253], [-77.24172400000002, 39.14243], [-77.241522, 39.14271600000001], [-77.241384, 39.142929], [-77.24132200000001, 39.143149], [-77.241235, 39.14323000000001], [-77.241059, 39.143341], [-77.240209, 39.143608], [-77.240127, 39.143611], [-77.239929, 39.143693000000006], [-77.239743, 39.143771], [-77.23921899999999, 39.143989], [-77.238975, 39.144031], [-77.238555, 39.144004], [-77.238342, 39.144599], [-77.23789199999999, 39.145934], [-77.23774, 39.146440999999996], [-77.237698, 39.146767], [-77.237729, 39.1471], [-77.237819, 39.147593], [-77.23789900000001, 39.148089], [-77.23789599999999, 39.148213], [-77.237875, 39.148335], [-77.23810499999999, 39.148376], [-77.23861600000001, 39.148483], [-77.238893, 39.148558], [-77.238569, 39.149615], [-77.238512, 39.149804], [-77.238476, 39.149926], [-77.23822, 39.149963], [-77.238281, 39.150039], [-77.23840300000002, 39.150302], [-77.23851700000002, 39.150863], [-77.238693, 39.151893], [-77.238693, 39.151999999999994], [-77.23867, 39.15211800000001], [-77.238647, 39.15216], [-77.238456, 39.15258], [-77.23838799999999, 39.152724], [-77.238375, 39.152752], [-77.239939, 39.153273], [-77.239273, 39.153774], [-77.239051, 39.153942], [-77.238761, 39.154335], [-77.2387, 39.154407], [-77.238639, 39.15443], [-77.23837999999999, 39.154376], [-77.23829600000002, 39.154376], [-77.238235, 39.154399], [-77.238118, 39.154481], [-77.238077, 39.154504], [-77.237924, 39.154609], [-77.237703, 39.15479], [-77.23760799999998, 39.154832], [-77.237463, 39.15487000000001], [-77.237278, 39.154919], [-77.237048, 39.155631], [-77.23493, 39.155611], [-77.234391, 39.155602], [-77.234136, 39.154654], [-77.234032, 39.154271], [-77.230082, 39.155153], [-77.229832, 39.155211], [-77.228711, 39.15545900000001], [-77.227909, 39.155636], [-77.22717100000001, 39.155803], [-77.226643, 39.156165], [-77.226192, 39.156468], [-77.226123, 39.156413], [-77.225999, 39.156531], [-77.225901, 39.156529], [-77.22556700000001, 39.156539], [-77.22624, 39.157089], [-77.226933, 39.157594], [-77.227835, 39.15824], [-77.228793, 39.158884], [-77.22999299999998, 39.159636], [-77.232143, 39.1608], [-77.232086, 39.160845], [-77.231552, 39.16127000000001], [-77.231307, 39.161441], [-77.231231, 39.16147900000001], [-77.23043, 39.161697], [-77.230293, 39.161781], [-77.230117, 39.162063], [-77.22936999999999, 39.163429], [-77.229255, 39.163574], [-77.228797, 39.164047], [-77.22863699999999, 39.164157], [-77.22821, 39.164402], [-77.22767599999999, 39.16468], [-77.2275, 39.164794], [-77.227386, 39.164914], [-77.227364, 39.16496], [-77.22728100000002, 39.165077999999994], [-77.227132, 39.165345], [-77.226914, 39.165892], [-77.226828, 39.166013], [-77.226684, 39.166172], [-77.22628, 39.166553], [-77.224601, 39.165447], [-77.224113, 39.165065], [-77.22393, 39.164989], [-77.223815, 39.164966], [-77.2238, 39.164798], [-77.22364, 39.164627], [-77.222946, 39.164005], [-77.222824, 39.163875], [-77.222236, 39.163127], [-77.222193, 39.16308], [-77.22206900000002, 39.162943], [-77.2212, 39.166295], [-77.221082, 39.166758], [-77.218753, 39.166776000000006], [-77.217603, 39.16645], [-77.21684100000002, 39.166348], [-77.216441, 39.166579000000006], [-77.216173, 39.166861], [-77.215993, 39.167051], [-77.21480800000002, 39.1683], [-77.21477300000001, 39.168286], [-77.214372, 39.168076000000006], [-77.21277, 39.167251], [-77.21288200000001, 39.167209], [-77.21304300000001, 39.16711], [-77.213798, 39.166427], [-77.213813, 39.166412], [-77.214019, 39.166233], [-77.214093, 39.166168], [-77.211317, 39.164622], [-77.211139, 39.164524], [-77.210469, 39.164645], [-77.210371, 39.164662], [-77.20997, 39.164401], [-77.20961999999999, 39.164172], [-77.20774099999998, 39.163871], [-77.20763000000001, 39.163098], [-77.207596, 39.162824], [-77.207567, 39.162615], [-77.20750300000002, 39.162154], [-77.207474, 39.161952], [-77.20744999999998, 39.161772], [-77.20782600000001, 39.159737], [-77.207839, 39.159667], [-77.207841, 39.159614], [-77.207859, 39.159063], [-77.20784299999998, 39.158779], [-77.207802, 39.158019], [-77.207801, 39.157892000000004], [-77.20779500000002, 39.157502], [-77.20781500000001, 39.156151], [-77.206859, 39.156338], [-77.20631000000002, 39.156744], [-77.20549899999999, 39.157349], [-77.20451099999998, 39.15809], [-77.20448, 39.158113], [-77.204352, 39.158216], [-77.204241, 39.15809099999999], [-77.20328800000001, 39.157178], [-77.20253600000001, 39.156452], [-77.200973, 39.154942999999996], [-77.200243, 39.154254], [-77.199037, 39.153240999999994], [-77.19865900000002, 39.15292399999999], [-77.198478, 39.152724], [-77.198418, 39.152592], [-77.198341, 39.152347], [-77.196029, 39.152317], [-77.19489, 39.152381], [-77.194236, 39.152408], [-77.194178, 39.152411], [-77.19267999999998, 39.152507], [-77.192554, 39.152515], [-77.19239, 39.152525999999995], [-77.19234399999999, 39.152781999999995], [-77.192306, 39.15324], [-77.192184, 39.153953], [-77.192156, 39.15433], [-77.19215800000002, 39.154392], [-77.192138, 39.154754000000004], [-77.19207, 39.15525], [-77.191996, 39.156211], [-77.192002, 39.15730299999999], [-77.192002, 39.157341], [-77.19202899999999, 39.157828], [-77.192038, 39.157962], [-77.192092, 39.159218], [-77.19206499999999, 39.159989], [-77.192085, 39.160144], [-77.19164200000002, 39.160083], [-77.19043699999999, 39.15974], [-77.19006300000001, 39.159664], [-77.18972700000002, 39.159629], [-77.188705, 39.159618], [-77.18765, 39.159618], [-77.187724, 39.158924000000006], [-77.18737200000001, 39.158922], [-77.187303, 39.159618], [-77.187126, 39.159618], [-77.186815, 39.159593], [-77.186562, 39.159573], [-77.18666699999999, 39.158921], [-77.186623, 39.15891400000001], [-77.18659, 39.15889], [-77.186317, 39.158866999999994], [-77.186291, 39.159035], [-77.186212, 39.159545], [-77.185691, 39.159503], [-77.185317, 39.159461], [-77.184928, 39.159389000000004], [-77.184542, 39.15925300000001], [-77.18441, 39.15920599999999], [-77.184376, 39.15919399999999], [-77.184112, 39.159103], [-77.183915, 39.159063], [-77.183654, 39.159011], [-77.183571, 39.159002], [-77.183479, 39.158992], [-77.183305, 39.158971], [-77.18365699999998, 39.158652], [-77.18385300000001, 39.158477000000005], [-77.183773, 39.158433], [-77.183791, 39.158407], [-77.18375199999998, 39.158393], [-77.18384100000002, 39.158297], [-77.183676, 39.15825], [-77.183693, 39.158145], [-77.18373299999999, 39.158078999999994], [-77.183504, 39.158011], [-77.182171, 39.157922], [-77.181097, 39.15762599999999], [-77.18092600000001, 39.156479], [-77.18082300000002, 39.156467], [-77.180768, 39.156623], [-77.18045499999998, 39.156597], [-77.18092299999999, 39.155808], [-77.181189, 39.155357], [-77.181224, 39.155297], [-77.181274, 39.155213], [-77.18130099999999, 39.155167], [-77.181367, 39.155052], [-77.181393, 39.155007999999995], [-77.181467, 39.154883], [-77.18129, 39.154635], [-77.181103, 39.15425], [-77.180968, 39.153963999999995], [-77.179145, 39.153671], [-77.179008, 39.153649], [-77.178761, 39.15361], [-77.17863399999999, 39.15359], [-77.178156, 39.153513000000004], [-77.178041, 39.153493], [-77.177784, 39.15382400000001], [-77.17762499999999, 39.153776], [-77.177156, 39.153638], [-77.17662800000001, 39.153482], [-77.17602999999998, 39.153305], [-77.175654, 39.153194], [-77.17527299999999, 39.153063], [-77.17527, 39.153244], [-77.17530800000002, 39.153476], [-77.175307, 39.15361], [-77.17527, 39.153625], [-77.17424, 39.153789], [-77.174006, 39.15387900000001], [-77.173863, 39.153999], [-77.17378799999999, 39.154025], [-77.173669, 39.154118], [-77.173526, 39.154177], [-77.173459, 39.154255], [-77.173359, 39.154314], [-77.173309, 39.154438], [-77.17320800000002, 39.15444], [-77.173096, 39.154531], [-77.172829, 39.154552], [-77.172702, 39.154587], [-77.172471, 39.154602], [-77.171891, 39.15479700000001], [-77.171324, 39.154988], [-77.171048, 39.154871], [-77.170862, 39.154865], [-77.17036, 39.155044], [-77.170098, 39.155139], [-77.169614, 39.155755], [-77.16903, 39.155896], [-77.16880799999998, 39.155977], [-77.168738, 39.156026], [-77.16850000000001, 39.156331], [-77.1682, 39.156716], [-77.167805, 39.156556], [-77.167624, 39.156512], [-77.16747, 39.156493], [-77.16715700000002, 39.156501], [-77.166955, 39.156548], [-77.166742, 39.156622], [-77.166046, 39.156822], [-77.165168, 39.15715], [-77.164642, 39.157382], [-77.162717, 39.158016], [-77.161393, 39.158555], [-77.161337, 39.158579], [-77.160827, 39.159378], [-77.16077000000001, 39.159321999999996], [-77.160521, 39.159076], [-77.160419, 39.158992999999995], [-77.160055, 39.15867599999999], [-77.159217, 39.15794700000001], [-77.15915599999998, 39.157899], [-77.158821, 39.157634], [-77.158538, 39.157459], [-77.15802, 39.15717299999999], [-77.157684, 39.157012], [-77.157665, 39.157002], [-77.157165, 39.15676100000001], [-77.156867, 39.156543], [-77.156831, 39.156512], [-77.15625, 39.156009], [-77.156049, 39.155834], [-77.155792, 39.155612], [-77.15508200000001, 39.155078], [-77.154792, 39.1548], [-77.154434, 39.154457], [-77.154312, 39.154319], [-77.15362499999999, 39.153697], [-77.153194, 39.153366], [-77.152784, 39.153147], [-77.15217, 39.152862], [-77.151876, 39.152691], [-77.151756, 39.15261], [-77.151219, 39.152242], [-77.150283, 39.151628], [-77.15001900000001, 39.151431], [-77.14969600000002, 39.151138], [-77.149581, 39.151034], [-77.14862499999998, 39.150166000000006], [-77.147577, 39.149267], [-77.146972, 39.148708], [-77.146156, 39.149314], [-77.143569, 39.151451], [-77.14234899999998, 39.15239999999999], [-77.14202100000001, 39.152675], [-77.14186, 39.152881], [-77.141632, 39.153347], [-77.141639, 39.153747], [-77.141693, 39.153892], [-77.14177700000002, 39.15403299999999], [-77.141921, 39.15423199999999], [-77.142166, 39.154518], [-77.141845, 39.154613], [-77.141716, 39.154636], [-77.141479, 39.154754000000004], [-77.14140300000001, 39.154762], [-77.141204, 39.154735], [-77.141143, 39.154762], [-77.14112799999998, 39.154788], [-77.140975, 39.154766], [-77.14091400000001, 39.154823], [-77.140747, 39.154853], [-77.140716, 39.154899], [-77.14064, 39.154956], [-77.14043399999998, 39.155017], [-77.14035, 39.155013999999994], [-77.140251, 39.154918], [-77.14018999999999, 39.154903], [-77.140068, 39.15496], [-77.140098, 39.155021], [-77.140144, 39.155063], [-77.140136, 39.155101], [-77.14009, 39.155128], [-77.139999, 39.155136000000006], [-77.13990699999998, 39.155185], [-77.139541, 39.155448], [-77.13948000000002, 39.155456], [-77.139328, 39.15540599999999], [-77.13921299999998, 39.155548], [-77.138908, 39.155681], [-77.138786, 39.155715], [-77.138648, 39.15575], [-77.138481, 39.155731], [-77.138458, 39.155754], [-77.138458, 39.155826], [-77.138427, 39.15585300000001], [-77.138229, 39.155838], [-77.138, 39.155784], [-77.137924, 39.15583], [-77.13778600000002, 39.155971], [-77.137611, 39.155948], [-77.137504, 39.155982], [-77.137489, 39.156009], [-77.137527, 39.156055], [-77.13749599999998, 39.156085], [-77.137397, 39.156074], [-77.137374, 39.156028], [-77.137344, 39.156017], [-77.13720700000002, 39.156097], [-77.137161, 39.156101], [-77.136978, 39.156055], [-77.136657, 39.15612699999999], [-77.136619, 39.156108], [-77.13652, 39.156013], [-77.136436, 39.155986], [-77.136383, 39.156009], [-77.136413, 39.156105], [-77.13640499999998, 39.156139], [-77.136383, 39.156147], [-77.136245, 39.156066], [-77.136009, 39.156059], [-77.135726, 39.156154], [-77.135681, 39.156154], [-77.135528, 39.156085], [-77.13548999999999, 39.15607], [-77.135406, 39.15591800000001], [-77.135124, 39.155731], [-77.135085, 39.155711], [-77.134979, 39.155657999999995], [-77.13491, 39.155601000000004], [-77.134475, 39.155555], [-77.13433, 39.155414], [-77.13419300000001, 39.155456], [-77.134155, 39.155445], [-77.13414, 39.155426], [-77.13416999999998, 39.155376], [-77.13419300000001, 39.155273], [-77.13416999999998, 39.155181], [-77.134124, 39.155113], [-77.134063, 39.155078], [-77.133598, 39.155033], [-77.13358299999999, 39.154998], [-77.13358299999999, 39.154880000000006], [-77.133506, 39.154857], [-77.13343, 39.154857], [-77.13339899999998, 39.154834], [-77.13339899999998, 39.15464], [-77.133354, 39.154582], [-77.1333, 39.154582], [-77.13309400000001, 39.154762], [-77.133018, 39.1548], [-77.13280399999998, 39.15472], [-77.13269, 39.154701], [-77.132537, 39.154701], [-77.132316, 39.154636], [-77.13208699999998, 39.15468499999999], [-77.13197999999998, 39.154644], [-77.131874, 39.15462399999999], [-77.131858, 39.154495], [-77.13169, 39.15419], [-77.13151499999998, 39.153839], [-77.131435, 39.153773], [-77.13075700000002, 39.153207], [-77.130021, 39.152592], [-77.12999, 39.152566], [-77.129506, 39.152162], [-77.12929600000001, 39.151957], [-77.128589, 39.151267], [-77.125723, 39.148469], [-77.125526, 39.14827699999999], [-77.12550999999999, 39.148248], [-77.125369, 39.148119], [-77.12527099999998, 39.148063], [-77.12517, 39.147949], [-77.125029, 39.1478], [-77.124881, 39.14768000000001], [-77.12474200000001, 39.147598], [-77.12464799999998, 39.147543], [-77.12444699999999, 39.147451], [-77.12424900000002, 39.147382], [-77.124092, 39.147309], [-77.12402, 39.14725], [-77.123973, 39.147171], [-77.123976, 39.147090999999996], [-77.124043, 39.146994], [-77.124147, 39.14694], [-77.124154, 39.146912], [-77.124177, 39.146814], [-77.12424, 39.146698], [-77.124301, 39.14662], [-77.124346, 39.146532], [-77.124368, 39.146385], [-77.124344, 39.146239], [-77.124297, 39.146076], [-77.124223, 39.145935], [-77.124176, 39.145905], [-77.12414, 39.145882], [-77.124126, 39.145861999999994], [-77.124111, 39.145792], [-77.12409600000001, 39.145672], [-77.124102, 39.145531000000005], [-77.12414, 39.145396], [-77.124182, 39.145319], [-77.124191, 39.145309], [-77.124066, 39.14481000000001], [-77.124014, 39.144602], [-77.12415599999999, 39.143267], [-77.124534, 39.142345], [-77.126182, 39.14200499999999], [-77.126306, 39.142027], [-77.126496, 39.142057], [-77.12669600000001, 39.14201099999999], [-77.12673, 39.142003], [-77.126746, 39.14199300000001], [-77.12686999999998, 39.14195], [-77.127049, 39.14187499999999], [-77.127193, 39.14178600000001], [-77.12727100000001, 39.141692], [-77.127337, 39.141568], [-77.127324, 39.14141599999999], [-77.12721599999999, 39.141232], [-77.127076, 39.141236], [-77.126918, 39.141283], [-77.126679, 39.141289], [-77.126532, 39.14118], [-77.126425, 39.141065], [-77.126341, 39.14093900000001], [-77.126298, 39.140876], [-77.126269, 39.140833], [-77.126144, 39.140646], [-77.12604500000002, 39.140352], [-77.126312, 39.14013], [-77.126379, 39.139955], [-77.126347, 39.139879], [-77.126305, 39.139778], [-77.126134, 39.139679], [-77.126156, 39.139599], [-77.126214, 39.139483], [-77.126315, 39.139315999999994], [-77.126387, 39.13912], [-77.126518, 39.13905200000001], [-77.12684599999999, 39.138977], [-77.127041, 39.138836], [-77.12715700000001, 39.138776], [-77.127376, 39.13869], [-77.127403, 39.138671], [-77.127862, 39.138659], [-77.127902, 39.13865800000001], [-77.127914, 39.138649], [-77.128148, 39.138471], [-77.12816900000001, 39.138335000000005], [-77.12817399999999, 39.138303], [-77.128262, 39.137722], [-77.128439, 39.1374], [-77.128921, 39.13739], [-77.12735700000002, 39.136596], [-77.12696000000001, 39.136435999999996], [-77.126602, 39.136337], [-77.125785, 39.136211], [-77.125442, 39.136142], [-77.125221, 39.13607], [-77.12495400000002, 39.135925], [-77.12479399999998, 39.135799], [-77.124287, 39.135324999999995], [-77.12409, 39.135117], [-77.123817, 39.134902], [-77.123641, 39.13478], [-77.1231, 39.134479], [-77.122627, 39.133991], [-77.122482, 39.133846], [-77.121528, 39.132755], [-77.119576, 39.130632], [-77.11891500000002, 39.129833], [-77.11855600000001, 39.129488], [-77.118099, 39.12919], [-77.11733599999998, 39.128699], [-77.11695799999998, 39.128394], [-77.116887, 39.128308], [-77.11664, 39.128009000000006], [-77.116381, 39.12747900000001], [-77.11616500000001, 39.126739], [-77.116086, 39.126507999999994], [-77.115857, 39.125867], [-77.115698, 39.12525], [-77.11556, 39.124326], [-77.11550799999999, 39.123634], [-77.11544800000001, 39.12296800000001], [-77.115328, 39.122580000000006], [-77.11515, 39.122195], [-77.11540899999999, 39.122039], [-77.115554, 39.121955], [-77.116455, 39.121387], [-77.117362, 39.120719], [-77.11793499999999, 39.120277], [-77.118637, 39.119758], [-77.118942, 39.11950300000001], [-77.11904100000001, 39.119384], [-77.11913999999999, 39.119232], [-77.119606, 39.118415], [-77.120056, 39.117626], [-77.120712, 39.116397], [-77.12144400000001, 39.115066], [-77.12151999999999, 39.114784], [-77.121734, 39.112819], [-77.12176499999998, 39.112369], [-77.121749, 39.111434], [-77.121742, 39.110767], [-77.121711, 39.110549], [-77.12162, 39.110282], [-77.121398, 39.109867], [-77.121269, 39.109527], [-77.121116, 39.107933], [-77.120971, 39.10717], [-77.120956, 39.106983], [-77.120994, 39.106685], [-77.121307, 39.106632000000005], [-77.121856, 39.106452], [-77.122077, 39.106403], [-77.12301600000002, 39.106269], [-77.12326000000002, 39.106204], [-77.123596, 39.106079], [-77.123878, 39.10601], [-77.124183, 39.106002], [-77.125137, 39.106082], [-77.12526, 39.106093], [-77.125374, 39.106253], [-77.12545899999999, 39.106362], [-77.12795299999999, 39.10949200000001], [-77.12806700000002, 39.109618], [-77.128082, 39.109622], [-77.128219, 39.109706], [-77.12844800000002, 39.11005], [-77.128585, 39.110202], [-77.128684, 39.110343], [-77.128692, 39.110374], [-77.128684, 39.110572], [-77.128707, 39.110752], [-77.128791, 39.11087], [-77.128936, 39.111167], [-77.128967, 39.111351], [-77.128936, 39.111656], [-77.12889000000001, 39.111797], [-77.128822, 39.111892], [-77.128852, 39.11198000000001], [-77.128921, 39.112026], [-77.12918, 39.112106], [-77.12937900000001, 39.112148], [-77.129608, 39.112121], [-77.12987500000001, 39.112056], [-77.12995899999999, 39.11206], [-77.130027, 39.112091], [-77.130111, 39.112155], [-77.13020299999998, 39.112297], [-77.13024900000002, 39.112564], [-77.130241, 39.112674], [-77.13021, 39.112735], [-77.130218, 39.112804], [-77.130256, 39.11285], [-77.130325, 39.11289200000001], [-77.130615, 39.112911], [-77.130722, 39.112941], [-77.13077499999999, 39.11298699999999], [-77.130767, 39.113075], [-77.130783, 39.11310099999999], [-77.13088899999998, 39.113182], [-77.13108000000001, 39.113254], [-77.13115599999999, 39.11335700000001], [-77.13126299999999, 39.113414], [-77.131371, 39.113429], [-77.13153, 39.113452], [-77.131706, 39.11351], [-77.13178200000002, 39.113586], [-77.13188899999999, 39.113624], [-77.132347, 39.113533], [-77.132423, 39.113529], [-77.132591, 39.113468], [-77.132629, 39.113437], [-77.132659, 39.113384], [-77.132797, 39.113315], [-77.132888, 39.113226999999995], [-77.13301, 39.113182], [-77.13307099999999, 39.11314], [-77.133186, 39.113128], [-77.13325500000002, 39.113098], [-77.133377, 39.11310099999999], [-77.133522, 39.113056], [-77.13380399999998, 39.113063], [-77.133872, 39.113098], [-77.133987, 39.113204], [-77.134033, 39.113224], [-77.134223, 39.113224], [-77.134368, 39.113182], [-77.13446, 39.113132], [-77.134696, 39.113124], [-77.134811, 39.113132], [-77.134933, 39.11316600000001], [-77.135299, 39.113170000000004], [-77.13552, 39.113277], [-77.135696, 39.113265], [-77.135749, 39.113216], [-77.136177, 39.113136], [-77.136444, 39.11314], [-77.136611, 39.11309], [-77.136734, 39.11309], [-77.13687, 39.113062], [-77.13694, 39.11304799999999], [-77.137016, 39.113056], [-77.137123, 39.113105000000004], [-77.137245, 39.113121], [-77.13742, 39.11317799999999], [-77.137512, 39.113235], [-77.13758, 39.113384], [-77.13771, 39.113487000000006], [-77.137756, 39.11354800000001], [-77.137733, 39.113578], [-77.137634, 39.113628], [-77.137619, 39.113658], [-77.137779, 39.113838], [-77.137847, 39.113964], [-77.137855, 39.114081999999996], [-77.137939, 39.114196], [-77.137939, 39.114299], [-77.137855, 39.114421], [-77.137863, 39.114448], [-77.137985, 39.11457], [-77.138229, 39.114673], [-77.138481, 39.114688], [-77.138092, 39.1137], [-77.13971399999998, 39.112126], [-77.14373, 39.108232], [-77.144672, 39.107319], [-77.14542199999998, 39.10717], [-77.14704496441591, 39.10685094093262], [-77.14491548165252, 39.10097783339466], [-77.14471129263248, 39.10028648613443], [-77.14459517879075, 39.09958289553216], [-77.14456825836707, 39.09887383754996], [-77.14463079061986, 39.09816614080382], [-77.1447821733293, 39.09746662080027], [-77.14502094859718, 39.096782014299336], [-77.14505094609913, 39.09672059630915], [-77.143468, 39.096687], [-77.142745, 39.096672], [-77.14257, 39.096675], [-77.14294099999998, 39.09517], [-77.14290000000001, 39.095161], [-77.14241999999999, 39.09461], [-77.141887, 39.093978], [-77.14182000000001, 39.093898], [-77.141775, 39.09387], [-77.14173400000001, 39.093841], [-77.141387, 39.093894], [-77.141181, 39.093967], [-77.14128800000002, 39.094474000000005], [-77.141242, 39.094581], [-77.141197, 39.094627], [-77.140884, 39.094833], [-77.140667, 39.094966], [-77.140319, 39.09518], [-77.140053, 39.095344], [-77.140976, 39.096384], [-77.141076, 39.096496], [-77.141165, 39.096445], [-77.141464, 39.096276], [-77.141559, 39.096222], [-77.142061, 39.096578], [-77.142216, 39.096683999999996], [-77.142258, 39.096713], [-77.14250500000001, 39.096883], [-77.142585, 39.096943], [-77.142562, 39.096996], [-77.14249400000001, 39.097293], [-77.142295, 39.098133], [-77.14233300000001, 39.098178], [-77.14246299999999, 39.09832300000001], [-77.142783, 39.098577], [-77.141877, 39.099051], [-77.14181399999998, 39.099], [-77.14178800000002, 39.098978], [-77.141627, 39.098845], [-77.14159699999999, 39.09882], [-77.141425, 39.098678], [-77.14139400000002, 39.098653], [-77.141319, 39.098686], [-77.14064, 39.09897900000001], [-77.140441, 39.09912099999999], [-77.14033500000001, 39.09923100000001], [-77.140014, 39.09971199999999], [-77.139732, 39.099956000000006], [-77.139496, 39.09979], [-77.139752, 39.09941], [-77.138926, 39.098256000000006], [-77.139174, 39.098098], [-77.13936200000002, 39.097975], [-77.139228, 39.097804999999994], [-77.139001, 39.097936], [-77.138745, 39.098086], [-77.138579, 39.097877], [-77.13838500000001, 39.097963], [-77.13801000000001, 39.098124], [-77.137974, 39.098078], [-77.137665, 39.097693], [-77.137273, 39.0972], [-77.137206, 39.097116], [-77.137161, 39.097145], [-77.13694699999999, 39.097293], [-77.13681700000001, 39.097412], [-77.136711, 39.097518], [-77.136566, 39.097736000000005], [-77.136955, 39.098007], [-77.138047, 39.098773], [-77.13747100000002, 39.09871], [-77.13651099999998, 39.098572], [-77.136353, 39.098549], [-77.136288, 39.098542], [-77.136233, 39.09853799999999], [-77.13617099999999, 39.098567], [-77.136173, 39.098548], [-77.136218, 39.098419], [-77.136244, 39.098349], [-77.136213, 39.098373], [-77.136144, 39.098367], [-77.136016, 39.098353], [-77.135768, 39.098326], [-77.135573, 39.098305], [-77.135414, 39.098283], [-77.135412, 39.098273], [-77.135373, 39.098269], [-77.135228, 39.098253], [-77.135055, 39.098234], [-77.134892, 39.098216], [-77.134727, 39.098198999999994], [-77.134487, 39.098172], [-77.13437800000001, 39.098161], [-77.13429500000001, 39.098113], [-77.134223, 39.097175], [-77.13361400000001, 39.09720200000001], [-77.133525, 39.09720600000001], [-77.133529, 39.097232], [-77.13343, 39.097953], [-77.133331, 39.098606], [-77.133338, 39.098823], [-77.133392, 39.09909], [-77.13339899999998, 39.099201], [-77.133337, 39.100022], [-77.133049, 39.100038], [-77.132796, 39.100049], [-77.132662, 39.100055], [-77.13221199999998, 39.100074], [-77.132237, 39.100583], [-77.132251, 39.100879], [-77.13207399999999, 39.100887], [-77.131982, 39.100891], [-77.132018, 39.101548], [-77.131935, 39.101551], [-77.13198700000001, 39.102443], [-77.13199199999998, 39.102539], [-77.131996, 39.102601], [-77.13208599999999, 39.102604], [-77.132161, 39.102607], [-77.132156, 39.102546], [-77.132155, 39.10252], [-77.132245, 39.102525], [-77.132346, 39.10253], [-77.133005, 39.102565], [-77.133336, 39.10258199999999], [-77.13360200000001, 39.102596], [-77.13400199999998, 39.102617], [-77.13456, 39.102647000000005], [-77.13487000000002, 39.102663], [-77.13519799999999, 39.10268], [-77.135447, 39.102693], [-77.13550900000001, 39.10269600000001], [-77.135543, 39.102698], [-77.13569400000002, 39.102706000000005], [-77.135685, 39.10271999999999], [-77.135559, 39.102912], [-77.135238, 39.103279], [-77.134841, 39.103595], [-77.13446, 39.103851], [-77.134086, 39.104076], [-77.133819, 39.10424], [-77.133621, 39.104347000000004], [-77.13349, 39.10438], [-77.133401, 39.10431], [-77.133322, 39.104248], [-77.13318400000001, 39.104139], [-77.133032, 39.104019], [-77.13286999999998, 39.103892], [-77.13276799999998, 39.10381100000001], [-77.132636, 39.103707], [-77.132474, 39.103579], [-77.132367, 39.103494000000005], [-77.132252, 39.103403], [-77.132065, 39.103546], [-77.132016, 39.103583], [-77.131825, 39.103718], [-77.131723, 39.10379], [-77.131493, 39.10397], [-77.13131, 39.104114], [-77.131206, 39.104197], [-77.13109699999998, 39.104281], [-77.131017, 39.10434299999999], [-77.130887, 39.104443], [-77.130819, 39.104494], [-77.130361, 39.104844], [-77.13028, 39.104905], [-77.130222, 39.104949], [-77.12979799999998, 39.104592], [-77.12927, 39.104147999999995], [-77.12872899999999, 39.10369299999999], [-77.128152, 39.103208], [-77.128083, 39.103149], [-77.127778, 39.10223], [-77.12775199999999, 39.102139], [-77.127708, 39.101985000000006], [-77.127637, 39.101733], [-77.127612, 39.101596], [-77.12717, 39.100133], [-77.126935, 39.099359], [-77.12535600000001, 39.098819], [-77.125194, 39.09876], [-77.125213, 39.098907], [-77.125236, 39.09905599999999], [-77.125411, 39.099639], [-77.125434, 39.099819], [-77.125404, 39.100139], [-77.125366, 39.100322], [-77.125183, 39.100856], [-77.125091, 39.10123], [-77.125, 39.101501], [-77.124885, 39.10167599999999], [-77.124855, 39.10171], [-77.124809, 39.101715], [-77.124717, 39.101657], [-77.12466399999998, 39.101653999999996], [-77.12432, 39.101829], [-77.124107, 39.101875], [-77.123779, 39.101894], [-77.123672, 39.101943], [-77.12345799999999, 39.10199699999999], [-77.122924, 39.101936], [-77.122108, 39.102073], [-77.12107800000001, 39.102096], [-77.120674, 39.102062000000004], [-77.120796, 39.102138], [-77.120704, 39.10226], [-77.120674, 39.102275], [-77.120674, 39.102367], [-77.120628, 39.102382], [-77.120544, 39.102478], [-77.12042899999999, 39.10252299999999], [-77.120155, 39.102596], [-77.119995, 39.102611], [-77.119651, 39.102687], [-77.118888, 39.102900999999996], [-77.118865, 39.102912], [-77.118865, 39.102931], [-77.117553, 39.103302], [-77.11580600000002, 39.103717], [-77.113685, 39.107273], [-77.11273099999998, 39.10838300000001], [-77.110176, 39.10813100000001], [-77.10809299999998, 39.107688], [-77.10794, 39.107589], [-77.107765, 39.107593], [-77.107551, 39.107677], [-77.10749799999999, 39.10773], [-77.10748999999998, 39.107761], [-77.107467, 39.108013], [-77.107452, 39.108028], [-77.107368, 39.107975], [-77.10733, 39.107975], [-77.107276, 39.10802], [-77.107261, 39.10807799999999], [-77.10748999999998, 39.108249], [-77.10751300000001, 39.108253], [-77.10751300000001, 39.108242], [-77.107467, 39.108161], [-77.10748199999999, 39.108126999999996], [-77.10751300000001, 39.108126999999996], [-77.107543, 39.108226], [-77.107673, 39.10844800000001], [-77.10772699999998, 39.108573], [-77.108024, 39.108882], [-77.108238, 39.108997], [-77.108283, 39.109081], [-77.108367, 39.109149], [-77.108474, 39.109203], [-77.10893199999998, 39.109306], [-77.109024, 39.109355], [-77.109062, 39.109413], [-77.109077, 39.109512], [-77.109024, 39.109561], [-77.10882500000001, 39.109629999999996], [-77.108528, 39.109703], [-77.108253, 39.109802], [-77.10811600000001, 39.109905], [-77.107948, 39.109992], [-77.10761199999999, 39.110118], [-77.10748199999999, 39.110183], [-77.107299, 39.11024], [-77.106956, 39.11029799999999], [-77.10666600000002, 39.110285999999995], [-77.106475, 39.11024], [-77.10629999999999, 39.110218], [-77.106033, 39.110145], [-77.105766, 39.110149], [-77.10568199999999, 39.110134], [-77.105621, 39.110092], [-77.105422, 39.109851], [-77.105407, 39.109783], [-77.10548400000002, 39.109645], [-77.105453, 39.109584], [-77.105422, 39.109561], [-77.105339, 39.109558], [-77.105224, 39.109611], [-77.105041, 39.109619], [-77.104911, 39.109741], [-77.10483499999998, 39.109851], [-77.10469, 39.110279], [-77.10477400000002, 39.110561], [-77.10486599999999, 39.110794], [-77.10486599999999, 39.110996], [-77.104949, 39.111335], [-77.104957, 39.111732], [-77.10498799999999, 39.112113], [-77.10518599999999, 39.112529], [-77.105224, 39.11264799999999], [-77.105232, 39.11285], [-77.10520100000001, 39.112949], [-77.105148, 39.113033], [-77.10508699999998, 39.113082], [-77.104888, 39.11316600000001], [-77.104629, 39.113208], [-77.104232, 39.11316600000001], [-77.104087, 39.113182], [-77.10398799999999, 39.11324299999999], [-77.103759, 39.113449], [-77.103591, 39.113506], [-77.103515, 39.11354800000001], [-77.103492, 39.113586], [-77.103485, 39.11367], [-77.10352299999998, 39.113811], [-77.103622, 39.113933], [-77.10377499999998, 39.114048], [-77.10377499999998, 39.114116], [-77.10369100000001, 39.114215], [-77.103675, 39.114299], [-77.103782, 39.114467], [-77.103828, 39.114635], [-77.103942, 39.114833], [-77.103958, 39.114894], [-77.103942, 39.114936], [-77.10388099999999, 39.115013], [-77.103752, 39.115104], [-77.103446, 39.11518], [-77.10318700000002, 39.115173], [-77.102935, 39.115131], [-77.10278999999998, 39.115081], [-77.102622, 39.115047], [-77.102516, 39.115062], [-77.102416, 39.115127], [-77.10210400000001, 39.115413], [-77.101959, 39.115478], [-77.101898, 39.115531], [-77.101852, 39.115592], [-77.101844, 39.115627], [-77.10189, 39.11570300000001], [-77.102127, 39.116466], [-77.102218, 39.116649], [-77.102226, 39.116752], [-77.10231, 39.116961999999994], [-77.10237100000002, 39.117053], [-77.102378, 39.117103], [-77.102317, 39.117195], [-77.10221, 39.117278999999996], [-77.101921, 39.11737], [-77.10128000000002, 39.117633], [-77.10027299999999, 39.116924], [-77.099624, 39.11651899999999], [-77.09918199999998, 39.116264], [-77.099052, 39.116207], [-77.098663, 39.115997], [-77.097579, 39.115493], [-77.097404, 39.115425], [-77.097145, 39.115314], [-77.096, 39.114917], [-77.094589, 39.114467], [-77.09442900000002, 39.114398], [-77.093818, 39.1142], [-77.09288, 39.113842], [-77.089973, 39.112876], [-77.087783, 39.112155], [-77.08714199999999, 39.111942], [-77.08522, 39.111309], [-77.083976, 39.110866], [-77.083045, 39.110462], [-77.082092, 39.109989], [-77.081336, 39.109558], [-77.080189, 39.109026], [-77.08001499999999, 39.108946], [-77.079267, 39.10922], [-77.07875, 39.109336], [-77.078266, 39.109388], [-77.077679, 39.109391], [-77.077419, 39.10938999999999], [-77.07692199999998, 39.109397], [-77.076869, 39.109398], [-77.076151, 39.109389], [-77.075911, 39.109413], [-77.076025, 39.108323], [-77.07615, 39.107327], [-77.076214, 39.106815], [-77.076262, 39.106345], [-77.076325, 39.10577], [-77.076438, 39.104738], [-77.076509, 39.104218], [-77.076572, 39.10376999999999], [-77.076918, 39.101305], [-77.076937, 39.101195], [-77.07698000000002, 39.101021], [-77.077272, 39.099866], [-77.077415, 39.099339], [-77.07780499999998, 39.098411], [-77.078192, 39.097444], [-77.078331, 39.097052], [-77.07873399999998, 39.095857], [-77.079062, 39.094778], [-77.07921800000001, 39.094196], [-77.079455, 39.09316799999999], [-77.077921, 39.093625], [-77.077766, 39.093669], [-77.077657, 39.09369], [-77.07727, 39.09376499999999], [-77.07701100000001, 39.093791], [-77.076538, 39.093799], [-77.076263, 39.093784], [-77.07579, 39.093708], [-77.075651, 39.09367600000001], [-77.075096, 39.093547], [-77.074844, 39.09349], [-77.074607, 39.093437], [-77.073436, 39.093161], [-77.07308099999999, 39.093078], [-77.07271300000001, 39.092991], [-77.072609, 39.092966999999994], [-77.072547, 39.092952], [-77.072139, 39.09284099999999], [-77.072029, 39.092811], [-77.071601, 39.092643], [-77.070892, 39.092285], [-77.070478, 39.09202], [-77.070343, 39.091934], [-77.070228, 39.09185000000001], [-77.07008299999998, 39.09177300000001], [-77.069709, 39.091613], [-77.069358, 39.091495], [-77.069029, 39.091437], [-77.068748, 39.091388], [-77.068603, 39.091365], [-77.067802, 39.091323], [-77.066978, 39.091327], [-77.066644, 39.09134], [-77.066606, 39.091341], [-77.06649, 39.091346], [-77.066382, 39.091347], [-77.064895, 39.091369], [-77.064888, 39.091460000000005], [-77.064819, 39.092468], [-77.065155, 39.093215], [-77.064607, 39.094268], [-77.064504, 39.094466], [-77.06245400000002, 39.09839999999999], [-77.062412, 39.098527], [-77.062339, 39.098751], [-77.062338, 39.098783999999995], [-77.062324, 39.099414], [-77.06234899999998, 39.100905], [-77.059798, 39.102013], [-77.05897, 39.102364], [-77.05854200000002, 39.102547], [-77.058479, 39.102574], [-77.05761, 39.102942], [-77.056374, 39.103468], [-77.05692700000002, 39.104827], [-77.057114, 39.105286], [-77.057348, 39.105869], [-77.05773800000001, 39.10684], [-77.05856200000001, 39.106473], [-77.059088, 39.106883], [-77.059127, 39.106986], [-77.060714, 39.108188], [-77.060905, 39.10825700000001], [-77.061012, 39.108337], [-77.06347599999998, 39.110996], [-77.064331, 39.111896], [-77.064407, 39.111991], [-77.06445299999999, 39.112094], [-77.06447599999998, 39.112403], [-77.061889, 39.112327], [-77.06095799999999, 39.1123], [-77.06082700000002, 39.1123], [-77.060423, 39.1123], [-77.060295, 39.1123], [-77.060118, 39.112317000000004], [-77.06005500000002, 39.112323], [-77.059783, 39.11235], [-77.059188, 39.112487], [-77.056571, 39.113513], [-77.05422899999999, 39.114437], [-77.05399999999999, 39.114509], [-77.05353500000001, 39.114704], [-77.052757, 39.115028], [-77.05212400000002, 39.115341], [-77.05162800000001, 39.115608], [-77.050865, 39.116149], [-77.049156, 39.117485], [-77.048248, 39.118181], [-77.048187, 39.118228], [-77.047691, 39.118545], [-77.04734, 39.118736], [-77.046989, 39.118904], [-77.04621100000001, 39.11923900000001], [-77.0456, 39.119483], [-77.045433, 39.119541], [-77.045418, 39.119546], [-77.04522699999998, 39.119609], [-77.044799, 39.119689], [-77.04416600000002, 39.119747], [-77.043746, 39.119754], [-77.04247200000002, 39.119678], [-77.042121, 39.119682], [-77.041839, 39.11971599999999], [-77.04148799999999, 39.119815], [-77.041137, 39.119963999999996], [-77.04007700000001, 39.120529], [-77.039726, 39.120681], [-77.039512, 39.12073800000001], [-77.039016, 39.120784], [-77.038521, 39.120772], [-77.037047, 39.120786], [-77.035918, 39.120772], [-77.035199, 39.120729], [-77.034788, 39.120664], [-77.03465299999999, 39.120643], [-77.034004, 39.120483], [-77.03446399999999, 39.120137], [-77.0347, 39.119960000000006], [-77.03487699999998, 39.119791], [-77.035109, 39.11951499999999], [-77.03536500000001, 39.119184000000004], [-77.035582, 39.118852999999994], [-77.036186, 39.117717], [-77.03623999999999, 39.117583], [-77.036445, 39.117084000000006], [-77.03659000000002, 39.11664499999999], [-77.03678799999999, 39.115428], [-77.03693299999999, 39.114639], [-77.03707100000001, 39.11346], [-77.03708299999998, 39.113056], [-77.037109, 39.112258000000004], [-77.03708600000002, 39.111701], [-77.03708600000002, 39.111003], [-77.03708600000002, 39.109348], [-77.03707100000001, 39.109176], [-77.03707100000001, 39.108627], [-77.037139, 39.108112], [-77.037208, 39.107872], [-77.03739099999999, 39.10746], [-77.037753, 39.1068], [-77.039337, 39.103904], [-77.040107, 39.102504], [-77.040298, 39.102153], [-77.040573, 39.101699], [-77.039321, 39.101367], [-77.03915000000002, 39.101318], [-77.039425, 39.099039], [-77.039339, 39.098633], [-77.039331, 39.098594], [-77.039283, 39.098366], [-77.039266, 39.098288], [-77.03920299999999, 39.097983], [-77.039087, 39.097548999999994], [-77.038848, 39.09737], [-77.038664, 39.097126], [-77.03835100000002, 39.09677099999999], [-77.038229, 39.096378], [-77.03808300000001, 39.096017], [-77.039078, 39.094922999999994], [-77.037233, 39.095113], [-77.03694400000002, 39.09342999999999], [-77.036841, 39.093421], [-77.03646800000001, 39.093421], [-77.03597199999999, 39.093467], [-77.03569, 39.093524], [-77.03524699999998, 39.093616], [-77.035057, 39.093654], [-77.034782, 39.093551], [-77.034629, 39.093437], [-77.034378, 39.093409], [-77.033897, 39.093395], [-77.033714, 39.093372], [-77.033485, 39.093441], [-77.033325, 39.09346], [-77.033058, 39.09341], [-77.03299700000001, 39.093368], [-77.032936, 39.093246], [-77.032928, 39.093166000000004], [-77.032958, 39.093031999999994], [-77.032958, 39.092948], [-77.032913, 39.092895], [-77.032775, 39.092819], [-77.032684, 39.092807], [-77.032608, 39.092834], [-77.03247799999998, 39.092929], [-77.032394, 39.092948], [-77.031944, 39.092956], [-77.031852, 39.092941], [-77.031791, 39.092887], [-77.031684, 39.092708], [-77.031623, 39.092575000000004], [-77.031585, 39.092418], [-77.031501, 39.09233], [-77.03143299999999, 39.0923], [-77.031295, 39.092353], [-77.031219, 39.092388], [-77.031097, 39.092501999999996], [-77.030937, 39.092605], [-77.030616, 39.092857], [-77.030273, 39.093009], [-77.03012, 39.093006], [-77.029982, 39.092852], [-77.029914, 39.092842], [-77.029762, 39.09291], [-77.029716, 39.093002], [-77.02952500000002, 39.093151], [-77.029407, 39.09321], [-77.029373, 39.093227000000006], [-77.029183, 39.093293], [-77.029167, 39.093299], [-77.02914400000002, 39.093307], [-77.028789, 39.093287], [-77.028724, 39.093284], [-77.028594, 39.093307], [-77.02846600000001, 39.093360999999994], [-77.028442, 39.093372], [-77.028282, 39.09349], [-77.028205, 39.093524], [-77.027877, 39.093528], [-77.027763, 39.093494], [-77.027626, 39.09341], [-77.02745000000002, 39.093368], [-77.027015, 39.093421], [-77.026885, 39.093406], [-77.026687, 39.09333], [-77.026504, 39.093296], [-77.02639, 39.093307], [-77.026344, 39.093345], [-77.02629, 39.093379], [-77.026168, 39.093364], [-77.026023, 39.093215], [-77.02600799999999, 39.09312], [-77.026023, 39.093031999999994], [-77.026016, 39.092914], [-77.025901, 39.09254], [-77.02581000000002, 39.092308], [-77.025787, 39.09218499999999], [-77.02563400000001, 39.092037], [-77.025596, 39.09197600000001], [-77.02561899999999, 39.091854000000005], [-77.025688, 39.091777], [-77.025726, 39.091766], [-77.02581000000002, 39.091777], [-77.025939, 39.091854000000005], [-77.02603100000002, 39.091869], [-77.02613400000001, 39.091842], [-77.02627600000001, 39.09182], [-77.026341, 39.091775], [-77.026391, 39.091663000000004], [-77.02635500000001, 39.09153899999999], [-77.026268, 39.091393], [-77.02613099999999, 39.091281], [-77.026066, 39.091208], [-77.026001, 39.09109], [-77.025909, 39.091028], [-77.025786, 39.090905], [-77.025692, 39.090781], [-77.025656, 39.090680000000006], [-77.025627, 39.090562], [-77.025656, 39.090483000000006], [-77.02572800000002, 39.090461], [-77.025873, 39.090410000000006], [-77.02594, 39.090388], [-77.025969, 39.09029799999999], [-77.025955, 39.09020300000001], [-77.025897, 39.090151999999996], [-77.025817, 39.090135], [-77.025767, 39.090084999999995], [-77.025796, 39.089989], [-77.025868, 39.089854], [-77.025921, 39.089748], [-77.025924, 39.089698], [-77.025928, 39.089647], [-77.02582699999999, 39.089529], [-77.025769, 39.089399], [-77.025755, 39.089197], [-77.025714, 39.089105999999994], [-77.02569, 39.08905099999999], [-77.025594, 39.088994], [-77.02544099999999, 39.088908], [-77.02541600000002, 39.08889], [-77.024359, 39.088142], [-77.02236, 39.08719700000001], [-77.02177, 39.086585], [-77.02161999999998, 39.086598], [-77.021583, 39.086639], [-77.021575, 39.086727], [-77.021507, 39.086746], [-77.021186, 39.086776], [-77.020874, 39.086837], [-77.02074800000001, 39.086852], [-77.020551, 39.086879], [-77.020465, 39.086862], [-77.02023699999998, 39.086867], [-77.020005, 39.08685], [-77.019594, 39.086848], [-77.01951999999999, 39.086844], [-77.01790300000002, 39.086899], [-77.01552499999998, 39.087148000000006], [-77.013739, 39.08739800000001], [-77.012131, 39.087437], [-77.011154, 39.087607000000006], [-77.01017000000002, 39.087740999999994], [-77.008868, 39.087907], [-77.007773, 39.08803], [-77.006567, 39.088152], [-77.00548, 39.08820999999999], [-77.004504, 39.08826], [-77.003611, 39.088281], [-77.00304399999999, 39.088305], [-77.002175, 39.088366], [-77.000739, 39.088451], [-76.999693, 39.088535], [-76.99944299999999, 39.088567], [-76.99534999999999, 39.089058], [-76.990595, 39.08968500000001], [-76.990516, 39.089687], [-76.990509, 39.08966], [-76.990478, 39.089637], [-76.99028, 39.089641], [-76.990127, 39.089611], [-76.99003000000002, 39.08955], [-76.990005, 39.089534], [-76.989997, 39.089504000000005], [-76.990028, 39.089481], [-76.990142, 39.089477], [-76.990173, 39.089454], [-76.990173, 39.089302999999994], [-76.990173, 39.089202], [-76.99015799999998, 39.089172], [-76.990119, 39.089153], [-76.98993599999999, 39.089103], [-76.98983700000001, 39.088977], [-76.98982199999999, 39.088935], [-76.989685, 39.088829], [-76.989654, 39.088775], [-76.989616, 39.088432], [-76.989578, 39.088378], [-76.989349, 39.088378], [-76.989303, 39.088363], [-76.98873099999999, 39.088047], [-76.98873899999998, 39.087959], [-76.988716, 39.08793599999999], [-76.98852500000001, 39.08793599999999], [-76.988464, 39.087898], [-76.98838, 39.08774499999999], [-76.98824299999998, 39.087612], [-76.98813599999998, 39.087364], [-76.988113, 39.087340999999995], [-76.98799799999999, 39.087322], [-76.987937, 39.08727999999999], [-76.987937, 39.087219000000005], [-76.987892, 39.087135], [-76.987854, 39.08699], [-76.987777, 39.086883], [-76.987792, 39.086761], [-76.98777, 39.086696], [-76.987739, 39.08667700000001], [-76.987617, 39.086658], [-76.987503, 39.08657], [-76.987449, 39.08661600000001], [-76.98744200000002, 39.08667700000001], [-76.987373, 39.086684999999996], [-76.987228, 39.086558999999994], [-76.98703699999999, 39.086467], [-76.98691899999999, 39.086425000000006], [-76.986747, 39.086364], [-76.986587, 39.086345], [-76.986534, 39.086296], [-76.986518, 39.08617], [-76.986495, 39.086105], [-76.986465, 39.086082], [-76.986251, 39.086082], [-76.986083, 39.086059], [-76.985931, 39.085994], [-76.985542, 39.085872], [-76.985481, 39.085819], [-76.985374, 39.085762], [-76.985328, 39.085758], [-76.98529000000002, 39.08577699999999], [-76.985206, 39.085853], [-76.98513700000001, 39.085884], [-76.984794, 39.085884], [-76.984718, 39.085868], [-76.984565, 39.0858], [-76.984512, 39.085746], [-76.984451, 39.085563], [-76.984375, 39.08554], [-76.98430599999999, 39.085563], [-76.984237, 39.085678], [-76.98419900000002, 39.085689], [-76.984115, 39.085674], [-76.984054, 39.085632], [-76.983985, 39.085609], [-76.983863, 39.08562], [-76.983749, 39.085594], [-76.98359600000002, 39.085632], [-76.983428, 39.085597], [-76.983016, 39.085189], [-76.98286399999999, 39.085079], [-76.982803, 39.084972], [-76.98278, 39.084823], [-76.98272699999998, 39.084732], [-76.98265, 39.084648], [-76.982566, 39.084449], [-76.98250500000002, 39.08439200000001], [-76.982442, 39.084367], [-76.982147, 39.084251], [-76.98188700000001, 39.084125], [-76.981712, 39.084011], [-76.981605, 39.084049], [-76.98131500000001, 39.084037], [-76.98085, 39.084194], [-76.980773, 39.084167], [-76.98071200000001, 39.084091], [-76.98057500000002, 39.08403], [-76.98032300000001, 39.084018], [-76.980125, 39.083969], [-76.980072, 39.08393], [-76.979911, 39.083747], [-76.979873, 39.08373600000001], [-76.979743, 39.08374], [-76.979667, 39.083766], [-76.97939300000002, 39.083709], [-76.979248, 39.083747], [-76.979202, 39.083743999999996], [-76.979148, 39.083698], [-76.979103, 39.08369], [-76.97895, 39.083709], [-76.97882, 39.083705], [-76.978744, 39.083694], [-76.978645, 39.083648], [-76.978332, 39.083667], [-76.977996, 39.083621], [-76.977798, 39.083637], [-76.97760000000001, 39.083549000000005], [-76.977447, 39.083538], [-76.977386, 39.083507], [-76.97729399999999, 39.083412], [-76.977134, 39.083118], [-76.977088, 39.083072], [-76.97705, 39.083068], [-76.97698900000002, 39.083103], [-76.97687500000002, 39.083087], [-76.97672200000001, 39.083103], [-76.976455, 39.082896999999996], [-76.976531, 39.082862], [-76.976661, 39.082851], [-76.97676800000002, 39.082805], [-76.97687500000002, 39.082702000000005], [-76.976913, 39.082614], [-76.976943, 39.082527], [-76.976943, 39.082336], [-76.97696600000002, 39.082149], [-76.97710400000001, 39.081954], [-76.977111, 39.081920000000004], [-76.97708099999998, 39.081691], [-76.97709600000002, 39.081562], [-76.977066, 39.081466], [-76.977088, 39.081267999999994], [-76.977134, 39.081222], [-76.97719500000001, 39.081194999999994], [-76.97763, 39.08114199999999], [-76.97768399999998, 39.0811], [-76.977722, 39.08101599999999], [-76.977729, 39.08088999999999], [-76.977706, 39.080772], [-76.97747800000002, 39.080585], [-76.977462, 39.080528], [-76.977493, 39.080473999999995], [-76.977706, 39.080333], [-76.977767, 39.080177], [-76.97780599999999, 39.08001300000001], [-76.977928, 39.07982200000001], [-76.978103, 39.079486], [-76.978141, 39.079364], [-76.978149, 39.079265], [-76.978111, 39.07916600000001], [-76.97805700000002, 39.079082], [-76.977905, 39.07898699999999], [-76.97778299999999, 39.07896], [-76.977615, 39.078868], [-76.97759200000002, 39.078844999999994], [-76.97756899999999, 39.07872299999999], [-76.977523, 39.07867], [-76.977226, 39.07846], [-76.977233, 39.078433], [-76.97721800000001, 39.078407], [-76.97707299999999, 39.078342], [-76.97698199999999, 39.07825], [-76.976905, 39.078269], [-76.976799, 39.078208], [-76.976715, 39.078105], [-76.976646, 39.07793], [-76.97650100000001, 39.077762], [-76.97646999999999, 39.077674], [-76.976448, 39.077522], [-76.97638700000002, 39.077445], [-76.976315, 39.077387], [-76.976226, 39.077368], [-76.976212, 39.077365], [-76.976204, 39.077359], [-76.97615499999999, 39.07732], [-76.976126, 39.077212], [-76.976145, 39.077187], [-76.976192, 39.07719], [-76.97611999999998, 39.077058], [-76.976082, 39.076952000000006], [-76.975988, 39.076817], [-76.975943, 39.076792], [-76.975925, 39.07675699999999], [-76.975892, 39.07669599999999], [-76.975844, 39.076605], [-76.975786, 39.07649299999999], [-76.97568199999999, 39.076291], [-76.975543, 39.076136], [-76.975373, 39.076027], [-76.975219, 39.076049], [-76.97516599999999, 39.076011], [-76.975097, 39.075923], [-76.975021, 39.075744], [-76.974952, 39.07569500000001], [-76.97480700000001, 39.075653], [-76.97477699999999, 39.075626], [-76.9747, 39.075511], [-76.974662, 39.075389], [-76.97467799999998, 39.075267], [-76.974718, 39.075177], [-76.974769, 39.07506099999999], [-76.974884, 39.074699], [-76.974975, 39.07453099999999], [-76.975158, 39.074329], [-76.975234, 39.074222], [-76.97529599999999, 39.074077], [-76.97527299999999, 39.07402], [-76.975234, 39.07402], [-76.975151, 39.074085], [-76.975036, 39.074111], [-76.974937, 39.074058], [-76.974815, 39.073917], [-76.97483, 39.073679999999996], [-76.974884, 39.073524], [-76.97499, 39.073413], [-76.97500599999998, 39.073379], [-76.975013, 39.073253], [-76.97496, 39.07308100000001], [-76.975112, 39.07278], [-76.97512, 39.0727], [-76.97508200000001, 39.07257], [-76.97508200000001, 39.072505], [-76.975105, 39.072452], [-76.975147, 39.07242900000001], [-76.975196, 39.072402], [-76.975311, 39.072402], [-76.975463, 39.072341], [-76.97579900000001, 39.072086], [-76.97590600000001, 39.071971], [-76.97589800000002, 39.071914], [-76.975852, 39.071861], [-76.9757, 39.071853], [-76.97567700000002, 39.071819], [-76.97567700000002, 39.07164], [-76.975593, 39.071524999999994], [-76.975555, 39.071437], [-76.975471, 39.071388], [-76.975448, 39.07135], [-76.97544, 39.071182], [-76.97549399999998, 39.070983], [-76.975471, 39.07088], [-76.975433, 39.07079600000001], [-76.975341, 39.070686], [-76.97512, 39.070503], [-76.975044, 39.070358], [-76.975044, 39.070086999999994], [-76.97505900000002, 39.069984], [-76.975219, 39.069801], [-76.97560799999998, 39.069675], [-76.975814, 39.069583], [-76.976547, 39.069221], [-76.976737, 39.069107], [-76.977142, 39.069004], [-76.97721, 39.068931], [-76.977355, 39.068664], [-76.97734800000002, 39.068603], [-76.97731, 39.068542], [-76.977279, 39.068527], [-76.97708099999998, 39.068508], [-76.977012, 39.068466], [-76.97697400000001, 39.068408], [-76.97697400000001, 39.068279], [-76.977066, 39.068187], [-76.977119, 39.068031], [-76.977256, 39.067813], [-76.977256, 39.067749], [-76.977226, 39.067691], [-76.977035, 39.067508], [-76.97677600000002, 39.067203000000006], [-76.97673, 39.067035], [-76.976715, 39.066764], [-76.976631, 39.066696], [-76.97659299999998, 39.066638], [-76.97646999999999, 39.066051], [-76.97637100000001, 39.065795], [-76.97636399999999, 39.065673], [-76.97646999999999, 39.065429], [-76.976531, 39.065357], [-76.976715, 39.06528], [-76.97708099999998, 39.065238], [-76.977363, 39.065128], [-76.977439, 39.065059], [-76.977516, 39.065029], [-76.97805700000002, 39.064857], [-76.97849199999999, 39.064567], [-76.97861399999998, 39.06438], [-76.97866000000002, 39.064243], [-76.978729, 39.064117], [-76.979087, 39.06372], [-76.979352, 39.063485], [-76.979362, 39.06347600000001], [-76.979377, 39.0634], [-76.97953, 39.063079], [-76.97988599999998, 39.062924], [-76.97999500000002, 39.062774], [-76.980049, 39.062648], [-76.98014, 39.062194], [-76.980171, 39.062122], [-76.980331, 39.061981], [-76.980522, 39.061882], [-76.980667, 39.06184], [-76.98090299999998, 39.061607], [-76.98112399999998, 39.061325000000004], [-76.98108600000002, 39.061275], [-76.980934, 39.061157], [-76.980857, 39.061027], [-76.980781, 39.06093899999999], [-76.98048400000002, 39.060787], [-76.980163, 39.060543], [-76.98008699999998, 39.060508], [-76.979957, 39.060485], [-76.97982, 39.060401], [-76.97972099999998, 39.060192], [-76.97960599999999, 39.060054], [-76.97949199999998, 39.06000900000001], [-76.979347, 39.060035], [-76.979217, 39.060024], [-76.979148, 39.059997], [-76.979026, 39.059856], [-76.978965, 39.059669], [-76.97868300000002, 39.059337], [-76.978584, 39.059268], [-76.97837799999999, 39.059242], [-76.97828600000001, 39.059177], [-76.978263, 39.059108], [-76.978263, 39.058849], [-76.97808800000001, 39.058464], [-76.977859, 39.057891], [-76.977859, 39.057815], [-76.97789, 39.057693], [-76.977973, 39.057601], [-76.977981, 39.057571], [-76.977935, 39.057518], [-76.977867, 39.057487], [-76.977821, 39.05740699999999], [-76.977836, 39.057334000000004], [-76.977973, 39.057079], [-76.977981, 39.057041], [-76.977958, 39.056937999999995], [-76.97800399999998, 39.056652], [-76.977989, 39.05655999999999], [-76.977912, 39.056385], [-76.97781300000001, 39.056266], [-76.97778999999998, 39.056175], [-76.977828, 39.055755], [-76.977828, 39.055434999999996], [-76.977882, 39.055377], [-76.977989, 39.055332], [-76.978027, 39.055274], [-76.978012, 39.055015], [-76.978126, 39.055049000000004], [-76.978645, 39.055152], [-76.978759, 39.055191], [-76.97900299999999, 39.055324], [-76.979225, 39.055511], [-76.979245, 39.055523], [-76.97920800000001, 39.05596], [-76.98011099999998, 39.056553], [-76.980341, 39.05671], [-76.981048, 39.057128], [-76.982845, 39.058371], [-76.984611, 39.058024], [-76.985107, 39.05799799999999], [-76.98512999999998, 39.058036], [-76.987846, 39.057769], [-76.990676, 39.057792], [-76.990685, 39.057567], [-76.993402, 39.057412], [-76.997274, 39.057617], [-76.997477, 39.057585], [-76.997629, 39.058039], [-76.997759, 39.058544], [-76.999112, 39.058405], [-76.999395, 39.058343], [-77.000101, 39.058108], [-77.00115900000002, 39.057977], [-77.001725, 39.05792699999999], [-77.00201, 39.057919000000005], [-77.002876, 39.057979], [-77.00355500000002, 39.058071], [-77.00415800000002, 39.058227], [-77.006431, 39.059318], [-77.006996, 39.059589], [-77.00727000000002, 39.059687999999994], [-77.007423, 39.059703], [-77.00772, 39.059658], [-77.00845299999999, 39.059421], [-77.00879599999999, 39.059398], [-77.009324, 39.05957399999999], [-77.009361, 39.059581], [-77.009414, 39.059459], [-77.009521, 39.059406], [-77.009529, 39.059314], [-77.009704, 39.05928], [-77.009925, 39.059043], [-77.010147, 39.058956], [-77.0102, 39.058895], [-77.01028400000001, 39.058723], [-77.010406, 39.058635], [-77.010421, 39.058586], [-77.010406, 39.058067], [-77.010437, 39.057975], [-77.01051300000002, 39.057945], [-77.010803, 39.057907], [-77.01078, 39.057842], [-77.010688, 39.057777], [-77.010681, 39.057708], [-77.01081, 39.057472000000004], [-77.010803, 39.057411], [-77.010848, 39.057361], [-77.010963, 39.057308], [-77.01131399999998, 39.057163], [-77.01134, 39.057136], [-77.01139, 39.05708599999999], [-77.01147400000002, 39.056961], [-77.011505, 39.056831], [-77.011497, 39.056663], [-77.011451, 39.056529], [-77.011161, 39.056274], [-77.011016, 39.05620900000001], [-77.010833, 39.055919], [-77.010826, 39.055751], [-77.010726, 39.055591], [-77.01060399999999, 39.055496], [-77.01048999999999, 39.055469], [-77.01050500000001, 39.055313000000005], [-77.01048199999998, 39.055178999999995], [-77.01048999999999, 39.055015], [-77.01028400000001, 39.054637], [-77.01025299999999, 39.054489], [-77.010269, 39.054168], [-77.010078, 39.053740999999995], [-77.01004, 39.05344], [-77.00989499999999, 39.052993], [-77.009864, 39.05281], [-77.009864, 39.05265], [-77.00989499999999, 39.05248600000001], [-77.009941, 39.052341], [-77.010131, 39.052082], [-77.010154, 39.052013], [-77.010055, 39.05170400000001], [-77.009941, 39.051475], [-77.009994, 39.051418], [-77.010093, 39.051376], [-77.010452, 39.051216], [-77.010536, 39.051151], [-77.010643, 39.05085700000001], [-77.010841, 39.050579], [-77.01099300000001, 39.050189], [-77.010978, 39.050106], [-77.010932, 39.050037], [-77.010826, 39.049976], [-77.010643, 39.04993], [-77.01052, 39.049854], [-77.010314, 39.049644], [-77.010337, 39.049533], [-77.010467, 39.049263], [-77.01062, 39.048835], [-77.010833, 39.048069], [-77.010826, 39.047996], [-77.01071899999998, 39.047893], [-77.010551, 39.047775], [-77.010223, 39.047576], [-77.00968, 39.047095], [-77.009529, 39.047042], [-77.00917799999999, 39.046974], [-77.008743, 39.046924], [-77.008483, 39.046913], [-77.008125, 39.046863], [-77.007629, 39.046852], [-77.007369, 39.046749], [-77.007263, 39.046642], [-77.007225, 39.046546], [-77.007225, 39.046451], [-77.007263, 39.046279], [-77.007293, 39.045951], [-77.00738500000001, 39.045646], [-77.007423, 39.045581], [-77.007507, 39.045505000000006], [-77.007659, 39.045307], [-77.007865, 39.044914000000006], [-77.007934, 39.04483700000001], [-77.008117, 39.044689], [-77.00831599999998, 39.044486], [-77.00843, 39.044437], [-77.008819, 39.044342], [-77.008979, 39.044261], [-77.009124, 39.044162], [-77.00917799999999, 39.044029], [-77.00916199999999, 39.043659], [-77.00920100000002, 39.043331], [-77.00926899999999, 39.04302499999999], [-77.009262, 39.042724], [-77.009258, 39.042661], [-77.009262, 39.04261700000001], [-77.009284, 39.042476], [-77.009361, 39.042335], [-77.00939099999998, 39.042217], [-77.009315, 39.041625], [-77.00919300000001, 39.041538], [-77.009086, 39.041496], [-77.008995, 39.041484], [-77.008621, 39.041511], [-77.00839899999998, 39.041507], [-77.008171, 39.041469], [-77.007369, 39.041255], [-77.007217, 39.041206], [-77.00710999999998, 39.041145], [-77.00688899999999, 39.040988000000006], [-77.00679000000001, 39.040878], [-77.006736, 39.040763], [-77.006729, 39.040641], [-77.006744, 39.040538], [-77.006769, 39.040496], [-77.006813, 39.040424], [-77.006942, 39.040321], [-77.007095, 39.040225], [-77.00807099999999, 39.039798], [-77.00951299999998, 39.039264], [-77.00978800000001, 39.039188], [-77.00998599999998, 39.039153999999996], [-77.010978, 39.039157], [-77.011131, 39.039138], [-77.011238, 39.039092999999994], [-77.011276, 39.039035], [-77.011276, 39.038875], [-77.011253, 39.03881], [-77.011169, 39.038734], [-77.010688, 39.038455], [-77.010299, 39.038115999999995], [-77.009933, 39.037769], [-77.00962, 39.037524999999995], [-77.009086, 39.037174], [-77.008926, 39.037097], [-77.00885, 39.037029], [-77.008819, 39.036972], [-77.00881100000001, 39.036823], [-77.008842, 39.03655199999999], [-77.008888, 39.03649099999999], [-77.009262, 39.03646], [-77.00939099999998, 39.036434], [-77.009506, 39.036384], [-77.009559, 39.036319], [-77.00956700000002, 39.036247], [-77.00954399999999, 39.036151], [-77.009483, 39.036041], [-77.009368, 39.035903], [-77.00929999999998, 39.035724], [-77.009239, 39.035446], [-77.009231, 39.03514], [-77.009262, 39.035036999999996], [-77.00932300000001, 39.03495], [-77.009468, 39.034835], [-77.009651, 39.034744], [-77.00978800000001, 39.034627], [-77.009941, 39.0345], [-77.010032, 39.034358], [-77.010078, 39.034244], [-77.010086, 39.034152], [-77.010047, 39.034065], [-77.009925, 39.034004], [-77.009618, 39.033915], [-77.009586, 39.033888], [-77.00883, 39.033252], [-77.00869700000001, 39.033187], [-77.008552, 39.033084], [-77.008308, 39.032936], [-77.00784999999999, 39.032581], [-77.00724, 39.032073], [-77.007019, 39.031814], [-77.00682, 39.031528], [-77.006767, 39.031366], [-77.00625700000002, 39.030631], [-77.00624, 39.030525], [-77.006271, 39.03048299999999], [-77.006271, 39.030403], [-77.006225, 39.030239], [-77.006195, 39.030181], [-77.006126, 39.030147], [-77.006105, 39.030129], [-77.00608899999999, 39.030116], [-77.006011, 39.030052], [-77.005968, 39.030015], [-77.00588899999998, 39.029945000000005], [-77.00579799999998, 39.029895], [-77.005699, 39.02993], [-77.005554, 39.030059], [-77.005432, 39.030086], [-77.005035, 39.030105], [-77.004661, 39.03009], [-77.004295, 39.030117], [-77.004142, 39.030109], [-77.004066, 39.030082], [-77.003944, 39.029991], [-77.003822, 39.029861], [-77.003715, 39.02972], [-77.00367700000001, 39.02962399999999], [-77.00367700000001, 39.029457], [-77.003616, 39.02938], [-77.00350899999998, 39.029304], [-77.00318100000001, 39.029224000000006], [-77.002372, 39.029121], [-77.001853, 39.028884], [-77.001518, 39.02868200000001], [-77.000915, 39.028347], [-77.00039600000001, 39.028125], [-77.000236, 39.02803800000001], [-76.999809, 39.027732], [-76.99956499999999, 39.027519], [-76.998629, 39.02671], [-76.998114, 39.026122], [-76.997835, 39.025804], [-76.997718, 39.025325], [-76.997573, 39.025135], [-76.99744400000002, 39.025024], [-76.997322, 39.024887], [-76.99723, 39.024753], [-76.997085, 39.024353], [-76.99678799999998, 39.023628], [-76.996749, 39.02354], [-76.996704, 39.023345], [-76.996627, 39.02320000000001], [-76.996546, 39.022906], [-76.996376, 39.0223], [-76.996284, 39.021816], [-76.996124, 39.02086599999999], [-76.995918, 39.019962], [-76.995826, 39.019476999999995], [-76.995788, 39.019145], [-76.995643, 39.018939], [-76.99514000000002, 39.018733], [-76.99501, 39.018657], [-76.994903, 39.01852], [-76.994705, 39.018115], [-76.994285, 39.017807], [-76.99424900000001, 39.017754], [-76.99422, 39.017711], [-76.99421, 39.017695], [-76.99412, 39.017561], [-76.994106, 39.01754], [-76.99301299999999, 39.017792], [-76.992307, 39.017971], [-76.991822, 39.018097], [-76.98999, 39.01858], [-76.989027, 39.018829000000004], [-76.987466, 39.019226999999994], [-76.98666, 39.01939], [-76.985928, 39.019524], [-76.98523299999998, 39.019621], [-76.98437, 39.019721], [-76.983416, 39.019758], [-76.982706, 39.019768], [-76.98188600000002, 39.01978], [-76.981548, 39.019761], [-76.979903, 39.019606], [-76.979002, 39.019484], [-76.978344, 39.019356], [-76.977216, 39.01914200000001], [-76.97677600000002, 39.019059], [-76.97657, 39.019023], [-76.97624500000002, 39.018977], [-76.97607, 39.01895], [-76.97347599999999, 39.018489], [-76.972659, 39.018399], [-76.97189200000001, 39.018354], [-76.971723, 39.018556], [-76.971622, 39.01855100000001], [-76.970749, 39.018546], [-76.970551, 39.018538], [-76.969999, 39.018518], [-76.969157, 39.018533], [-76.967352, 39.018649], [-76.96502800000002, 39.018895], [-76.96424499999999, 39.019006], [-76.96361, 39.019107], [-76.962801, 39.01925], [-76.961668, 39.019467], [-76.96012700000001, 39.019785], [-76.95915899999999, 39.019999], [-76.957804, 39.02022], [-76.956142, 39.020623], [-76.953889, 39.021158], [-76.952558, 39.021466], [-76.951542, 39.02169], [-76.950988, 39.021813], [-76.95054299999998, 39.021924], [-76.949857, 39.022085], [-76.949436, 39.024031], [-76.949781, 39.02405], [-76.95021, 39.024096], [-76.95029899999999, 39.024115], [-76.950382, 39.024137], [-76.950454, 39.024165], [-76.950498, 39.024192], [-76.950593, 39.024255], [-76.950642, 39.024301], [-76.950672, 39.02433299999999], [-76.95069200000002, 39.024364], [-76.95071699999998, 39.02439799999999], [-76.950736, 39.024436], [-76.950761, 39.024483], [-76.950856, 39.02479199999999], [-76.950869, 39.024888], [-76.950873, 39.024975000000005], [-76.950859, 39.025065], [-76.950837, 39.025116], [-76.95081099999999, 39.025165], [-76.95078, 39.025209], [-76.950738, 39.025255], [-76.95069299999999, 39.02529200000001], [-76.950638, 39.02533], [-76.950556, 39.025366], [-76.950259, 39.025454], [-76.950024, 39.025532], [-76.94997599999999, 39.025548], [-76.94981700000001, 39.025613], [-76.949745, 39.025654], [-76.949685, 39.025707], [-76.949642, 39.025748], [-76.949616, 39.025797], [-76.94960199999998, 39.02583599999999], [-76.949598, 39.02588300000001], [-76.949617, 39.025945], [-76.949663, 39.026014], [-76.949771, 39.02610399999999], [-76.94989299999999, 39.026179], [-76.950034, 39.026243], [-76.95006599999999, 39.026256], [-76.950172, 39.026297], [-76.950304, 39.02633800000001], [-76.950387, 39.026353], [-76.950512, 39.026361], [-76.950599, 39.026361], [-76.950954, 39.02639700000001], [-76.951067, 39.026426], [-76.951207, 39.026494], [-76.951339, 39.026597], [-76.951411, 39.02667699999999], [-76.951486, 39.026753], [-76.951626, 39.02687999999999], [-76.951857, 39.027005], [-76.951951, 39.027079], [-76.952027, 39.027159], [-76.952084, 39.02724400000001], [-76.95220800000001, 39.02744700000001], [-76.952266, 39.027545], [-76.952283, 39.0276], [-76.952289, 39.02765599999999], [-76.95226, 39.027744], [-76.952218, 39.0278], [-76.952158, 39.027842], [-76.952051, 39.027883], [-76.95192500000002, 39.027962], [-76.95171699999999, 39.028126], [-76.95141300000002, 39.028409], [-76.951218, 39.028613], [-76.951066, 39.028803], [-76.95099, 39.028896], [-76.95089700000001, 39.02906], [-76.950847, 39.02916499999999], [-76.95072399999998, 39.029566], [-76.950623, 39.029875], [-76.950555, 39.03000000000001], [-76.95049999999999, 39.030211], [-76.950593, 39.030342], [-76.950669, 39.030466999999994], [-76.950719, 39.030525999999995], [-76.95078699999999, 39.030657999999995], [-76.950922, 39.030757], [-76.951166, 39.030901], [-76.95122499999998, 39.030967], [-76.95140199999999, 39.031053], [-76.951537, 39.031092], [-76.951647, 39.031105], [-76.95174800000001, 39.031106], [-76.951875, 39.031099], [-76.952044, 39.031060000000004], [-76.952196, 39.031047], [-76.95233900000001, 39.031066], [-76.95239800000002, 39.031073], [-76.952609, 39.031158], [-76.953161, 39.031589], [-76.95331100000001, 39.031687], [-76.95331600000002, 39.031699], [-76.953356, 39.031746], [-76.953421, 39.031828], [-76.953456, 39.031886], [-76.953496, 39.032004], [-76.953496, 39.032086], [-76.953472, 39.032135], [-76.95359100000002, 39.03213], [-76.95369700000002, 39.032146], [-76.953847, 39.032236000000005], [-76.953953, 39.032267], [-76.954117, 39.03228], [-76.954278, 39.032278], [-76.95459299999999, 39.03226], [-76.954642, 39.032248], [-76.95511200000001, 39.03214], [-76.955246, 39.032071], [-76.95534, 39.031994], [-76.95537, 39.03192], [-76.955484, 39.031778], [-76.955603, 39.031732], [-76.955786, 39.03172], [-76.955954, 39.031743], [-76.956197, 39.031793], [-76.95634, 39.03176700000001], [-76.956385, 39.031736], [-76.956469, 39.031632], [-76.956583, 39.031539], [-76.956751, 39.03147], [-76.956865, 39.03146199999999], [-76.95694899999998, 39.031477], [-76.957068, 39.031555], [-76.95714, 39.03165], [-76.95727, 39.031813], [-76.957445, 39.031874], [-76.957645, 39.031942], [-76.95788, 39.03201], [-76.95809800000002, 39.032036999999995], [-76.95831900000002, 39.032001], [-76.958515, 39.031846], [-76.95857, 39.031754], [-76.95898, 39.031398], [-76.959362, 39.031124], [-76.959945, 39.030741], [-76.960074, 39.030660000000005], [-76.96014399999999, 39.030621], [-76.960278, 39.030602], [-76.96045599999998, 39.030625], [-76.960575, 39.03065200000001], [-76.960635, 39.030683], [-76.960669, 39.030741], [-76.96068, 39.03076], [-76.96073899999999, 39.030884], [-76.96081799999999, 39.030977], [-76.96093999999998, 39.031043], [-76.96101400000002, 39.03106199999999], [-76.96110400000002, 39.03106199999999], [-76.961257, 39.03102], [-76.961461, 39.030981], [-76.961595, 39.030981], [-76.961674, 39.031001], [-76.961895, 39.031105], [-76.962097, 39.031208], [-76.96204299999998, 39.031273], [-76.961503, 39.032016], [-76.96132, 39.032264], [-76.96114000000001, 39.03250599999999], [-76.961127, 39.032525], [-76.960706, 39.033097], [-76.960591, 39.033258], [-76.960486, 39.033355], [-76.96042300000002, 39.033428], [-76.960326, 39.033542000000004], [-76.960303, 39.033569], [-76.960266, 39.033614], [-76.96013100000002, 39.03378], [-76.960075, 39.03384], [-76.95950599999999, 39.034666], [-76.95940699999998, 39.034795], [-76.959084, 39.035279], [-76.958018, 39.036933], [-76.957525, 39.037668], [-76.956607, 39.03874], [-76.95650700000002, 39.038857], [-76.95558, 39.03993800000001], [-76.953671, 39.042532], [-76.953113, 39.043304], [-76.952547, 39.044087], [-76.952433, 39.044236], [-76.95220100000002, 39.04454], [-76.95201200000001, 39.044787], [-76.951996, 39.044808], [-76.95177199999999, 39.045307], [-76.951715, 39.04542], [-76.951182, 39.046164], [-76.95103900000001, 39.046363], [-76.95090199999999, 39.046553], [-76.950741, 39.046777], [-76.949898, 39.047951], [-76.949099, 39.049063], [-76.948996, 39.049208], [-76.948578, 39.049672], [-76.94837800000002, 39.049894], [-76.94809599999999, 39.050208], [-76.947867, 39.050479], [-76.947775, 39.05058900000001], [-76.947688, 39.050651], [-76.94743099999998, 39.050986], [-76.947308, 39.051143], [-76.947163, 39.05131600000001], [-76.94649699999998, 39.052108000000004], [-76.94631100000001, 39.05241500000001], [-76.946031, 39.052306], [-76.945033, 39.051847], [-76.944348, 39.051544], [-76.944264, 39.05151], [-76.94417900000002, 39.051493], [-76.944106, 39.051486], [-76.943985, 39.051486], [-76.943886, 39.05149], [-76.94378900000001, 39.051498], [-76.943442, 39.051599], [-76.94298599999999, 39.051748], [-76.94221799999998, 39.051994], [-76.941545, 39.052203], [-76.941251, 39.052328], [-76.940872, 39.052516], [-76.94057800000002, 39.052698], [-76.940361, 39.052564999999994], [-76.94018499999999, 39.05244499999999], [-76.940089, 39.052388], [-76.93998499999998, 39.052327], [-76.93988, 39.052274], [-76.939712, 39.052203], [-76.939438, 39.052075], [-76.939237, 39.051999], [-76.93906, 39.051945], [-76.938744, 39.05185], [-76.938356, 39.051743], [-76.938144, 39.051693], [-76.937738, 39.051587], [-76.93737200000001, 39.051472], [-76.937302, 39.051447], [-76.937127, 39.05137100000001], [-76.936743, 39.051209], [-76.93676999999998, 39.051177], [-76.937079, 39.050776], [-76.937911, 39.049696], [-76.938161, 39.049371], [-76.938394, 39.049044], [-76.93846399999998, 39.048946], [-76.938567, 39.048794], [-76.939223, 39.048502], [-76.939042, 39.04805399999999], [-76.938818, 39.047483], [-76.938055, 39.047351], [-76.938055, 39.047227], [-76.93804999999999, 39.047115], [-76.938103, 39.04703], [-76.938199, 39.046913], [-76.938338, 39.04679], [-76.938469, 39.04666300000001], [-76.937686, 39.047118], [-76.937525, 39.047212], [-76.936902, 39.047576], [-76.93675700000001, 39.04765999999999], [-76.936607, 39.047748], [-76.93549, 39.048407], [-76.93466199999999, 39.048894], [-76.934508, 39.048985], [-76.93443699999999, 39.049028], [-76.93336999999998, 39.049638], [-76.93330999999999, 39.049671], [-76.932938, 39.049856], [-76.93265299999999, 39.050003], [-76.932454, 39.050096], [-76.932075, 39.05026], [-76.931613, 39.050434], [-76.93133600000002, 39.050547], [-76.93106800000001, 39.05066600000001], [-76.930987, 39.050694], [-76.93088300000001, 39.050734], [-76.929819, 39.05104], [-76.929696, 39.051075], [-76.9295, 39.051102], [-76.92834900000001, 39.051262], [-76.92751400000002, 39.05136], [-76.92703399999999, 39.051394], [-76.927022, 39.05139499999999], [-76.926597, 39.05146599999999], [-76.92600599999999, 39.051583], [-76.92593500000001, 39.051611], [-76.925447, 39.051776999999994], [-76.925267, 39.05185399999999], [-76.92514200000001, 39.051927], [-76.924971, 39.052023], [-76.924746, 39.052153], [-76.924473, 39.052288], [-76.924207, 39.052411], [-76.923909, 39.052517], [-76.92362, 39.052602], [-76.923354, 39.052664], [-76.922868, 39.052741], [-76.922705, 39.05276599999999], [-76.922558, 39.052786], [-76.922483, 39.05279], [-76.922187, 39.052802], [-76.922036, 39.052811], [-76.921725, 39.05283099999999], [-76.920878, 39.05287], [-76.92062099999998, 39.052884000000006], [-76.920295, 39.052937], [-76.919997, 39.052994], [-76.91969499999999, 39.053051], [-76.918965, 39.053331], [-76.91796099999999, 39.053761], [-76.917035, 39.054163], [-76.916231, 39.05453], [-76.916045, 39.054621], [-76.91558100000002, 39.054813], [-76.915145, 39.05501], [-76.914841, 39.055137], [-76.914586, 39.055243999999995], [-76.914453, 39.055281], [-76.914261, 39.05535600000001], [-76.914149, 39.055393], [-76.912525, 39.055746], [-76.912498, 39.055751], [-76.912184, 39.055758], [-76.91176399999999, 39.055795], [-76.910933, 39.055848], [-76.910587, 39.055859], [-76.910438, 39.055869], [-76.91015600000001, 39.055901], [-76.91006, 39.055907], [-76.909948, 39.055907], [-76.909828, 39.055918], [-76.909432, 39.055928], [-76.909102, 39.055955], [-76.90878199999999, 39.055995], [-76.908511, 39.05604], [-76.908133, 39.056133], [-76.90797700000002, 39.056187], [-76.90767099999998, 39.056308], [-76.907164, 39.056511], [-76.906759, 39.056729], [-76.905987, 39.057118], [-76.905316, 39.057453], [-76.90503899999999, 39.057608], [-76.904617, 39.057813], [-76.90445900000002, 39.05790900000001], [-76.904102, 39.058052], [-76.903761, 39.05818], [-76.90344699999999, 39.058297], [-76.903042, 39.058436], [-76.902244, 39.058611], [-76.901929, 39.058662], [-76.901679, 39.058702], [-76.900987, 39.058777], [-76.90055599999998, 39.058793], [-76.900519, 39.058633], [-76.899651, 39.05869700000001], [-76.89913399999999, 39.058729], [-76.898478, 39.058793], [-76.898326, 39.058982], [-76.896968, 39.061666], [-76.896633, 39.062542], [-76.896284, 39.06324], [-76.89616600000001, 39.063567], [-76.895964, 39.063836], [-76.89593899999998, 39.063943], [-76.895955, 39.064068], [-76.895982, 39.064159], [-76.89602, 39.064288], [-76.89605200000001, 39.06437], [-76.89611599999999, 39.06451400000001], [-76.89618, 39.064651999999995], [-76.89624400000001, 39.06474], [-76.896317, 39.06484700000001], [-76.896429, 39.064966], [-76.896494, 39.065079], [-76.89659, 39.065248999999994], [-76.896638, 39.06544399999999], [-76.895106, 39.065098], [-76.892978, 39.064618], [-76.892871, 39.064592999999995], [-76.891996, 39.064384], [-76.891053, 39.064207], [-76.890696, 39.064139], [-76.890625, 39.064124], [-76.890557, 39.064105], [-76.89002499999998, 39.06395299999999], [-76.889208, 39.063621], [-76.888903, 39.063497], [-76.888353, 39.063242], [-76.887672, 39.062991], [-76.886947, 39.062713], [-76.885983, 39.06237699999999], [-76.885227, 39.062169], [-76.885034, 39.062108], [-76.88466, 39.061963], [-76.884262, 39.0618], [-76.88408299999999, 39.061714], [-76.883782, 39.061542], [-76.883453, 39.061347], [-76.882989, 39.061037], [-76.882916, 39.060984], [-76.88269200000002, 39.060819], [-76.88236100000002, 39.060561], [-76.882136, 39.060410999999995], [-76.88159300000001, 39.060091], [-76.88124, 39.059901], [-76.881883, 39.059149], [-76.88247199999999, 39.058462], [-76.882949, 39.057904], [-76.884283, 39.056336], [-76.884372, 39.056232], [-76.88519899999999, 39.055317], [-76.88579, 39.054605], [-76.88599300000001, 39.054676], [-76.886035, 39.054676], [-76.886061, 39.054658], [-76.886129, 39.054571], [-76.88640799999999, 39.054225], [-76.88645, 39.054156], [-76.88645, 39.054097], [-76.886437, 39.054069], [-76.88630199999999, 39.053987], [-76.886824, 39.05335699999999], [-76.887617, 39.05243], [-76.888009, 39.051967], [-76.88821999999999, 39.052065], [-76.888261, 39.052069], [-76.888296, 39.052065], [-76.88873999999998, 39.051551], [-76.888746, 39.05151], [-76.888506, 39.051379], [-76.88888, 39.050937], [-76.889313, 39.050425], [-76.889444, 39.050271], [-76.889649, 39.050029], [-76.89072599999999, 39.048755], [-76.891256, 39.048132], [-76.891505, 39.04784], [-76.891974, 39.047289], [-76.89254699999998, 39.046611], [-76.89279799999998, 39.046311], [-76.893075, 39.046005], [-76.893139, 39.045945], [-76.8932, 39.04588700000001], [-76.89329800000002, 39.0458], [-76.893558, 39.04563699999999], [-76.893705, 39.045553], [-76.893852, 39.04548], [-76.894021, 39.045414], [-76.894288, 39.045332], [-76.894237, 39.045177], [-76.89423, 39.045024], [-76.89425, 39.044912], [-76.894271, 39.044848], [-76.89432600000002, 39.044764], [-76.894631, 39.044421], [-76.894936, 39.044085], [-76.895386, 39.043577], [-76.89554700000001, 39.04337], [-76.895602, 39.043296], [-76.895656, 39.043214000000006], [-76.89572500000001, 39.043076000000006], [-76.895375, 39.043065], [-76.895561, 39.042995], [-76.895735, 39.042888999999995], [-76.89592500000002, 39.042758], [-76.896083, 39.042639], [-76.896645, 39.042232999999996], [-76.897449, 39.041664], [-76.898695, 39.040829], [-76.89865200000001, 39.040606000000004], [-76.898564, 39.040199], [-76.898498, 39.039877], [-76.898463, 39.03967], [-76.898426, 39.039449], [-76.898398, 39.039265], [-76.898355, 39.038735], [-76.89835299999999, 39.03863], [-76.89834800000001, 39.038417], [-76.898344, 39.038195], [-76.898343, 39.038151], [-76.898355, 39.037806], [-76.898401, 39.036831], [-76.898433, 39.036399], [-76.89845599999998, 39.035842], [-76.898487, 39.035294], [-76.89851400000002, 39.034792], [-76.89853700000002, 39.034260999999994], [-76.898571, 39.033685], [-76.898598, 39.033472999999994], [-76.898622, 39.033324], [-76.898698, 39.033034], [-76.898794, 39.032771], [-76.898866, 39.0326], [-76.898977, 39.032384], [-76.899004, 39.032334], [-76.899085, 39.032204], [-76.899229, 39.032003], [-76.899315, 39.031882], [-76.89966499999998, 39.031412], [-76.899989, 39.030961], [-76.90044499999999, 39.030358], [-76.900554, 39.030216], [-76.900807, 39.029875], [-76.900992, 39.029616000000004], [-76.901081, 39.029479], [-76.90114299999999, 39.029376], [-76.901203, 39.029262], [-76.901248, 39.02917], [-76.901293, 39.029053], [-76.901333, 39.028938], [-76.90135999999998, 39.02882400000001], [-76.901375, 39.028715], [-76.90138299999998, 39.0286], [-76.90138399999998, 39.028346], [-76.90133400000002, 39.027903], [-76.90126000000001, 39.027444], [-76.90118100000001, 39.02693899999999], [-76.901147, 39.026569], [-76.90114, 39.026232], [-76.901164, 39.025938], [-76.901227, 39.02538], [-76.901304, 39.024809], [-76.901381, 39.024167], [-76.9014, 39.023839], [-76.901408, 39.02344], [-76.901405, 39.023051], [-76.903175, 39.02302499999999], [-76.904985, 39.023032], [-76.905564, 39.023041], [-76.905757, 39.023046], [-76.906164, 39.021432], [-76.906383, 39.020566], [-76.907085, 39.017786], [-76.907649, 39.015556], [-76.907832, 39.01483400000001], [-76.907844, 39.014786], [-76.90787900000001, 39.014644999999994], [-76.907922, 39.014476], [-76.908154, 39.01463700000001], [-76.90859, 39.014932], [-76.908718, 39.014658], [-76.908349, 39.014401], [-76.906123, 39.012854], [-76.90577900000001, 39.012985], [-76.90544, 39.013113], [-76.905372, 39.013139], [-76.90419, 39.01287], [-76.90401, 39.012829], [-76.903688, 39.012755], [-76.90366300000001, 39.012750000000004], [-76.903391, 39.012874], [-76.90236300000001, 39.013345], [-76.901664, 39.01366599999999], [-76.900844, 39.01352200000001], [-76.89998, 39.013376], [-76.899019, 39.012709], [-76.898798, 39.012556], [-76.89863699999998, 39.012449], [-76.897196, 39.011495], [-76.89723799999999, 39.011706000000004], [-76.89771499999999, 39.01203099999999], [-76.89786000000001, 39.013029], [-76.897579, 39.012972], [-76.89602, 39.011916], [-76.8955, 39.011858], [-76.895427, 39.012134], [-76.895104, 39.012077], [-76.895018, 39.011956], [-76.894803, 39.011622], [-76.894679, 39.011208], [-76.894242, 39.011403], [-76.893784, 39.011209], [-76.892669, 39.011663], [-76.892516, 39.011726], [-76.8924, 39.011791], [-76.892483, 39.011868], [-76.892299, 39.011948], [-76.88937, 39.011626], [-76.888977, 39.011545], [-76.888163, 39.01152], [-76.888048, 39.010724999999994], [-76.88799400000002, 39.010358], [-76.887979, 39.010367], [-76.887747, 39.01048], [-76.88751199999999, 39.01058100000001], [-76.887016, 39.010764], [-76.886067, 39.01105199999999], [-76.88580099999999, 39.011138], [-76.885541, 39.011189], [-76.885311, 39.011228], [-76.885129, 39.01124899999999], [-76.88490200000001, 39.011258], [-76.88470199999999, 39.011257], [-76.88452499999998, 39.011244], [-76.88421299999999, 39.011218], [-76.883763, 39.011149], [-76.883711, 39.011149], [-76.88363000000001, 39.01131399999999], [-76.88363000000001, 39.011894999999996], [-76.883574, 39.011892], [-76.88322000000001, 39.011871], [-76.883115, 39.011865], [-76.883001, 39.011859], [-76.882821, 39.011848], [-76.88238999999999, 39.011821], [-76.882341, 39.011818], [-76.88228799999999, 39.011811], [-76.881781, 39.011745], [-76.881013, 39.01169600000001], [-76.88067, 39.011674], [-76.879919, 39.01214], [-76.879918, 39.014701], [-76.878927, 39.014703], [-76.868685, 39.014689], [-76.864461, 39.014685], [-76.860465, 39.01468], [-76.860621, 39.014237], [-76.860694, 39.01403], [-76.860987, 39.013237], [-76.861403, 39.011962], [-76.86172, 39.011078], [-76.862007, 39.010332], [-76.86283299999998, 39.00796700000001], [-76.863121, 39.007224], [-76.863539, 39.006182], [-76.863593, 39.006043], [-76.86367199999998, 39.005841], [-76.86374299999999, 39.005663], [-76.863681, 39.005578], [-76.863576, 39.00544399999999], [-76.863275, 39.005047], [-76.86315100000002, 39.004882], [-76.863047, 39.004747], [-76.863047, 39.004686], [-76.86305699999998, 39.002662], [-76.86305, 39.000916], [-76.863062, 38.999872999999994], [-76.86305, 38.99917], [-76.86305, 38.997979], [-76.863062, 38.995917], [-76.863068, 38.99316], [-76.863072, 38.99175], [-76.863072, 38.991669], [-76.86183599999998, 38.991585], [-76.860896, 38.991534], [-76.860335, 38.991502], [-76.86023299999998, 38.991496], [-76.86001599999999, 38.991485], [-76.85990899999999, 38.991479], [-76.859135, 38.991437], [-76.858382, 38.991406], [-76.855462, 38.99123], [-76.85498799999999, 38.991204], [-76.8543, 38.991163], [-76.853658, 38.99111499999999], [-76.853226, 38.991081], [-76.852858, 38.991043], [-76.85228100000002, 38.990951], [-76.852205, 38.990939], [-76.85193100000001, 38.99090000000001], [-76.851247, 38.990803], [-76.850968, 38.990765], [-76.850821, 38.990749], [-76.850648, 38.99072699999999], [-76.850418, 38.990714], [-76.850011, 38.990701], [-76.849725, 38.990717000000004], [-76.849523, 38.990732], [-76.849269, 38.990761], [-76.84907400000002, 38.990791], [-76.84879500000001, 38.990846], [-76.848143, 38.991005], [-76.847649, 38.991126], [-76.84738499999999, 38.991191], [-76.846454, 38.991429], [-76.846098, 38.99151299999999], [-76.84569999999998, 38.99161500000001], [-76.84529, 38.991725], [-76.844856, 38.991837], [-76.84447600000001, 38.991923], [-76.844133, 38.992003], [-76.84389799999998, 38.992048], [-76.84365399999999, 38.992081999999996], [-76.843437, 38.992106], [-76.843138, 38.992129], [-76.84293, 38.992134], [-76.84247, 38.99210399999999], [-76.84218800000001, 38.992064], [-76.841933, 38.992019000000006], [-76.841666, 38.99195400000001], [-76.841606, 38.991947], [-76.841403, 38.991898], [-76.84015800000002, 38.991561999999995], [-76.839624, 38.99142400000001], [-76.839107, 38.991286], [-76.838585, 38.991153], [-76.838204, 38.991064], [-76.83795, 38.991005], [-76.837537, 38.990936], [-76.83725599999998, 38.99090400000001], [-76.837006, 38.990885], [-76.836733, 38.990879], [-76.836593, 38.990876], [-76.8362, 38.990896], [-76.835994, 38.990913], [-76.83516700000001, 38.99095], [-76.832988, 38.991019], [-76.83244, 38.991045], [-76.83185899999998, 38.991063], [-76.831391, 38.99107], [-76.83110000000002, 38.991072], [-76.830891, 38.99107], [-76.83041900000002, 38.991066], [-76.829827, 38.991051], [-76.82922200000002, 38.991027], [-76.82872299999998, 38.990996], [-76.82840699999998, 38.990964], [-76.827964, 38.990916000000006], [-76.827692, 38.990886], [-76.82742, 38.990846999999995], [-76.82690599999998, 38.990758], [-76.82600799999999, 38.99059499999999], [-76.825809, 38.990559], [-76.824651, 38.990338], [-76.823989, 38.990215], [-76.82309100000002, 38.990047], [-76.822208, 38.98987399999999], [-76.821519, 38.989733], [-76.820683, 38.989538], [-76.820321, 38.989418], [-76.819947, 38.98928699999999], [-76.819595, 38.98914500000001], [-76.819147, 38.988924], [-76.818663, 38.988672], [-76.81826999999998, 38.988445], [-76.818036, 38.988316], [-76.81829399999998, 38.988193], [-76.818574, 38.988041], [-76.81908500000002, 38.987718], [-76.819742, 38.987344], [-76.820002, 38.987194], [-76.820462, 38.986883], [-76.820652, 38.986729999999994], [-76.820749, 38.98665], [-76.82128399999999, 38.986303], [-76.82149699999998, 38.986164], [-76.82207, 38.985801], [-76.822148, 38.98575], [-76.822821, 38.985307], [-76.823106, 38.985121], [-76.82333, 38.984855], [-76.82341500000001, 38.984700999999994], [-76.82350999999998, 38.98456900000001], [-76.82360400000002, 38.984444], [-76.82369899999999, 38.984297], [-76.823756, 38.98418], [-76.823803, 38.984025], [-76.823817, 38.983926], [-76.82382499999999, 38.983878], [-76.823827, 38.983838], [-76.82382499999999, 38.983782999999995], [-76.823812, 38.983708], [-76.82378, 38.983636], [-76.823724, 38.983557], [-76.823646, 38.98347199999999], [-76.82350299999999, 38.983318], [-76.82344, 38.983232], [-76.823388, 38.983128], [-76.823365, 38.983019], [-76.82333, 38.982893], [-76.823268, 38.982414000000006], [-76.823232, 38.981786], [-76.82325, 38.981456], [-76.823268, 38.981239], [-76.823292, 38.981058], [-76.823307, 38.980742], [-76.823319, 38.980579], [-76.823319, 38.980466], [-76.823302, 38.980349], [-76.823262, 38.980231], [-76.82321000000002, 38.980155], [-76.82293, 38.97972], [-76.822751, 38.979273], [-76.82268500000002, 38.978999], [-76.822872, 38.978769], [-76.82312, 38.978467], [-76.823247, 38.978257], [-76.823319, 38.97809600000001], [-76.823374, 38.977963], [-76.823437, 38.977837], [-76.8235, 38.977738], [-76.823566, 38.977664], [-76.823659, 38.977593], [-76.823773, 38.97754], [-76.823887, 38.97749], [-76.82404599999998, 38.977443], [-76.824259, 38.977396], [-76.824479, 38.977366], [-76.82454, 38.977427], [-76.824641, 38.977549], [-76.82470200000002, 38.977597], [-76.824771, 38.97763700000001], [-76.824943, 38.977759], [-76.824972, 38.977784], [-76.824984, 38.97782200000001], [-76.824984, 38.977868], [-76.824977, 38.977906], [-76.824938, 38.977969], [-76.82493, 38.978005], [-76.82493999999998, 38.978036], [-76.824957, 38.978059], [-76.824981, 38.978074], [-76.825008, 38.97808], [-76.825074, 38.978078], [-76.82512100000001, 38.978078], [-76.825224, 38.978063], [-76.825446, 38.977995], [-76.825604, 38.977942], [-76.825653, 38.97791099999999], [-76.825688, 38.977881], [-76.82571699999998, 38.977841], [-76.825772, 38.977711], [-76.82579499999999, 38.97763100000001], [-76.825802, 38.977574], [-76.8258, 38.97750500000001], [-76.82580699999998, 38.977441999999996], [-76.825828, 38.977256], [-76.82587700000002, 38.976991000000005], [-76.82588, 38.976948], [-76.82587700000002, 38.976911], [-76.825871, 38.976883], [-76.825868, 38.976863], [-76.825871, 38.976828], [-76.82588900000002, 38.976814], [-76.82592400000001, 38.97681], [-76.825972, 38.97679599999999], [-76.826022, 38.976775], [-76.826069, 38.976753], [-76.82610999999999, 38.97672], [-76.82613399999998, 38.976686], [-76.826143, 38.976647], [-76.82614, 38.97659899999999], [-76.82611399999999, 38.976546], [-76.826084, 38.976509], [-76.826034, 38.97647], [-76.825968, 38.976421], [-76.825765, 38.976235], [-76.82559700000002, 38.976115], [-76.825458, 38.976009], [-76.82532199999999, 38.975924], [-76.82523100000002, 38.975861], [-76.825147, 38.975768], [-76.82510900000001, 38.975703], [-76.825074, 38.97564], [-76.82502600000001, 38.97558], [-76.824977, 38.975531], [-76.82480900000002, 38.975422], [-76.82471900000002, 38.975359], [-76.824648, 38.975292], [-76.824591, 38.975235], [-76.824545, 38.975196], [-76.824501, 38.975146], [-76.824463, 38.975091], [-76.824425, 38.975038], [-76.824393, 38.974981], [-76.824361, 38.974915], [-76.824329, 38.974883], [-76.824288, 38.974856], [-76.824245, 38.974842], [-76.82421, 38.974815], [-76.824201, 38.974787], [-76.824199, 38.974507], [-76.82419999999999, 38.974374999999995], [-76.82419499999999, 38.974288], [-76.824201, 38.974197], [-76.824247, 38.974035], [-76.824276, 38.973944], [-76.8243, 38.97385499999999], [-76.82430900000001, 38.97378], [-76.824306, 38.973716], [-76.824287, 38.973609], [-76.824255, 38.973537], [-76.82423800000001, 38.973454], [-76.824235, 38.973363], [-76.824242, 38.973279], [-76.824257, 38.973215], [-76.824332, 38.972898], [-76.824491, 38.972645], [-76.824837, 38.972118], [-76.824885, 38.972053], [-76.824921, 38.971979], [-76.82493600000001, 38.971905], [-76.824938, 38.97189099999999], [-76.824957, 38.97178], [-76.824969, 38.97165], [-76.824987, 38.971492999999995], [-76.82498200000002, 38.97135900000001], [-76.824964, 38.97122900000001], [-76.82497100000002, 38.97103], [-76.824998, 38.970826], [-76.825034, 38.970678], [-76.82504, 38.970548], [-76.825035, 38.97046], [-76.824993, 38.970386000000005], [-76.824898, 38.970251], [-76.824813, 38.97014], [-76.824771, 38.970052], [-76.824754, 38.969946], [-76.824754, 38.969848], [-76.82476, 38.969756], [-76.824838, 38.969496], [-76.82491, 38.969376], [-76.82509700000001, 38.969186], [-76.82517999999999, 38.969154], [-76.825246, 38.96914], [-76.82532299999998, 38.969103], [-76.825353, 38.969071], [-76.825359, 38.969010999999995], [-76.825359, 38.968945999999995], [-76.825365, 38.968886], [-76.82537699999999, 38.96882999999999], [-76.825407, 38.968793], [-76.825466, 38.968752], [-76.825561, 38.968701], [-76.825668, 38.968664], [-76.825764, 38.968632], [-76.825843, 38.968584], [-76.825878, 38.96856799999999], [-76.825904, 38.96855000000001], [-76.82592099999998, 38.968525], [-76.825931, 38.96849], [-76.82593699999998, 38.968449], [-76.82593699999998, 38.968404], [-76.825935, 38.968345], [-76.825927, 38.968293], [-76.82592499999998, 38.96825], [-76.82592499999998, 38.968205], [-76.82593, 38.968163999999994], [-76.825946, 38.968121], [-76.82600799999999, 38.968072], [-76.826077, 38.968041], [-76.826141, 38.968023], [-76.826207, 38.968013], [-76.826274, 38.968], [-76.82634299999998, 38.96798], [-76.826442, 38.967932], [-76.826517, 38.96791], [-76.82657, 38.967899], [-76.826628, 38.967881], [-76.82665799999998, 38.967862], [-76.826684, 38.967834999999994], [-76.82671600000002, 38.967792], [-76.82674000000002, 38.967742], [-76.826767, 38.967678], [-76.826775, 38.96762], [-76.826777, 38.967496], [-76.826764, 38.96744], [-76.82674800000001, 38.967413], [-76.826721, 38.96738599999999], [-76.82670000000002, 38.967367], [-76.826642, 38.967336], [-76.826583, 38.96731499999999], [-76.82653, 38.96729], [-76.826488, 38.967257], [-76.82644, 38.967201], [-76.826423, 38.967133], [-76.826418, 38.967075], [-76.826423, 38.967012], [-76.826434, 38.966959], [-76.826486, 38.966847], [-76.82650700000002, 38.966805], [-76.826518, 38.966774], [-76.826524, 38.966747], [-76.826526, 38.966723], [-76.82652099999999, 38.9667], [-76.826505, 38.966683], [-76.826468, 38.966675], [-76.826436, 38.966673], [-76.826386, 38.966675], [-76.825887, 38.966607], [-76.825792, 38.96634199999999], [-76.825731, 38.966077], [-76.825706, 38.965887], [-76.82564500000001, 38.965663], [-76.825587, 38.965454], [-76.825525, 38.96527600000001], [-76.825464, 38.96508], [-76.825463, 38.964876], [-76.82548300000002, 38.964798], [-76.825513, 38.964716], [-76.825556, 38.96463599999999], [-76.825599, 38.964579], [-76.825649, 38.964507], [-76.825676, 38.96445], [-76.825702, 38.964378], [-76.825719, 38.964293], [-76.825719, 38.964169000000005], [-76.82571200000001, 38.96396800000001], [-76.825684, 38.963741], [-76.825638, 38.963532], [-76.825592, 38.96339], [-76.825522, 38.963224], [-76.825485, 38.96316], [-76.825439, 38.963106], [-76.825383, 38.96305600000001], [-76.825307, 38.963015], [-76.824848, 38.962795], [-76.82402, 38.962451], [-76.82354599999998, 38.962236], [-76.823185, 38.962055], [-76.822933, 38.961906], [-76.822775, 38.961837], [-76.82261599999998, 38.961782], [-76.822528, 38.961736], [-76.822428, 38.961649], [-76.822352, 38.961562], [-76.82230000000001, 38.961465], [-76.822282, 38.961378], [-76.822277, 38.96125], [-76.822277, 38.961144], [-76.822271, 38.961044], [-76.822266, 38.960938], [-76.822254, 38.960888], [-76.822237, 38.960846000000004], [-76.822196, 38.960791], [-76.822166, 38.960768], [-76.82207800000002, 38.960741], [-76.822002, 38.960731], [-76.821938, 38.960717], [-76.821809, 38.96069], [-76.821746, 38.960672], [-76.82171399999999, 38.960659], [-76.821684, 38.960642], [-76.821655, 38.960619], [-76.821628, 38.960588], [-76.82159499999999, 38.960545], [-76.821561, 38.960474], [-76.82146, 38.960183], [-76.821301, 38.95982], [-76.821138, 38.959565], [-76.821058, 38.959456], [-76.821019, 38.959368], [-76.820986, 38.959217], [-76.82091700000001, 38.959018], [-76.820887, 38.958931], [-76.82080699999999, 38.958781], [-76.82070800000001, 38.95864], [-76.82062199999999, 38.958531], [-76.820472, 38.958318], [-76.820379, 38.958183], [-76.820353, 38.958079], [-76.82031999999998, 38.957892], [-76.820334, 38.957684], [-76.82036199999999, 38.957373], [-76.82042, 38.956812], [-76.820474, 38.956415], [-76.820478, 38.956313], [-76.819533, 38.956378], [-76.818145, 38.956517], [-76.817129, 38.956627], [-76.817025, 38.956637], [-76.816633, 38.956677], [-76.816328, 38.956708], [-76.816246, 38.956716], [-76.816164, 38.95672499999999], [-76.816134, 38.956728], [-76.81598999999999, 38.956743], [-76.815957, 38.956746], [-76.81563, 38.956781], [-76.815248, 38.956821], [-76.814261, 38.956921], [-76.81356999999998, 38.956974], [-76.813334, 38.95698899999999], [-76.813094, 38.957025], [-76.81276999999999, 38.956984], [-76.812031, 38.956966], [-76.811447, 38.956917999999995], [-76.810763, 38.956854], [-76.809938, 38.956809], [-76.8095, 38.956821], [-76.809338, 38.956753], [-76.808802, 38.956711], [-76.80856999999999, 38.956726999999994], [-76.80824799999999, 38.956757], [-76.808009, 38.956797], [-76.807776, 38.956829], [-76.807508, 38.956882], [-76.806876, 38.957027], [-76.806445, 38.957155], [-76.806094, 38.957264], [-76.805521, 38.957491], [-76.805196, 38.957642], [-76.80498100000001, 38.957721], [-76.803889, 38.958204], [-76.803492, 38.958379], [-76.802719, 38.958741], [-76.801926, 38.959098], [-76.801548, 38.959267999999994], [-76.80071, 38.959651], [-76.80034400000001, 38.959791], [-76.800125, 38.95989], [-76.79953200000001, 38.960162], [-76.798356, 38.960758], [-76.797877, 38.960996], [-76.797705, 38.961084], [-76.79767, 38.960581], [-76.797635, 38.959988], [-76.797615, 38.959698], [-76.797608, 38.959594], [-76.797538, 38.95883], [-76.79752699999999, 38.958727], [-76.797507, 38.958582], [-76.797479, 38.958448], [-76.797494, 38.958332], [-76.79753899999999, 38.958063], [-76.79758199999999, 38.957861], [-76.797649, 38.957592], [-76.79770700000002, 38.957382], [-76.797817, 38.957008], [-76.797882, 38.956749], [-76.79794599999998, 38.956517999999996], [-76.79812999999999, 38.955903], [-76.79825600000001, 38.95540700000001], [-76.798451, 38.954679], [-76.79855900000001, 38.954273], [-76.798771, 38.95346099999999], [-76.798801, 38.953344], [-76.798838, 38.953207], [-76.798896, 38.952727], [-76.798903, 38.952613], [-76.798912, 38.95245], [-76.798911, 38.952094], [-76.798882, 38.95168999999999], [-76.79866199999998, 38.949244], [-76.79861499999998, 38.948874], [-76.79851, 38.948057], [-76.798492, 38.947941], [-76.798396, 38.946974], [-76.7984, 38.94622], [-76.79841799999998, 38.945498], [-76.798461, 38.94495], [-76.798534, 38.944333], [-76.798564, 38.944099], [-76.798577, 38.944001], [-76.798636, 38.94370800000001], [-76.798762, 38.943187], [-76.798825, 38.942945], [-76.79893700000001, 38.94260899999999], [-76.799271, 38.941773], [-76.79930399999999, 38.941705], [-76.799528, 38.941246], [-76.799711, 38.940965], [-76.799853, 38.940771000000005], [-76.79995499999998, 38.940630999999996], [-76.800105, 38.940471], [-76.800187, 38.940364], [-76.801015, 38.939192], [-76.801085, 38.939098], [-76.80113, 38.939037], [-76.801816, 38.938107], [-76.802111, 38.937698000000005], [-76.80242400000002, 38.937212], [-76.80253899999998, 38.937036000000006], [-76.802618, 38.936915], [-76.802729, 38.93672099999999], [-76.803041, 38.936137], [-76.803094, 38.936033], [-76.803388, 38.935458], [-76.803548, 38.935125], [-76.803849, 38.93451], [-76.803882, 38.934443], [-76.804543, 38.933128], [-76.804972, 38.932272999999995], [-76.80553299999998, 38.931228], [-76.80563599999999, 38.931029], [-76.805856, 38.930591], [-76.80622199999999, 38.929867], [-76.806683, 38.928949], [-76.80684499999998, 38.928464], [-76.80689, 38.928311], [-76.806924, 38.927976], [-76.806916, 38.92768], [-76.80687200000001, 38.927394], [-76.80667, 38.926933], [-76.806412, 38.926544], [-76.80631699999999, 38.926439], [-76.806114, 38.926213], [-76.80574900000002, 38.925848], [-76.805091, 38.925186], [-76.80502, 38.925114], [-76.804687, 38.924799], [-76.80434299999999, 38.924451], [-76.804199, 38.9243], [-76.80390900000002, 38.92398], [-76.803666, 38.923622], [-76.80351999999999, 38.923329], [-76.803357, 38.922814], [-76.80331800000002, 38.922698], [-76.803296, 38.922632], [-76.80325900000001, 38.922369], [-76.803289, 38.921989], [-76.803295, 38.921926], [-76.803312, 38.921728], [-76.80343299999998, 38.9211], [-76.803466, 38.920872], [-76.80352799999999, 38.920503000000004], [-76.803611, 38.920086], [-76.803808, 38.919274], [-76.803816, 38.919214], [-76.8039, 38.919039], [-76.803965, 38.918603999999995], [-76.803965, 38.91843], [-76.803965, 38.918299], [-76.803953, 38.918131], [-76.80392100000002, 38.917963], [-76.803865, 38.917789], [-76.803774, 38.917621], [-76.80373600000001, 38.917529], [-76.803716, 38.91748100000001], [-76.80365300000001, 38.917349], [-76.803498, 38.91710499999999], [-76.803365, 38.91691399999999], [-76.803242, 38.916771], [-76.80321, 38.916736], [-76.803082, 38.916598], [-76.802601, 38.916188999999996], [-76.802116, 38.915789], [-76.801758, 38.915479], [-76.801445, 38.915169], [-76.801176, 38.914852], [-76.800973, 38.914578], [-76.800891, 38.91445], [-76.80073399999999, 38.914174], [-76.800536, 38.913767], [-76.800465, 38.913578], [-76.800411, 38.913416], [-76.80035999999998, 38.91323], [-76.800305, 38.91293499999999], [-76.80010399999999, 38.91226699999999], [-76.79996599999998, 38.911881], [-76.79989499999999, 38.911716], [-76.79983500000002, 38.911577], [-76.799724, 38.911346], [-76.79952000000002, 38.911013], [-76.799322, 38.9107], [-76.799177, 38.910471], [-76.79903299999998, 38.910253], [-76.79879, 38.909878], [-76.79852899999999, 38.909475], [-76.798128, 38.908852], [-76.798102, 38.908811], [-76.79792099999999, 38.90846700000001], [-76.797915, 38.908456], [-76.797761, 38.908134], [-76.797627, 38.907738], [-76.797603, 38.907668], [-76.79746, 38.907054], [-76.797381, 38.906546], [-76.79729499999999, 38.90603], [-76.797234, 38.905785], [-76.797114, 38.905485], [-76.796958, 38.905181], [-76.796778, 38.904880000000006], [-76.79651, 38.904531], [-76.796291, 38.904289000000006], [-76.795784, 38.903841], [-76.795023, 38.903217], [-76.794881, 38.903093], [-76.79452500000001, 38.902816], [-76.79414, 38.902481], [-76.794053, 38.90232700000001], [-76.79399699999999, 38.902255], [-76.793949, 38.902199], [-76.793863, 38.902082], [-76.793631, 38.901691], [-76.793542, 38.901555], [-76.79349, 38.901475], [-76.793411, 38.90135399999999], [-76.793277, 38.901174], [-76.793228, 38.901114], [-76.793018, 38.900853], [-76.79288, 38.900647], [-76.792657, 38.900311], [-76.79250700000001, 38.900347], [-76.7916, 38.900565], [-76.791115, 38.900697], [-76.79090400000001, 38.900756], [-76.790508, 38.900843], [-76.79031300000001, 38.900868], [-76.79006, 38.900899], [-76.78978, 38.900925], [-76.789351, 38.900955], [-76.789081, 38.900965], [-76.788889, 38.900958], [-76.788546, 38.90097], [-76.788473, 38.900969], [-76.788219, 38.90096199999999], [-76.787393, 38.900899], [-76.78629999999998, 38.900783], [-76.78590499999999, 38.900739], [-76.78517100000002, 38.900658], [-76.784028, 38.900525], [-76.78333599999999, 38.900459], [-76.782911, 38.900431999999995], [-76.782089, 38.900398], [-76.781771, 38.900402], [-76.781293, 38.900416], [-76.78109400000001, 38.900423], [-76.78001, 38.900472], [-76.778082, 38.900634], [-76.777772, 38.90066], [-76.776191, 38.900784], [-76.775994, 38.900797], [-76.775925, 38.900802], [-76.775818, 38.900809], [-76.774187, 38.900921], [-76.772244, 38.901048], [-76.772039, 38.90106], [-76.771408, 38.901097], [-76.771309, 38.901103], [-76.77072400000002, 38.901137], [-76.769876, 38.901186], [-76.76983000000001, 38.901189], [-76.768567, 38.901245], [-76.767194, 38.901313], [-76.766055, 38.901372], [-76.765801, 38.901385], [-76.764389, 38.901488], [-76.76293, 38.901609], [-76.761374, 38.901743], [-76.759835, 38.901883], [-76.75896499999999, 38.901946], [-76.75861400000001, 38.901972], [-76.758465, 38.901979], [-76.758419, 38.901836], [-76.7584, 38.901784], [-76.758379, 38.901711], [-76.75837300000002, 38.901691], [-76.758346, 38.901675000000004], [-76.758333, 38.901663], [-76.758297, 38.901663], [-76.758141, 38.901661], [-76.758116, 38.901326], [-76.75809499999998, 38.901045], [-76.758078, 38.900817], [-76.758065, 38.900638], [-76.757983, 38.899686], [-76.757958, 38.899298], [-76.757934, 38.898945], [-76.757906, 38.898661], [-76.757858, 38.89788], [-76.757851, 38.897774], [-76.757793, 38.896899999999995], [-76.757748, 38.896212], [-76.757656, 38.894873], [-76.757651, 38.894785], [-76.757615, 38.894423999999994], [-76.757589, 38.894155999999995], [-76.757517, 38.893192], [-76.757458, 38.892526], [-76.75740899999998, 38.891948], [-76.757365, 38.891411], [-76.757361, 38.891372], [-76.757343, 38.891194], [-76.757366, 38.89103], [-76.757372, 38.890988], [-76.757419, 38.890701], [-76.75749999999998, 38.890391], [-76.757734, 38.889613], [-76.758009, 38.888686], [-76.75807000000002, 38.888481], [-76.75821200000001, 38.887994], [-76.75831499999998, 38.887651], [-76.758351, 38.887531], [-76.758444, 38.887196], [-76.75848000000002, 38.887065], [-76.758727, 38.886223], [-76.758936, 38.885506], [-76.759117, 38.884891], [-76.75924, 38.884454], [-76.75927999999999, 38.884315], [-76.75948199999999, 38.88370799999999], [-76.759868, 38.882306], [-76.75988699999999, 38.882237], [-76.759932, 38.88204], [-76.759953, 38.881855], [-76.759963, 38.88166100000001], [-76.759851, 38.880975], [-76.759771, 38.880468], [-76.75957900000002, 38.879297], [-76.759543, 38.87904700000001], [-76.75952400000001, 38.878939], [-76.759499, 38.878741], [-76.759486, 38.878362], [-76.759538, 38.877822], [-76.759551, 38.877591], [-76.759609, 38.87701400000001], [-76.75967399999999, 38.876471], [-76.759716, 38.875941], [-76.759687, 38.875514], [-76.759687, 38.875398], [-76.759675, 38.875184], [-76.76000099999999, 38.875205], [-76.760122, 38.875213], [-76.760792, 38.875325], [-76.76112899999998, 38.875361], [-76.761389, 38.875354], [-76.76178999999999, 38.875345], [-76.762236, 38.875335], [-76.76273199999999, 38.875299], [-76.763393, 38.87525300000001], [-76.763534, 38.87525300000001], [-76.763591, 38.87525300000001], [-76.763825, 38.87527], [-76.76402300000001, 38.875319], [-76.765277, 38.875633], [-76.76551200000002, 38.875695], [-76.765773, 38.875774], [-76.76611, 38.875894], [-76.766247, 38.87597000000001], [-76.766428, 38.876089], [-76.76666300000001, 38.876283], [-76.767004, 38.876536], [-76.768076, 38.87721100000001], [-76.768448, 38.877451], [-76.768702, 38.877629], [-76.768915, 38.87774700000001], [-76.769084, 38.87781], [-76.769337, 38.87786], [-76.76963399999998, 38.877872], [-76.76994999999998, 38.877862], [-76.770015, 38.877853], [-76.770283, 38.877816], [-76.770467, 38.87776499999999], [-76.77085100000001, 38.877624], [-76.771335, 38.877389], [-76.77171300000002, 38.877216], [-76.771897, 38.877157], [-76.77203399999999, 38.877143], [-76.772584, 38.877135], [-76.77305700000001, 38.877126], [-76.773498, 38.877119], [-76.775398, 38.876996], [-76.776771, 38.876995], [-76.777661, 38.876984], [-76.778416, 38.87697099999999], [-76.779648, 38.876931], [-76.779855, 38.87694900000001], [-76.780011, 38.876965000000006], [-76.78027000000002, 38.877006], [-76.78048700000001, 38.877063], [-76.78065300000002, 38.87713], [-76.78092, 38.877183], [-76.781043, 38.87718], [-76.78114199999999, 38.877159], [-76.781232, 38.877117], [-76.781397, 38.876997], [-76.781628, 38.87679], [-76.78178700000001, 38.876625], [-76.78193, 38.876492], [-76.78237599999999, 38.87604699999999], [-76.78255900000002, 38.87586199999999], [-76.782669, 38.875751], [-76.78285999999999, 38.875539], [-76.783873, 38.874561], [-76.78406500000001, 38.874316], [-76.784197, 38.874112], [-76.784317, 38.873835], [-76.784411, 38.873613], [-76.78486800000002, 38.873787], [-76.785723, 38.874038], [-76.786316, 38.874176], [-76.78694899999999, 38.874281], [-76.787533, 38.87434699999999], [-76.788244, 38.874386], [-76.78875, 38.874411], [-76.78928499999999, 38.87440000000001], [-76.789606, 38.874393], [-76.78972, 38.874395], [-76.790101, 38.87440200000001], [-76.790747, 38.874403], [-76.791075, 38.874403], [-76.791484, 38.874405], [-76.791776, 38.874397], [-76.79273299999998, 38.874441], [-76.793562, 38.874493], [-76.794162, 38.874559], [-76.794601, 38.874610999999994], [-76.79490299999999, 38.874647], [-76.795094, 38.874672], [-76.79563299999998, 38.874743], [-76.796338, 38.874878], [-76.79689600000002, 38.87499100000001], [-76.798238, 38.875219], [-76.79873, 38.875317], [-76.799683, 38.875495], [-76.800948, 38.875741], [-76.80143900000002, 38.875843], [-76.802254, 38.875984], [-76.80280600000002, 38.876087], [-76.803082, 38.875504], [-76.80321199999999, 38.875251], [-76.803407, 38.874885], [-76.803548, 38.874653], [-76.803636, 38.87451], [-76.80402799999999, 38.873991], [-76.804454, 38.873541], [-76.804967, 38.87298199999999], [-76.805235, 38.872697], [-76.80563599999999, 38.872282], [-76.80579, 38.872143], [-76.80595799999999, 38.872037], [-76.80612700000002, 38.871961], [-76.80645000000001, 38.871874], [-76.806889, 38.871801], [-76.80726600000001, 38.871732], [-76.80757099999998, 38.871684], [-76.808005, 38.871624], [-76.808553, 38.87154199999999], [-76.809007, 38.871472999999995], [-76.81205699999998, 38.870975], [-76.812318, 38.870932], [-76.812515, 38.870893], [-76.81276299999999, 38.87084], [-76.812953, 38.870795], [-76.81319199999999, 38.870734], [-76.81349099999998, 38.870627], [-76.813722, 38.870528], [-76.81396399999998, 38.87042], [-76.81418499999998, 38.870314], [-76.814407, 38.870209], [-76.814714, 38.870044], [-76.81526300000002, 38.869756], [-76.815854, 38.869475], [-76.81632, 38.86925], [-76.816464, 38.86918000000001], [-76.816652, 38.869106], [-76.817024, 38.868946], [-76.817405, 38.868787], [-76.818049, 38.86854], [-76.818599, 38.868348], [-76.818974, 38.868218], [-76.819331, 38.868119], [-76.819722, 38.868027], [-76.820014, 38.867966], [-76.820678, 38.86786], [-76.821852, 38.867678], [-76.82231, 38.86760000000001], [-76.822959, 38.867508], [-76.82351399999999, 38.867428], [-76.82378, 38.867404], [-76.824047, 38.867399], [-76.824346, 38.867397], [-76.82460899999998, 38.867385], [-76.824933, 38.86736599999999], [-76.825433, 38.867335], [-76.825828, 38.867317], [-76.826279, 38.867302], [-76.826786, 38.86727700000001], [-76.82730399999998, 38.867248], [-76.827598, 38.867173], [-76.827874, 38.867081], [-76.828071, 38.867026], [-76.82834700000001, 38.866922], [-76.828888, 38.866719], [-76.829318, 38.866596], [-76.829637, 38.866522], [-76.829963, 38.866473], [-76.8303, 38.86643599999999], [-76.83060100000002, 38.86642400000001], [-76.831357, 38.866387], [-76.831904, 38.866373], [-76.834379, 38.866412], [-76.834595, 38.866416], [-76.834497, 38.86605999999999], [-76.83432499999999, 38.865741], [-76.833895, 38.865176], [-76.833575, 38.864752], [-76.83325299999998, 38.864324], [-76.83305100000001, 38.864075], [-76.832853, 38.863836], [-76.832702, 38.863682], [-76.832365, 38.863342], [-76.83203599999999, 38.863033], [-76.831734, 38.862752], [-76.831171, 38.862264], [-76.831025, 38.862141], [-76.830842, 38.861988], [-76.830585, 38.861749], [-76.830364, 38.861536], [-76.830008, 38.861205], [-76.829761, 38.860989], [-76.82916300000001, 38.860464], [-76.828994, 38.860323], [-76.828859, 38.860215], [-76.82874, 38.860123], [-76.828602, 38.86002800000001], [-76.82843000000001, 38.859929], [-76.82822900000001, 38.859821], [-76.8278, 38.859602], [-76.827341, 38.859369], [-76.826963, 38.859192], [-76.82661000000002, 38.859028], [-76.826142, 38.858802], [-76.82593, 38.85870400000001], [-76.825575, 38.858533], [-76.825235, 38.858376], [-76.82501800000001, 38.85826899999999], [-76.824198, 38.857877], [-76.823989, 38.857776], [-76.823528, 38.857551], [-76.823056, 38.857313], [-76.822598, 38.857072], [-76.822142, 38.856829000000005], [-76.821667, 38.856583], [-76.82130700000002, 38.856391], [-76.821053, 38.85625199999999], [-76.8208, 38.856122], [-76.82038999999999, 38.855904], [-76.81944, 38.855388999999995], [-76.818579, 38.854924], [-76.81847000000002, 38.854865000000004], [-76.818194, 38.854715], [-76.817745, 38.854478], [-76.817316, 38.854257], [-76.816906, 38.854038], [-76.81647799999999, 38.853812999999995], [-76.816227, 38.853685000000006], [-76.815845, 38.853493], [-76.81557999999998, 38.853327], [-76.815242, 38.853143], [-76.814723, 38.852871], [-76.8146, 38.852799], [-76.814467, 38.852712000000004], [-76.814331, 38.85262], [-76.81419699999998, 38.85251699999999], [-76.81403400000002, 38.852377], [-76.813997, 38.852339], [-76.813937, 38.852277], [-76.81386499999999, 38.852195], [-76.813821, 38.852138], [-76.813729, 38.852018], [-76.813641, 38.851906], [-76.813533, 38.851747], [-76.813465, 38.851634], [-76.813383, 38.85143], [-76.813335, 38.851294], [-76.813296, 38.851174], [-76.81327399999999, 38.851074], [-76.81325899999999, 38.851005], [-76.81324, 38.850812], [-76.813225, 38.850589], [-76.813206, 38.850262], [-76.81319, 38.849915], [-76.81317100000001, 38.849575], [-76.813159, 38.849284], [-76.81315, 38.849137], [-76.813138, 38.848747], [-76.813135, 38.848386], [-76.813129, 38.848024], [-76.813134, 38.847659], [-76.813078, 38.847262], [-76.812996, 38.846941], [-76.812947, 38.846789], [-76.81282, 38.846498999999994], [-76.81279300000001, 38.84644399999999], [-76.812555, 38.84589600000001], [-76.811997, 38.845054999999995], [-76.81162, 38.84458], [-76.811073, 38.843874], [-76.81045799999998, 38.84316200000001], [-76.80985499999998, 38.842375], [-76.809225, 38.841613], [-76.80827000000001, 38.84038], [-76.80803400000002, 38.839960999999995], [-76.80784400000002, 38.839274], [-76.807764, 38.838782], [-76.807728, 38.837987], [-76.80771899999999, 38.837738], [-76.807699, 38.837166], [-76.80765900000002, 38.836351], [-76.807623, 38.83556200000001], [-76.807578, 38.834922000000006], [-76.807508, 38.834551], [-76.807399, 38.834269], [-76.807143, 38.833837], [-76.807027, 38.83368299999999], [-76.806992, 38.833636], [-76.80674699999999, 38.83335400000001], [-76.806607, 38.833204], [-76.806425, 38.833031000000005], [-76.806339, 38.832964000000004], [-76.806186, 38.832848], [-76.80594299999998, 38.832688], [-76.805224, 38.832235], [-76.804417, 38.831756], [-76.80368, 38.83131900000001], [-76.802988, 38.830893], [-76.802126, 38.830379], [-76.801646, 38.830090000000006], [-76.800978, 38.829693999999996], [-76.80023499999999, 38.829247], [-76.79822499999999, 38.828061000000005], [-76.7978, 38.827819], [-76.797386, 38.827582], [-76.796601, 38.827144], [-76.796259, 38.826976], [-76.795432, 38.826551], [-76.794716, 38.826181], [-76.794039, 38.825813], [-76.793632, 38.825603], [-76.79148600000002, 38.824473], [-76.790784, 38.824105], [-76.79053, 38.823972], [-76.789524, 38.823435], [-76.788971, 38.823141], [-76.788508, 38.82289599999999], [-76.787447, 38.82238], [-76.786837, 38.822113], [-76.78669200000002, 38.822056], [-76.785951, 38.821764], [-76.78505, 38.821432], [-76.784895, 38.82137500000001], [-76.78369, 38.820952], [-76.783425, 38.820832], [-76.783373, 38.820803999999995], [-76.78306899999998, 38.82064], [-76.782418, 38.820283], [-76.782044, 38.820037], [-76.781856, 38.819895], [-76.781676, 38.81975200000001], [-76.78149, 38.81957299999999], [-76.781289, 38.819369], [-76.780929, 38.818963], [-76.780543, 38.818479], [-76.780136, 38.817945], [-76.779283, 38.816845], [-76.778842, 38.81629100000001], [-76.778425, 38.815757], [-76.778308, 38.815586], [-76.77805799999999, 38.815244], [-76.777818, 38.814916], [-76.777612, 38.814663], [-76.777492, 38.814519], [-76.777419, 38.814431], [-76.77716, 38.814119], [-76.777001, 38.813903], [-76.77633999999999, 38.813055], [-76.776509, 38.813026], [-76.776718, 38.813014], [-76.776876, 38.812997], [-76.776968, 38.813], [-76.777121, 38.812977], [-76.777323, 38.812953], [-76.777601, 38.812933], [-76.777943, 38.81289], [-76.77822, 38.81285], [-76.778547, 38.812811], [-76.779064, 38.812728], [-76.779402, 38.812673], [-76.77999500000001, 38.812587], [-76.781222, 38.812469], [-76.781824, 38.812395], [-76.782494, 38.81229400000001], [-76.782822, 38.81225], [-76.783629, 38.812116], [-76.78483299999999, 38.811963], [-76.785221, 38.81190200000001], [-76.785852, 38.81182], [-76.786481, 38.811785], [-76.786753, 38.811773], [-76.787052, 38.811764], [-76.787436, 38.811768], [-76.78796800000002, 38.811784], [-76.78839899999998, 38.811812], [-76.78868500000002, 38.811832], [-76.78897799999999, 38.811867], [-76.789345, 38.811919], [-76.789582, 38.811961], [-76.789898, 38.812022], [-76.790205, 38.812093], [-76.790697, 38.812212], [-76.791597, 38.812442000000004], [-76.79249500000002, 38.812665], [-76.793333, 38.812871], [-76.79408700000002, 38.813022], [-76.794357, 38.813071], [-76.79472699999998, 38.813126], [-76.79538700000002, 38.813216], [-76.796004, 38.813289000000005], [-76.79648, 38.813342], [-76.796801, 38.81336], [-76.79703, 38.813371], [-76.79750399999999, 38.813396], [-76.798148, 38.813401], [-76.798648, 38.813385], [-76.799534, 38.81335000000001], [-76.80054000000001, 38.813306], [-76.801425, 38.813252], [-76.80183, 38.813224000000005], [-76.802195, 38.813195], [-76.802923, 38.813127], [-76.803387, 38.813099], [-76.803884, 38.813077], [-76.804431, 38.813043], [-76.804817, 38.813016], [-76.805649, 38.812932], [-76.805912, 38.81290299999999], [-76.806708, 38.81278], [-76.80704900000002, 38.812732], [-76.80715999999998, 38.812714], [-76.80775099999998, 38.812603], [-76.80864800000002, 38.812407], [-76.80943299999998, 38.812238], [-76.810104, 38.812062], [-76.810901, 38.81183], [-76.811543, 38.811622], [-76.811865, 38.811513999999995], [-76.812119, 38.811434], [-76.812382, 38.811368], [-76.812619, 38.81131500000001], [-76.81297499999998, 38.811253], [-76.81349900000001, 38.811177], [-76.813693, 38.811158], [-76.81412, 38.811125], [-76.81465, 38.81112400000001], [-76.814948, 38.81113599999999], [-76.815207, 38.811157], [-76.815547, 38.811192999999996], [-76.815924, 38.81125000000001], [-76.816153, 38.811293], [-76.816425, 38.811351], [-76.816708, 38.811423], [-76.816919, 38.811483], [-76.817389, 38.81163200000001], [-76.82037300000002, 38.812607], [-76.821252, 38.812895000000005], [-76.822189, 38.813196], [-76.82317099999999, 38.813518], [-76.823996, 38.813774], [-76.824838, 38.81407], [-76.824978, 38.814119], [-76.825464, 38.81427599999999], [-76.825768, 38.814375], [-76.82714600000001, 38.814797], [-76.82744, 38.814887], [-76.82822500000002, 38.815162], [-76.828941, 38.815403], [-76.829318, 38.815523], [-76.82951399999999, 38.815588], [-76.82988, 38.815697], [-76.83023000000001, 38.815785], [-76.83085099999998, 38.81595200000001], [-76.831352, 38.816095], [-76.831759, 38.816227], [-76.8326, 38.816446], [-76.833293, 38.81661999999999], [-76.83374999999998, 38.816739], [-76.834182, 38.816843], [-76.835032, 38.817042], [-76.836302, 38.817352], [-76.83715699999999, 38.817555], [-76.837734, 38.817689], [-76.83915800000001, 38.81804600000001], [-76.840223, 38.818286], [-76.841406, 38.818579], [-76.842508, 38.818851], [-76.843706, 38.819132], [-76.84439800000001, 38.819314], [-76.844928, 38.819472], [-76.845521, 38.81968], [-76.846108, 38.819907], [-76.84676999999999, 38.820204], [-76.84728199999999, 38.820445], [-76.84792, 38.820788], [-76.848438, 38.821098], [-76.848753, 38.820792], [-76.849089, 38.82049], [-76.84946099999999, 38.820179], [-76.849667, 38.819988], [-76.849802, 38.819799], [-76.84988699999998, 38.819586], [-76.849935, 38.819367], [-76.849936, 38.81906], [-76.849884, 38.81824700000001], [-76.849832, 38.817486], [-76.849757, 38.816513], [-76.849727, 38.816074], [-76.84957499999999, 38.814038], [-76.849431, 38.812154], [-76.84939399999999, 38.811677], [-76.849355, 38.811072], [-76.849335, 38.810752], [-76.849298, 38.810295], [-76.849266, 38.809834], [-76.849231, 38.809373], [-76.84920000000001, 38.808911], [-76.84909899999998, 38.807472000000004], [-76.849073, 38.807057], [-76.849026, 38.806468], [-76.84899, 38.805960999999996], [-76.848974, 38.80571], [-76.84897199999999, 38.805586], [-76.84896800000001, 38.805505999999994], [-76.848956, 38.80544499999999], [-76.848928, 38.805377], [-76.848954, 38.805375], [-76.848986, 38.805379], [-76.849026, 38.805393], [-76.849327, 38.805548], [-76.849662, 38.805734], [-76.84974, 38.805776], [-76.850144, 38.805994], [-76.851034, 38.80645], [-76.85137599999999, 38.806648], [-76.851531, 38.806746], [-76.851565, 38.806761], [-76.851598, 38.806764], [-76.851625, 38.806761], [-76.852413, 38.804398], [-76.85351800000001, 38.80324], [-76.853624, 38.802954], [-76.853895, 38.802157], [-76.853963, 38.801426], [-76.853794, 38.80126299999999], [-76.85323, 38.800355], [-76.85319500000001, 38.800299], [-76.851814, 38.798076], [-76.85188, 38.798018], [-76.85188799999999, 38.798005], [-76.85382699999998, 38.797166], [-76.85427, 38.79699600000001], [-76.85620100000001, 38.796141], [-76.85670599999999, 38.795908], [-76.85682099999998, 38.793631], [-76.856868, 38.792691], [-76.856971, 38.790696], [-76.857043, 38.789172], [-76.85720599999999, 38.789165999999994], [-76.86171399999999, 38.788827], [-76.86348, 38.788718], [-76.863472, 38.78864599999999], [-76.862987, 38.788639999999994], [-76.862988, 38.78836600000001], [-76.864354, 38.788379], [-76.863602, 38.787956], [-76.861177, 38.786592], [-76.861189, 38.785945], [-76.86129, 38.78529300000001], [-76.863823, 38.784394], [-76.864301, 38.784215], [-76.86465699999998, 38.783554], [-76.864635, 38.782633], [-76.864626, 38.782292999999996], [-76.86594999999998, 38.7823], [-76.866636, 38.782304], [-76.867169, 38.782307], [-76.867675, 38.782313], [-76.867885, 38.782314], [-76.868397, 38.782315], [-76.86844200000002, 38.782314], [-76.86914700000001, 38.782321], [-76.869622, 38.782327], [-76.869667, 38.782326], [-76.870317, 38.782329], [-76.870736, 38.782331], [-76.870753, 38.782336], [-76.871611, 38.782335], [-76.87168099999998, 38.782339], [-76.871796, 38.782337], [-76.872013, 38.782304], [-76.87197, 38.782367], [-76.874418, 38.78232], [-76.87684999999999, 38.782367], [-76.87968299999999, 38.782678], [-76.879852, 38.782751], [-76.88000500000001, 38.782798], [-76.880107, 38.782841], [-76.880217, 38.782879], [-76.880472, 38.78297], [-76.88079799999998, 38.783092], [-76.881137, 38.783218], [-76.881447, 38.783324], [-76.881982, 38.783484], [-76.88220499999998, 38.783545], [-76.882473, 38.783607], [-76.882836, 38.783687], [-76.883116, 38.783739000000004], [-76.883716, 38.78383], [-76.88397, 38.78386], [-76.884269, 38.783893], [-76.884455, 38.783909], [-76.884555, 38.783916], [-76.884837, 38.78393199999999], [-76.885023, 38.78393799999999], [-76.885701, 38.783933999999995], [-76.88636, 38.783921], [-76.886754, 38.783908], [-76.887035, 38.783902], [-76.88770799999999, 38.783883], [-76.887898, 38.783876], [-76.88829, 38.783841], [-76.888441, 38.783827], [-76.888656, 38.783805], [-76.888743, 38.783793], [-76.88880600000002, 38.783785], [-76.888886, 38.783775], [-76.88923, 38.78373499999999], [-76.889731, 38.783671], [-76.889813, 38.78366], [-76.89001600000002, 38.783638], [-76.890251, 38.78361499999999], [-76.890364, 38.78361], [-76.89061599999998, 38.783601], [-76.890831, 38.783608], [-76.89092299999999, 38.783616], [-76.89107999999999, 38.78363], [-76.89123399999998, 38.78365], [-76.89139899999999, 38.783677], [-76.891637, 38.78372900000001], [-76.891862, 38.783797], [-76.892012, 38.78385500000001], [-76.892185, 38.783925], [-76.892316, 38.783984], [-76.892446, 38.784049], [-76.892552, 38.78411100000001], [-76.892663, 38.784175], [-76.892792, 38.784264], [-76.892961, 38.78438500000001], [-76.89304200000001, 38.784443], [-76.893397, 38.784688], [-76.89370700000002, 38.784897], [-76.89381000000002, 38.784966], [-76.89399, 38.78508], [-76.89421500000002, 38.785221], [-76.89449599999999, 38.785389], [-76.89471, 38.785511], [-76.89476399999998, 38.785539], [-76.894994, 38.785655], [-76.895246, 38.785771], [-76.895603, 38.785937], [-76.896077, 38.786176], [-76.896402, 38.786326], [-76.89652199999999, 38.786394], [-76.89665499999998, 38.786476], [-76.896724, 38.786531], [-76.89679699999999, 38.78662099999999], [-76.896865, 38.786746], [-76.89694699999998, 38.786943], [-76.897047, 38.787201], [-76.897051, 38.787235], [-76.89708399999999, 38.787502], [-76.897087, 38.787545], [-76.89713599999999, 38.788189], [-76.897192, 38.788683], [-76.89735299999998, 38.789505], [-76.89752, 38.79014299999999], [-76.89762799999998, 38.79061], [-76.897771, 38.790967], [-76.897855, 38.791177], [-76.89801399999999, 38.79158], [-76.898266, 38.792201], [-76.898404, 38.792532], [-76.89845100000001, 38.792646], [-76.898618, 38.793035], [-76.898922, 38.793806999999994], [-76.899021, 38.794056], [-76.899258, 38.794659], [-76.89942800000001, 38.795066], [-76.899596, 38.795439], [-76.899624, 38.795502], [-76.89974399999998, 38.795788], [-76.900097, 38.796482000000005], [-76.900355, 38.79696], [-76.900575, 38.797342], [-76.900725, 38.797582], [-76.900802, 38.797706], [-76.90094, 38.797919], [-76.90107199999998, 38.79812499999999], [-76.901232, 38.798356], [-76.901416, 38.798624], [-76.901628, 38.798944], [-76.90173, 38.798638], [-76.901833, 38.798332], [-76.902017, 38.798077], [-76.90209199999998, 38.798018], [-76.90215400000001, 38.797949], [-76.90224999999998, 38.79786299999999], [-76.902339, 38.79781], [-76.902428, 38.797735], [-76.902483, 38.797649], [-76.902511, 38.797526000000005], [-76.902532, 38.79708699999999], [-76.902546, 38.796867], [-76.902595, 38.796581], [-76.90268399999998, 38.796324], [-76.902808, 38.79618], [-76.903, 38.795918], [-76.903111, 38.795771], [-76.90315199999999, 38.795701], [-76.90315900000002, 38.795615], [-76.903146, 38.795519], [-76.903139, 38.795439], [-76.903187, 38.795283], [-76.90329, 38.79511699999999], [-76.903448, 38.794866], [-76.903606, 38.79477], [-76.903715, 38.794705], [-76.903825, 38.794604], [-76.903887, 38.794427], [-76.90395, 38.794156], [-76.903991, 38.793867], [-76.90404900000001, 38.793488], [-76.904201, 38.793235], [-76.904257, 38.793028], [-76.904265, 38.79291], [-76.904243, 38.79278], [-76.904182, 38.792698], [-76.90406199999998, 38.792609], [-76.904024, 38.792532], [-76.90405399999999, 38.792432000000005], [-76.90415999999999, 38.792343], [-76.90425099999999, 38.79230199999999], [-76.90435699999999, 38.79223699999999], [-76.90444700000002, 38.792167], [-76.904557, 38.791807], [-76.904648, 38.791523], [-76.90473899999999, 38.791087], [-76.90479400000001, 38.790713], [-76.90515699999999, 38.790463], [-76.905241, 38.790358], [-76.90529499999998, 38.79027899999999], [-76.905348, 38.790209], [-76.905392, 38.790175], [-76.90545, 38.790154], [-76.90553899999999, 38.79014299999999], [-76.90564599999999, 38.79014], [-76.905757, 38.79013], [-76.905863, 38.790099], [-76.906028, 38.790001], [-76.906209, 38.789884], [-76.906246, 38.789861], [-76.90665899999999, 38.789643], [-76.906809, 38.789627], [-76.906909, 38.789599], [-76.907037, 38.78956], [-76.907123, 38.789515], [-76.907208, 38.78943199999999], [-76.90724400000002, 38.789354], [-76.90727299999999, 38.789259], [-76.907365, 38.789109], [-76.90747200000001, 38.789008], [-76.907694, 38.788858], [-76.907922, 38.788725], [-76.908271, 38.788552], [-76.908665, 38.7884], [-76.909151, 38.788239], [-76.90936700000002, 38.78818699999999], [-76.909533, 38.78817900000001], [-76.90976600000002, 38.788127], [-76.90997599999999, 38.788092], [-76.91019699999998, 38.788048999999994], [-76.91033, 38.787997], [-76.91064, 38.787954], [-76.910773, 38.78792], [-76.910873, 38.787877], [-76.91098300000002, 38.787816], [-76.911105, 38.78773799999999], [-76.911194, 38.78766099999999], [-76.911411, 38.787532], [-76.911534, 38.787442], [-76.91165, 38.78739100000001], [-76.91189700000001, 38.787359], [-76.912407, 38.787333], [-76.912901, 38.787282], [-76.913313, 38.787257], [-76.913704, 38.787186], [-76.914067, 38.787096], [-76.914182, 38.787051], [-76.914256, 38.787006], [-76.914784, 38.786646], [-76.915052, 38.786421], [-76.915159, 38.786299], [-76.915249, 38.78617], [-76.915315, 38.786073], [-76.915414, 38.786003], [-76.915505, 38.785951], [-76.91562, 38.78590599999999], [-76.915727, 38.785887], [-76.915876, 38.785894000000006], [-76.91608100000002, 38.785952], [-76.91618, 38.785997], [-76.916328, 38.786003], [-76.916563, 38.785984], [-76.916736, 38.785971], [-76.916868, 38.78592], [-76.91698300000002, 38.785856], [-76.91709000000002, 38.785804], [-76.917164, 38.785785], [-76.917346, 38.785708], [-76.917444, 38.785676], [-76.917568, 38.785669], [-76.917749, 38.785689], [-76.917848, 38.785728], [-76.91791799999999, 38.785792], [-76.91799200000001, 38.785818], [-76.918041, 38.785889], [-76.918107, 38.78594700000001], [-76.91818100000002, 38.785998], [-76.918272, 38.786031], [-76.918428, 38.786037], [-76.918609, 38.785999], [-76.918814, 38.785908], [-76.919753, 38.785531], [-76.920539, 38.785216], [-76.920944, 38.785055], [-76.921442, 38.78485599999999], [-76.921766, 38.784668], [-76.921869, 38.784618], [-76.92209300000002, 38.784551], [-76.922254, 38.784488], [-76.92230600000002, 38.784457], [-76.922383, 38.784416], [-76.9224, 38.784380999999996], [-76.922395, 38.784331], [-76.922337, 38.784246], [-76.92230299999999, 38.784165], [-76.922274, 38.784008], [-76.922275, 38.783833], [-76.922309, 38.783689], [-76.922378, 38.783445], [-76.92241299999999, 38.783292], [-76.92241299999999, 38.783135], [-76.922419, 38.783005], [-76.92240199999999, 38.782852], [-76.92242499999999, 38.782716], [-76.922466, 38.78259], [-76.922506, 38.782491], [-76.922604, 38.78233], [-76.922661, 38.78222600000001], [-76.922753, 38.782119], [-76.922903, 38.781979], [-76.92308, 38.781812], [-76.923175, 38.781722], [-76.92323200000001, 38.781675], [-76.92328, 38.78164699999999], [-76.923337, 38.781625], [-76.923391, 38.781612], [-76.92344199999998, 38.781595], [-76.92349900000002, 38.78157000000001], [-76.92355, 38.781538], [-76.923611, 38.781488], [-76.923659, 38.781436], [-76.923769, 38.781325], [-76.923862, 38.781254], [-76.92392199999999, 38.780864], [-76.924137, 38.780528], [-76.924352, 38.780226], [-76.924558, 38.779764], [-76.924833, 38.779314], [-76.924941, 38.779106], [-76.924993, 38.778986], [-76.92501, 38.778811], [-76.924959, 38.778408], [-76.924925, 38.777925], [-76.92475, 38.77732100000001], [-76.92469, 38.777039], [-76.92469, 38.776771], [-76.92472500000001, 38.776684], [-76.924892, 38.776335], [-76.92512399999998, 38.77614100000001], [-76.925507, 38.775721], [-76.926467, 38.77490000000001], [-76.92698, 38.77437], [-76.927298, 38.774128000000005], [-76.927639, 38.77387], [-76.92784100000002, 38.773484], [-76.927969, 38.773183], [-76.928082, 38.773026], [-76.928244, 38.772897], [-76.928884, 38.772525], [-76.930239, 38.771825], [-76.93155699999998, 38.771253], [-76.932454, 38.770796], [-76.93370399999999, 38.770005000000005], [-76.93405499999999, 38.769618], [-76.93438199999999, 38.769261], [-76.93471699999999, 38.768839], [-76.934803, 38.768732], [-76.93525200000002, 38.76825], [-76.93585599999999, 38.768891999999994], [-76.93599300000001, 38.768958], [-76.936306, 38.769118], [-76.93731, 38.76961899999999], [-76.93837699999999, 38.770123], [-76.93877899999998, 38.77031], [-76.938977, 38.770405000000004], [-76.939378, 38.770597], [-76.939596, 38.770691], [-76.94029100000002, 38.771029], [-76.940594, 38.771178], [-76.940746, 38.771238], [-76.94078899999998, 38.771247], [-76.940918, 38.771267], [-76.941046, 38.771281], [-76.941167, 38.771295], [-76.94133, 38.77133], [-76.94150999999998, 38.771358], [-76.941748, 38.771387], [-76.941906, 38.771418], [-76.942316, 38.771563], [-76.942804, 38.771734], [-76.942657, 38.77239], [-76.942617, 38.772633], [-76.942546, 38.772967], [-76.942437, 38.77342], [-76.942339, 38.773821], [-76.942204, 38.774516000000006], [-76.942094, 38.775066], [-76.942034, 38.77537699999999], [-76.94199799999998, 38.775488], [-76.94194999999999, 38.775576], [-76.94189800000001, 38.77562700000001], [-76.941832, 38.775668], [-76.941722, 38.77574], [-76.941661, 38.775775], [-76.94076799999999, 38.77632], [-76.94112, 38.77661799999999], [-76.941697, 38.777103], [-76.94198100000001, 38.777354], [-76.942269, 38.777599], [-76.942512, 38.777811], [-76.942731, 38.778004], [-76.94279200000001, 38.778084], [-76.942817, 38.778142], [-76.942826, 38.778197], [-76.942826, 38.778245000000005], [-76.942817, 38.778307999999996], [-76.942795, 38.778372999999995], [-76.942764, 38.778452], [-76.94272, 38.778545], [-76.944804, 38.780555], [-76.945156, 38.780915], [-76.945241, 38.78098500000001], [-76.94552, 38.78122], [-76.945241, 38.781388], [-76.945006, 38.781516999999994], [-76.94478699999999, 38.78164099999999], [-76.944525, 38.781786], [-76.944273, 38.781919], [-76.94398200000002, 38.782071], [-76.943428, 38.782376], [-76.94326199999999, 38.782483], [-76.94310199999998, 38.782598], [-76.94295800000002, 38.782718], [-76.942817, 38.782848], [-76.942712, 38.782966], [-76.942587, 38.7831], [-76.942365, 38.783367], [-76.942339, 38.783398], [-76.942262, 38.78348299999999], [-76.942205, 38.783546], [-76.942074, 38.783683], [-76.94194599999999, 38.783797], [-76.941858, 38.783879], [-76.941786, 38.783942], [-76.941692, 38.784022], [-76.94159, 38.7841], [-76.94147699999999, 38.784181], [-76.941419, 38.784225], [-76.941255, 38.78435], [-76.941058, 38.784488], [-76.940935, 38.784583], [-76.940893, 38.784615], [-76.940684, 38.784768], [-76.940307, 38.78505], [-76.940112, 38.785224], [-76.939986, 38.785351], [-76.93987300000002, 38.785477], [-76.939813, 38.78554900000001], [-76.939713, 38.785686], [-76.939627, 38.785808], [-76.93956699999998, 38.785909], [-76.939515, 38.786001], [-76.939425, 38.786149], [-76.939253, 38.786442], [-76.938953, 38.786913], [-76.938844, 38.787096], [-76.938823, 38.787132], [-76.938532, 38.787622], [-76.938454, 38.787734], [-76.938552, 38.787841], [-76.938685, 38.787945], [-76.93886900000001, 38.788086], [-76.939014, 38.788216], [-76.939147, 38.78831], [-76.93946899999999, 38.788549], [-76.939753, 38.788719], [-76.939833, 38.788783], [-76.940024, 38.788933], [-76.940486, 38.789288000000006], [-76.941057, 38.789712], [-76.941171, 38.789783], [-76.94127200000001, 38.789837], [-76.941376, 38.78989], [-76.941607, 38.78997], [-76.94226000000002, 38.790163], [-76.942518, 38.790234], [-76.942952, 38.790357], [-76.943169, 38.79042], [-76.943501, 38.790509], [-76.943641, 38.790542], [-76.94456999999998, 38.790549], [-76.94498700000001, 38.79055], [-76.945332, 38.790554], [-76.945687, 38.79054699999999], [-76.945936, 38.790552], [-76.946113, 38.790558], [-76.946336, 38.790567], [-76.946577, 38.790573], [-76.946923, 38.790567], [-76.94739000000001, 38.790576], [-76.94767499999999, 38.790575], [-76.949733, 38.790586], [-76.948417, 38.793219], [-76.948051, 38.793729], [-76.94622, 38.796286], [-76.943002, 38.800776], [-76.942754, 38.801123], [-76.94399599999998, 38.80164500000001], [-76.944296, 38.801776], [-76.9446, 38.801906], [-76.94478699999999, 38.801985], [-76.94498799999998, 38.802068], [-76.94522499999998, 38.802164], [-76.945452, 38.802262], [-76.94592, 38.80244299999999], [-76.946019, 38.802478], [-76.946314, 38.80256899999999], [-76.946483, 38.802615], [-76.946675, 38.802669], [-76.94682300000001, 38.802702], [-76.947007, 38.802738], [-76.947533, 38.802832], [-76.94759699999999, 38.802842], [-76.94789100000001, 38.802885], [-76.948071, 38.802912], [-76.948316, 38.802941], [-76.948528, 38.802967], [-76.948938, 38.803021], [-76.949133, 38.80305], [-76.949726, 38.803143999999996], [-76.950087, 38.80320300000001], [-76.950304, 38.803246], [-76.950453, 38.803279], [-76.950593, 38.803312], [-76.950753, 38.803364], [-76.950826, 38.803393], [-76.95092599999998, 38.803432], [-76.951056, 38.803497], [-76.951187, 38.80357], [-76.951339, 38.803655], [-76.951568, 38.803785], [-76.951698, 38.803853], [-76.951809, 38.803907], [-76.95198000000002, 38.803967], [-76.952132, 38.804024], [-76.952215, 38.804045], [-76.95233, 38.80407], [-76.952428, 38.804088], [-76.95253, 38.804099], [-76.95277900000002, 38.804111], [-76.952927, 38.804103], [-76.953035, 38.80409], [-76.953142, 38.804076], [-76.953255, 38.804058], [-76.953445, 38.804024], [-76.953736, 38.803964], [-76.954082, 38.803899], [-76.954149, 38.803885], [-76.954271, 38.80386500000001], [-76.954388, 38.803846], [-76.954571, 38.803821], [-76.954674, 38.80381199999999], [-76.954847, 38.803807], [-76.95501800000001, 38.803809], [-76.955169, 38.803817], [-76.95534, 38.803839], [-76.955457, 38.803857], [-76.955686, 38.803903], [-76.956152, 38.804005000000004], [-76.956552, 38.8041], [-76.956768, 38.804154], [-76.95690599999999, 38.804187999999996], [-76.957223, 38.804285], [-76.957392, 38.804352], [-76.95742500000001, 38.804367], [-76.957526, 38.804414], [-76.957677, 38.804495], [-76.957851, 38.804590000000005], [-76.95803299999999, 38.804694], [-76.958235, 38.804813], [-76.958584, 38.804977], [-76.958975, 38.805131], [-76.959199, 38.805204], [-76.95943800000002, 38.805273], [-76.959698, 38.805334], [-76.96024, 38.805456], [-76.961052, 38.805592], [-76.961155, 38.80561], [-76.961896, 38.805721], [-76.96224799999999, 38.805767], [-76.96244499999999, 38.805785], [-76.962691, 38.805784], [-76.96283400000002, 38.805781], [-76.962985, 38.80577], [-76.96312500000002, 38.805758], [-76.963348, 38.805733], [-76.963488, 38.80570899999999], [-76.963622, 38.805681], [-76.963736, 38.805655], [-76.96391799999999, 38.805605], [-76.964131, 38.805545], [-76.964292, 38.805484], [-76.964453, 38.805418], [-76.96479, 38.805246000000004], [-76.964964, 38.805141], [-76.965189, 38.805012], [-76.96548599999998, 38.804864], [-76.965593, 38.804826], [-76.965694, 38.804792], [-76.96582099999999, 38.804764], [-76.965917, 38.804747], [-76.965997, 38.804737], [-76.966119, 38.804731], [-76.966441, 38.804732], [-76.966703, 38.804756], [-76.967154, 38.804815], [-76.96735799999999, 38.80484800000001], [-76.967542, 38.804887], [-76.967704, 38.804928], [-76.967799, 38.804951], [-76.967928, 38.804989], [-76.968309, 38.805114], [-76.969039, 38.805346], [-76.969839, 38.805594], [-76.97009599999998, 38.805669], [-76.970311, 38.805735], [-76.970693, 38.805846], [-76.970837, 38.80588], [-76.970964, 38.805905], [-76.97106800000002, 38.805919], [-76.971202, 38.805926], [-76.971332, 38.805927], [-76.971527, 38.805923], [-76.971737, 38.805912], [-76.971837, 38.80590599999999], [-76.97201099999998, 38.805896000000004], [-76.97228, 38.805867], [-76.972569, 38.805843], [-76.972788, 38.805812], [-76.97287299999999, 38.805794], [-76.972944, 38.805776], [-76.972989, 38.805761], [-76.973038, 38.805742], [-76.973166, 38.805683], [-76.973376, 38.805885], [-76.97347199999999, 38.805976], [-76.973292, 38.806073], [-76.973017, 38.806234], [-76.972784, 38.806392], [-76.972645, 38.806493], [-76.972536, 38.806584], [-76.972449, 38.806659], [-76.97235, 38.806762], [-76.97216499999999, 38.806949], [-76.972056, 38.807067], [-76.971915, 38.807217], [-76.971725, 38.807435], [-76.97156800000002, 38.807608], [-76.971288, 38.807913], [-76.971132, 38.808071], [-76.970982, 38.808221], [-76.97085500000001, 38.808356], [-76.970779, 38.808438], [-76.970463, 38.808777], [-76.971514, 38.808586], [-76.972596, 38.808418], [-76.972886, 38.808366], [-76.973315, 38.808293], [-76.973712, 38.80823], [-76.97428700000002, 38.808144], [-76.974958, 38.80803], [-76.97579600000002, 38.80790900000001], [-76.976612, 38.80778500000001], [-76.977012, 38.807731999999994], [-76.97738300000002, 38.807681], [-76.977866, 38.807618], [-76.97898300000001, 38.807459], [-76.979707, 38.807375], [-76.980442, 38.807291], [-76.981222, 38.807205], [-76.982737, 38.807064], [-76.983728, 38.80697], [-76.98469999999999, 38.806872], [-76.985231, 38.806823], [-76.985634, 38.806785], [-76.986268, 38.806737], [-76.986976, 38.806662], [-76.98781299999999, 38.806582], [-76.988054, 38.806562], [-76.988371, 38.80654200000001], [-76.98864399999998, 38.806528], [-76.98894799999998, 38.806496], [-76.989302, 38.806452], [-76.989493, 38.806433], [-76.989611, 38.806419999999996], [-76.989749, 38.806413], [-76.989844, 38.806407], [-76.98993599999999, 38.806404], [-76.990154, 38.806392], [-76.990468, 38.806366], [-76.991014, 38.806305], [-76.99173600000002, 38.80621500000001], [-76.992148, 38.806159], [-76.992431, 38.806115], [-76.992879, 38.806038], [-76.992992, 38.806016], [-76.99305699999998, 38.806004], [-76.99319, 38.805977], [-76.99335500000001, 38.805937], [-76.993459, 38.805912], [-76.993484, 38.80590599999999], [-76.99353, 38.805893], [-76.99364299999999, 38.805597], [-76.99368699999998, 38.805481], [-76.99372900000002, 38.805369], [-76.993775, 38.80524799999999], [-76.993505, 38.803128], [-76.99339, 38.80314800000001], [-76.993272, 38.803165], [-76.993201, 38.803175], [-76.99305, 38.803195], [-76.99291, 38.803211], [-76.992592, 38.803237], [-76.992022, 38.803265], [-76.991451, 38.803288], [-76.991379, 38.80329199999999], [-76.991317, 38.803295], [-76.991309, 38.803198], [-76.991299, 38.802982], [-76.991292, 38.80277], [-76.99129, 38.802719], [-76.990776, 38.802745], [-76.990266, 38.802779], [-76.990234, 38.802281], [-76.99032, 38.802271], [-76.99026, 38.801958], [-76.990159, 38.80142], [-76.990059, 38.801052], [-76.99002699999998, 38.800951], [-76.989975, 38.800768], [-76.99080699999999, 38.800685], [-76.991196, 38.800647], [-76.991487, 38.800618], [-76.991501, 38.800764], [-76.991513, 38.800884], [-76.99151999999998, 38.80091800000001], [-76.993239, 38.800847], [-76.993623, 38.802998], [-76.993823, 38.802958], [-76.994794, 38.802732], [-76.995015, 38.802675], [-76.995048, 38.802771], [-76.99511, 38.802897], [-76.995147, 38.802995], [-76.995269, 38.803317], [-76.995276, 38.803343000000005], [-76.996103, 38.803069], [-76.996052, 38.802866], [-76.995903, 38.802549], [-76.995866, 38.802456], [-76.99602699999998, 38.802413], [-76.99621, 38.802363], [-76.996367, 38.801847], [-76.996671, 38.800929], [-76.996724, 38.800366], [-76.996816, 38.799743], [-76.99687799999998, 38.799269], [-76.996754, 38.79927], [-76.996682, 38.799820999999994], [-76.99552900000002, 38.800493], [-76.995505, 38.800401], [-76.99543299999999, 38.800297], [-76.995294, 38.800119], [-76.995093, 38.799926], [-76.994942, 38.799824], [-76.994772, 38.799731], [-76.994566, 38.799627], [-76.995271, 38.798311], [-76.995098, 38.798028], [-76.995039, 38.797935], [-76.99423000000002, 38.798401], [-76.993889, 38.798598], [-76.99369, 38.798605], [-76.991714, 38.798677], [-76.991693, 38.798752], [-76.991636, 38.798878], [-76.99152799999999, 38.799097999999994], [-76.990481, 38.799143], [-76.990471, 38.799206], [-76.990213, 38.799076], [-76.990075, 38.799007], [-76.988807, 38.79836900000001], [-76.98899899999999, 38.798156], [-76.98844600000001, 38.79780199999999], [-76.988426, 38.797181], [-76.989195, 38.797127], [-76.989599, 38.797096], [-76.98980599999999, 38.79708], [-76.989905, 38.797064999999996], [-76.99022700000002, 38.797048], [-76.990348, 38.797038], [-76.990312, 38.79674000000001], [-76.99030500000002, 38.796676], [-76.991359, 38.796507], [-76.991444, 38.796493], [-76.993199, 38.79620400000001], [-76.993751, 38.796114], [-76.994374, 38.796014], [-76.99446699999999, 38.795999], [-76.995359, 38.795858], [-76.995836, 38.795781], [-76.996491, 38.795676], [-76.997118, 38.795573], [-76.997124, 38.795752], [-76.997291, 38.795716], [-76.998112, 38.79558], [-76.998187, 38.795703], [-76.99827200000001, 38.795844], [-76.998537, 38.796279], [-76.998717, 38.796575], [-76.999192, 38.797357], [-76.999211, 38.797388], [-76.999283, 38.797419], [-76.999811, 38.797639], [-77.000852, 38.798418], [-77.00267300000002, 38.798714000000004], [-77.002713, 38.798488], [-77.002774, 38.798156], [-77.002836, 38.79784500000001], [-77.002893, 38.797493], [-77.00295, 38.79714599999999], [-77.00297, 38.797022], [-77.003053, 38.796613], [-77.00315700000002, 38.79639], [-77.003235, 38.796256], [-77.00337899999998, 38.795562], [-77.003423, 38.795494], [-77.003525, 38.795069], [-77.00356300000001, 38.794925], [-77.00364600000002, 38.794474], [-77.00368599999999, 38.794028], [-77.003713, 38.793809], [-77.003725, 38.793719], [-77.003807, 38.793243], [-77.003838, 38.79308999999999], [-77.003908, 38.792820000000006], [-77.00309099999998, 38.792772], [-77.003175, 38.79196], [-77.003727, 38.791842], [-77.003863, 38.791672], [-77.003841, 38.791657], [-77.003786, 38.791621], [-77.003738, 38.79158], [-77.00388, 38.791471], [-77.00389499999999, 38.791478], [-77.00391, 38.791482], [-77.003927, 38.791485], [-77.00396, 38.791484], [-77.003976, 38.79148], [-77.003991, 38.791474], [-77.004004, 38.791467], [-77.004037, 38.791444999999996], [-77.004055, 38.79143100000001], [-77.00407, 38.791414], [-77.004225, 38.791481], [-77.004639, 38.791408], [-77.005316, 38.791293], [-77.00559200000001, 38.791243], [-77.006511, 38.791086], [-77.006724, 38.79105], [-77.00690099999998, 38.791042], [-77.00717999999999, 38.791031], [-77.00769699999998, 38.79101], [-77.007986, 38.790998], [-77.008026, 38.790997], [-77.00841099999998, 38.790981], [-77.00898, 38.790965], [-77.00982, 38.790922], [-77.009415, 38.790392], [-77.00953, 38.79037], [-77.00977600000002, 38.790291], [-77.009995, 38.79020799999999], [-77.010149, 38.79014299999999], [-77.010333, 38.790034], [-77.010535, 38.789883], [-77.010642, 38.789796], [-77.010739, 38.789695], [-77.010771, 38.789656], [-77.011087, 38.789849], [-77.011377, 38.790019], [-77.011664, 38.790185], [-77.01169199999998, 38.790193], [-77.011713, 38.790201], [-77.01173, 38.790212000000004], [-77.01198299999999, 38.790398], [-77.01250299999998, 38.790779], [-77.012607, 38.790776], [-77.012642, 38.790966], [-77.012869, 38.792170000000006], [-77.012444, 38.792282], [-77.01120600000002, 38.792614], [-77.010146, 38.792468], [-77.00991899999998, 38.792439], [-77.008691, 38.792484], [-77.008695, 38.793899], [-77.00872099999998, 38.794124], [-77.008659, 38.794162], [-77.008527, 38.794236], [-77.00841700000001, 38.794297], [-77.00790099999999, 38.794637], [-77.007658, 38.794802], [-77.00738599999998, 38.794976999999996], [-77.006939, 38.79526], [-77.0063, 38.795673], [-77.005917, 38.795906], [-77.005838, 38.795982], [-77.005625, 38.796135], [-77.00549499999998, 38.79622199999999], [-77.005331, 38.796276], [-77.004937, 38.79648400000001], [-77.004591, 38.796685000000004], [-77.004327, 38.796851], [-77.004156, 38.79694899999999], [-77.004047, 38.797001], [-77.003933, 38.79706300000001], [-77.003835, 38.797084], [-77.0037, 38.797074], [-77.00337899999998, 38.797079000000004], [-77.00319300000001, 38.797079000000004], [-77.00316199999999, 38.797178], [-77.003095, 38.797525], [-77.002748, 38.798865], [-77.00273900000002, 38.798894], [-77.00268199999998, 38.79908], [-77.002627, 38.79923399999999], [-77.002576, 38.799375], [-77.00238, 38.799811], [-77.00253, 38.800336], [-77.00258600000001, 38.800551], [-77.002706, 38.800954], [-77.002715, 38.800984], [-77.00275100000002, 38.801112], [-77.00277100000001, 38.801182], [-77.00283499999999, 38.801405], [-77.002901, 38.801635], [-77.00305, 38.802158], [-77.003088, 38.802291], [-77.00268199999998, 38.80615000000001], [-77.003456, 38.806118], [-77.00415899999999, 38.806079], [-77.004279, 38.805501], [-77.004306, 38.805373], [-77.003837, 38.803882], [-77.003349, 38.802344], [-77.003381, 38.802337], [-77.003285, 38.801948], [-77.003213, 38.801792], [-77.003178, 38.801573], [-77.003386, 38.801464], [-77.00362, 38.801352], [-77.00385999999999, 38.80124500000001], [-77.004101, 38.801146], [-77.00589999999998, 38.800384], [-77.006189, 38.800257], [-77.006567, 38.800055], [-77.006949, 38.799858], [-77.00709300000001, 38.79977], [-77.007286, 38.799641], [-77.00778, 38.79932], [-77.008271, 38.798996], [-77.00900000000001, 38.798835], [-77.00976, 38.798344], [-77.010053, 38.798226], [-77.010562, 38.798022], [-77.01088399999999, 38.797671], [-77.011363, 38.797661], [-77.014138, 38.797615], [-77.016152, 38.79758], [-77.01745, 38.798293], [-77.017953, 38.798799], [-77.018473, 38.799318], [-77.018688, 38.799531], [-77.018724, 38.800564], [-77.020074, 38.800547], [-77.020244, 38.80080999999999], [-77.02056, 38.801344], [-77.020842, 38.80189], [-77.02109, 38.80244499999999], [-77.021303, 38.803009], [-77.021481, 38.803579], [-77.02162399999999, 38.804156], [-77.021731, 38.804737], [-77.021771, 38.805029], [-77.021778, 38.805143], [-77.022267, 38.804778999999996], [-77.022369, 38.804689], [-77.022465, 38.80460399999999], [-77.02433399999998, 38.803113], [-77.03551899999998, 38.794373], [-77.036444, 38.79365], [-77.03736200000002, 38.792933], [-77.037405, 38.79289899999999], [-77.03752, 38.792809], [-77.03757199999998, 38.792768], [-77.037834, 38.792563], [-77.037931, 38.79248700000001], [-77.03803, 38.79241], [-77.039006, 38.791645], [-77.039366, 38.79159], [-77.03935999999999, 38.791574999999995], [-77.03937100000002, 38.791521], [-77.03938399999998, 38.791454], [-77.039392, 38.79132499999999], [-77.039362, 38.791167], [-77.039438, 38.791086], [-77.039445, 38.790878], [-77.039426, 38.790809], [-77.03947, 38.790739], [-77.039547, 38.790485], [-77.039631, 38.790467], [-77.039828, 38.790448], [-77.040046, 38.790432], [-77.040465, 38.79040499999999], [-77.040095, 38.789912], [-77.04025, 38.785216], [-77.04136199999999, 38.785415], [-77.041364, 38.768554], [-77.041364, 38.765674], [-77.041408, 38.764003], [-77.041514, 38.761038], [-77.047162, 38.760988], [-77.047794, 38.761411], [-77.048789, 38.762176], [-77.049537, 38.762568], [-77.04961499999999, 38.76293100000001], [-77.049086, 38.76360499999999], [-77.049184, 38.764456], [-77.04920599999998, 38.764449], [-77.04944199999998, 38.764485], [-77.049664, 38.764504], [-77.049809, 38.764503], [-77.050006, 38.764489], [-77.05042799999998, 38.76450500000001], [-77.05062300000002, 38.764539], [-77.050656, 38.764559], [-77.05074999999998, 38.764585], [-77.050777, 38.764606], [-77.050807, 38.764659], [-77.050805, 38.764677], [-77.050782, 38.764682], [-77.05072999999999, 38.764676], [-77.050641, 38.764681], [-77.05060499999999, 38.764693], [-77.050572, 38.764719], [-77.050503, 38.764795], [-77.050466, 38.764827], [-77.050464, 38.764849], [-77.050483, 38.76486], [-77.050519, 38.764867], [-77.05055300000001, 38.76489], [-77.050461, 38.764904], [-77.05043099999999, 38.764916], [-77.05040799999999, 38.764949], [-77.050367, 38.764976000000004], [-77.05029, 38.765053], [-77.050239, 38.765071], [-77.05021300000001, 38.765072], [-77.050181, 38.765065], [-77.050151, 38.765051], [-77.050121, 38.765084], [-77.050138, 38.76511399999999], [-77.050113, 38.765139], [-77.050306, 38.765397], [-77.05019899999999, 38.76544], [-77.05013500000001, 38.765488], [-77.050069, 38.765556999999994], [-77.05004099999998, 38.765629], [-77.049994, 38.765668], [-77.04991, 38.765722], [-77.04987899999999, 38.765734], [-77.049815, 38.765736], [-77.049781, 38.765749], [-77.049768, 38.76577], [-77.04976500000001, 38.765817000000006], [-77.049781, 38.765893], [-77.04981900000001, 38.76596299999999], [-77.049874, 38.766046], [-77.04990299999999, 38.766076], [-77.050077, 38.766212], [-77.050143, 38.766256], [-77.050212, 38.766294], [-77.050405, 38.766365], [-77.05050900000002, 38.766424], [-77.05059900000002, 38.766494], [-77.05064700000001, 38.766518], [-77.050677, 38.766517], [-77.05069499999999, 38.766529], [-77.05069499999999, 38.766547], [-77.05070299999998, 38.766566], [-77.05072999999999, 38.766592], [-77.050878, 38.76666600000001], [-77.050957, 38.766697], [-77.05106500000001, 38.766722], [-77.051122, 38.766728], [-77.051217, 38.76672500000001], [-77.05132099999999, 38.76673100000001], [-77.051378, 38.766741], [-77.05143, 38.766756], [-77.051564, 38.766806], [-77.05162499999999, 38.76681399999999], [-77.05164499999998, 38.766834], [-77.051788, 38.76692800000001], [-77.051871, 38.76699], [-77.052196, 38.767258999999996], [-77.05223, 38.76728], [-77.052261, 38.767292], [-77.05230500000002, 38.767296], [-77.052328, 38.767306], [-77.05234599999999, 38.767333], [-77.052348, 38.767368], [-77.05235399999998, 38.76738700000001], [-77.052404, 38.76744], [-77.052422, 38.767483], [-77.05243, 38.767582], [-77.05241699999999, 38.767649000000006], [-77.052376, 38.76771600000001], [-77.052258, 38.767846000000006], [-77.05217999999999, 38.767955], [-77.052163, 38.768008], [-77.052166, 38.768044999999994], [-77.052181, 38.768085], [-77.052221, 38.768142], [-77.052277, 38.76819], [-77.052319, 38.768211], [-77.05238, 38.768229], [-77.052451, 38.768238], [-77.05256, 38.768232], [-77.05273599999998, 38.768208], [-77.052788, 38.76821], [-77.052903, 38.768255], [-77.05302300000001, 38.76829500000001], [-77.053114, 38.76831299999999], [-77.05313399999999, 38.768316], [-77.053155, 38.76831899999999], [-77.0533, 38.76834], [-77.05352300000001, 38.768383], [-77.053676, 38.768428], [-77.05374300000001, 38.768129], [-77.053777, 38.767908999999996], [-77.0538, 38.76767], [-77.05381499999999, 38.76732200000001], [-77.053806, 38.767033], [-77.053691, 38.766915], [-77.053584, 38.766571], [-77.053493, 38.76628399999999], [-77.053391, 38.76594500000001], [-77.05363499999999, 38.765885999999995], [-77.054099, 38.765774], [-77.054101, 38.76567], [-77.05408, 38.765512], [-77.054031, 38.765292], [-77.053916, 38.764964000000006], [-77.05381400000002, 38.76476300000001], [-77.054026, 38.764707], [-77.054284, 38.76466], [-77.05447, 38.764635], [-77.054704, 38.764619], [-77.055124, 38.764605], [-77.055383, 38.764591], [-77.05552000000002, 38.764573], [-77.055666, 38.76454], [-77.055818, 38.764487], [-77.05596, 38.764419], [-77.05603699999999, 38.764372], [-77.05649, 38.76406999999999], [-77.05661200000002, 38.764004], [-77.056681, 38.763973], [-77.056819, 38.763926000000005], [-77.05695099999998, 38.763896], [-77.057508, 38.763826], [-77.05854200000002, 38.763722], [-77.059561, 38.763617], [-77.05974700000002, 38.763604], [-77.059727, 38.763481], [-77.05966, 38.762276], [-77.05957000000001, 38.76149900000001], [-77.059536, 38.761376], [-77.059467, 38.760749], [-77.059381, 38.760302], [-77.059562, 38.760265], [-77.060277, 38.760107], [-77.06094100000001, 38.75994699999999], [-77.061126, 38.759902], [-77.061318, 38.759901], [-77.061636, 38.759928], [-77.063225, 38.760147], [-77.063772, 38.760223], [-77.064638, 38.760369], [-77.065203, 38.76047299999999], [-77.065564, 38.760545], [-77.065956, 38.760624], [-77.06605199999998, 38.760798], [-77.06617800000001, 38.761094], [-77.0664, 38.76156400000001], [-77.06648500000001, 38.761707], [-77.06659999999998, 38.761845], [-77.06668, 38.76192], [-77.06675299999999, 38.761979], [-77.067211, 38.76231], [-77.068396, 38.763149], [-77.068499, 38.763064], [-77.068677, 38.762843], [-77.069006, 38.762422], [-77.06937600000002, 38.761916], [-77.069614, 38.761589], [-77.06969500000001, 38.761444000000004], [-77.069753, 38.761317], [-77.06980600000001, 38.761182000000005], [-77.069852, 38.761038], [-77.070002, 38.76044900000001], [-77.070052, 38.760287], [-77.070126, 38.760091], [-77.07018800000002, 38.759924], [-77.070269, 38.759763], [-77.070342, 38.759631], [-77.070448, 38.759479], [-77.070896, 38.758854], [-77.070975, 38.758735], [-77.071125, 38.758479], [-77.07117399999998, 38.75837899999999], [-77.07120899999998, 38.758274], [-77.071227, 38.758177], [-77.071234, 38.75808], [-77.071222, 38.757949], [-77.071207, 38.757884], [-77.07118100000001, 38.75781], [-77.071118, 38.757689], [-77.071039, 38.757586], [-77.070951, 38.757501], [-77.070848, 38.757422], [-77.07017699999999, 38.756981], [-77.070065, 38.756893], [-77.06997900000002, 38.756803000000005], [-77.069946, 38.756761], [-77.069906, 38.756699], [-77.06985, 38.756583], [-77.069818, 38.756479], [-77.0698, 38.756351], [-77.06980200000001, 38.756232], [-77.069824, 38.756108], [-77.06986100000002, 38.755995], [-77.070128, 38.75548500000001], [-77.070507, 38.754798], [-77.070645, 38.754537], [-77.070754, 38.754336], [-77.070808, 38.75426199999999], [-77.07087000000001, 38.754193], [-77.070939, 38.754127], [-77.071015, 38.754067], [-77.071265, 38.753903], [-77.071852, 38.754446], [-77.071968, 38.754321000000004], [-77.072022, 38.75424400000001], [-77.07240200000001, 38.753545], [-77.072875, 38.752666], [-77.073463, 38.75158], [-77.073559, 38.751381], [-77.073732, 38.751068], [-77.073908, 38.750771], [-77.07401300000001, 38.750574], [-77.07426100000002, 38.750119], [-77.07428, 38.750084], [-77.074605, 38.749472999999995], [-77.07487600000002, 38.748984], [-77.07492499999998, 38.748884], [-77.074949, 38.748801], [-77.074964, 38.748671], [-77.074962, 38.748608], [-77.07493600000001, 38.748464], [-77.074884, 38.748352], [-77.074665, 38.747934], [-77.074581, 38.74775], [-77.074232, 38.747063], [-77.07416700000002, 38.746946], [-77.07410800000001, 38.746875], [-77.074063, 38.746834], [-77.074014, 38.746797], [-77.073942, 38.746752], [-77.073744, 38.746651], [-77.073188, 38.74634], [-77.073122, 38.746307], [-77.073041, 38.746275], [-77.072977, 38.746256], [-77.072888, 38.746241], [-77.072819, 38.746238], [-77.072723, 38.746246], [-77.072607, 38.746273], [-77.072416, 38.74633300000001], [-77.072331, 38.746199], [-77.071874, 38.745543], [-77.071652, 38.745225], [-77.071586, 38.745118], [-77.071791, 38.74504], [-77.072319, 38.744851], [-77.074046, 38.744236], [-77.07436899999999, 38.744124], [-77.075934, 38.743569], [-77.076113, 38.743523], [-77.076279, 38.743474], [-77.076555, 38.743373], [-77.076881, 38.743243], [-77.076727, 38.742972], [-77.076541, 38.742707], [-77.07637, 38.742406], [-77.075738, 38.7415], [-77.075103, 38.740587000000005], [-77.07427, 38.739402], [-77.07417199999999, 38.73926900000001], [-77.074019, 38.739101], [-77.073787, 38.738774], [-77.07351700000001, 38.738391], [-77.073412, 38.738242], [-77.07327600000002, 38.738066], [-77.073249, 38.738025], [-77.07316699999998, 38.737929], [-77.07306800000002, 38.73784], [-77.072932, 38.737745], [-77.072834, 38.73769], [-77.072708, 38.737639], [-77.072559, 38.73759299999999], [-77.072373, 38.737534], [-77.07205500000002, 38.737448], [-77.07168599999999, 38.737328], [-77.07120099999999, 38.737188], [-77.070933, 38.737109], [-77.07059099999998, 38.737013], [-77.070221, 38.736920999999995], [-77.069865, 38.736823], [-77.069462, 38.736732], [-77.069177, 38.736673], [-77.069201, 38.736601], [-77.069217, 38.736553], [-77.06928599999999, 38.736529], [-77.069344, 38.736485], [-77.069383, 38.736463], [-77.069345, 38.736423], [-77.069292, 38.73635], [-77.069257, 38.736270999999995], [-77.06917500000002, 38.736156], [-77.069218, 38.736125], [-77.06929400000001, 38.736106], [-77.06937600000002, 38.736059], [-77.06945500000002, 38.736023], [-77.069521, 38.735949], [-77.069542, 38.735888], [-77.06958100000001, 38.735827], [-77.069627, 38.735695], [-77.069673, 38.735605], [-77.06971199999998, 38.73554600000001], [-77.06986000000002, 38.735382], [-77.069932, 38.735291], [-77.06997999999999, 38.735205], [-77.070037, 38.73514200000001], [-77.07017200000001, 38.735048], [-77.070293, 38.734981], [-77.070442, 38.734926], [-77.07068899999999, 38.734815], [-77.070794, 38.734773], [-77.070923, 38.734752], [-77.071034, 38.734726], [-77.071257, 38.734613], [-77.07136299999999, 38.734525], [-77.07145, 38.734426], [-77.071494, 38.734392], [-77.071573, 38.734375], [-77.071677, 38.734383], [-77.071773, 38.734412], [-77.07191800000001, 38.734425], [-77.072038, 38.734418], [-77.07209100000001, 38.734426], [-77.072151, 38.734415], [-77.07219799999999, 38.734419], [-77.072249, 38.734434], [-77.07228099999999, 38.73443700000001], [-77.072318, 38.734426], [-77.07242, 38.73438399999999], [-77.07247799999999, 38.73435], [-77.072541, 38.734286], [-77.07267099999999, 38.73412199999999], [-77.07269499999998, 38.734074], [-77.072691, 38.734048], [-77.07261100000001, 38.733975], [-77.07261100000001, 38.733956], [-77.072664, 38.733889], [-77.072715, 38.733835], [-77.072836, 38.733627], [-77.072894, 38.73356], [-77.072956, 38.73351900000001], [-77.073056, 38.733479], [-77.073124, 38.733436], [-77.073231, 38.733339], [-77.07339500000002, 38.733218], [-77.07361, 38.733084], [-77.073747, 38.732986], [-77.073839, 38.732947], [-77.07388499999999, 38.732933], [-77.073922, 38.732907], [-77.073967, 38.732892], [-77.074039, 38.732885], [-77.074128, 38.732859], [-77.074307, 38.732821], [-77.074552, 38.73276], [-77.074575, 38.73275], [-77.074548, 38.73266600000001], [-77.074591, 38.73265], [-77.074628, 38.732631], [-77.07467999999999, 38.73261299999999], [-77.074709, 38.732598], [-77.074766, 38.732531], [-77.07477899999999, 38.732495], [-77.074789, 38.732275], [-77.07481099999998, 38.732196], [-77.074831, 38.732153], [-77.074914, 38.732097], [-77.075129, 38.731991], [-77.075198, 38.73196299999999], [-77.075231, 38.731956], [-77.07528299999998, 38.731954], [-77.075444, 38.731935], [-77.075695, 38.731923], [-77.07586, 38.731937], [-77.075932, 38.73194900000001], [-77.076214, 38.73198], [-77.076443, 38.732021], [-77.07651199999998, 38.732025], [-77.076551, 38.732027], [-77.076855, 38.73207], [-77.07772, 38.731735], [-77.077933, 38.731987], [-77.077832, 38.732508], [-77.078424, 38.732627], [-77.079811, 38.731979], [-77.079819, 38.731876], [-77.07990300000002, 38.730895], [-77.08142, 38.730457], [-77.081553, 38.730603], [-77.081575, 38.73061], [-77.081579, 38.730628], [-77.081567, 38.730654], [-77.081475, 38.73076300000001], [-77.08143699999998, 38.730818], [-77.081357, 38.730903], [-77.081283, 38.730947], [-77.08118, 38.730989], [-77.081132, 38.731], [-77.081013, 38.731019], [-77.08091100000001, 38.73103100000001], [-77.08083399999998, 38.73104899999999], [-77.08073199999998, 38.731086], [-77.080669, 38.731118], [-77.08064, 38.731144], [-77.08059399999999, 38.731229], [-77.080581, 38.731273], [-77.080596, 38.731355], [-77.08062499999998, 38.73141900000001], [-77.080641, 38.73148], [-77.080663, 38.731531], [-77.080736, 38.731648], [-77.08084599999998, 38.731767], [-77.08092899999998, 38.73182499999999], [-77.080966, 38.731861], [-77.081003, 38.731915], [-77.081016, 38.732042], [-77.081111, 38.732117], [-77.081171, 38.732281], [-77.081226, 38.732372], [-77.08121599999998, 38.732389], [-77.081141, 38.732443], [-77.081187, 38.732464], [-77.081226, 38.73246900000001], [-77.081285, 38.732488], [-77.081369, 38.732524], [-77.08140000000002, 38.732547], [-77.081398, 38.732565], [-77.081333, 38.732618], [-77.081353, 38.732628], [-77.081505, 38.732627], [-77.08161799999999, 38.732717], [-77.081644, 38.732727], [-77.081672, 38.732727], [-77.08174099999998, 38.73271], [-77.08179499999999, 38.732717], [-77.08179899999999, 38.732735], [-77.081753, 38.73281599999999], [-77.081727, 38.732923], [-77.081673, 38.73305400000001], [-77.081611, 38.733159], [-77.081593, 38.733223], [-77.081594, 38.733243], [-77.0816, 38.733277], [-77.08159799999999, 38.733321], [-77.081605, 38.73339], [-77.081615, 38.733414], [-77.08167, 38.733485], [-77.08170799999999, 38.733523000000005], [-77.081883, 38.733591], [-77.081928, 38.733615], [-77.082069, 38.73360199999999], [-77.082239, 38.733606], [-77.082263, 38.73361], [-77.082269, 38.733632], [-77.082255, 38.733662], [-77.08221200000001, 38.733699], [-77.082227, 38.733721], [-77.08222000000002, 38.733752], [-77.08222000000002, 38.733809], [-77.08222899999998, 38.733852000000006], [-77.08219299999999, 38.733929], [-77.082267, 38.733933], [-77.08230700000001, 38.73393099999999], [-77.08232, 38.733946], [-77.08229899999999, 38.733979], [-77.08227, 38.73403900000001], [-77.082292, 38.734062], [-77.08232600000001, 38.73404], [-77.082359, 38.734007], [-77.082397, 38.733936], [-77.082594, 38.73373399999999], [-77.08262299999998, 38.733685], [-77.082651, 38.733662], [-77.08272999999998, 38.733631], [-77.08276000000001, 38.733624], [-77.08284, 38.733615], [-77.082917, 38.733622], [-77.08294900000001, 38.733632], [-77.082989, 38.733656999999994], [-77.083018, 38.733693], [-77.083019, 38.733711], [-77.08290999999998, 38.733744], [-77.082877, 38.733776], [-77.08283100000001, 38.73381], [-77.082766, 38.733868], [-77.082759, 38.733906], [-77.082727, 38.733926], [-77.082699, 38.733956], [-77.082652, 38.734029], [-77.082639, 38.734063], [-77.082636, 38.734099], [-77.08264699999998, 38.734137], [-77.08268, 38.734182999999994], [-77.082708, 38.73423400000001], [-77.082709, 38.734257], [-77.082688, 38.73428], [-77.082668, 38.73431899999999], [-77.082672, 38.734337], [-77.082697, 38.734358], [-77.082726, 38.734337], [-77.082752, 38.734333], [-77.08280600000002, 38.734338], [-77.082845, 38.734354], [-77.082872, 38.734383], [-77.082891, 38.734413], [-77.082917, 38.734454], [-77.08294900000001, 38.734495], [-77.082954, 38.734525], [-77.082942, 38.734573000000005], [-77.08294, 38.734603], [-77.082954, 38.73463400000001], [-77.082973, 38.734649], [-77.083, 38.73463999999999], [-77.08303, 38.734597], [-77.083067, 38.73456900000001], [-77.083108, 38.73453], [-77.08320100000002, 38.734453], [-77.083192, 38.734432], [-77.083208, 38.734401], [-77.083259, 38.73437200000001], [-77.083376, 38.734294], [-77.083465, 38.734265], [-77.083487, 38.734251], [-77.08350400000002, 38.734229], [-77.08350099999998, 38.734205], [-77.08342, 38.734134], [-77.08335500000001, 38.734091], [-77.08333199999998, 38.734086], [-77.08316, 38.734124], [-77.083132, 38.734123], [-77.083053, 38.734102], [-77.08303, 38.734111], [-77.082995, 38.734121], [-77.082952, 38.73411000000001], [-77.083006, 38.734088], [-77.08303, 38.734033], [-77.08315899999998, 38.73397200000001], [-77.083152, 38.733942], [-77.083169, 38.73392], [-77.08321, 38.733895], [-77.083246, 38.733883], [-77.08330399999998, 38.73388], [-77.083349, 38.733891], [-77.083382, 38.733912], [-77.08343799999999, 38.734038], [-77.083531, 38.734153], [-77.083558, 38.734298], [-77.083465, 38.734427], [-77.083451, 38.734513], [-77.08342900000001, 38.734543], [-77.083451, 38.734616], [-77.083442, 38.734647], [-77.0834, 38.734678], [-77.083379, 38.734709], [-77.083372, 38.734764000000006], [-77.083384, 38.734814], [-77.0834, 38.734828], [-77.08340900000002, 38.734846], [-77.083407, 38.734865], [-77.083374, 38.734891], [-77.083366, 38.73491], [-77.083383, 38.734936], [-77.083419, 38.734962], [-77.083565, 38.734995], [-77.08373700000001, 38.735012], [-77.083767, 38.735008], [-77.08379, 38.734984], [-77.083861, 38.734956], [-77.08389, 38.734952], [-77.08391000000002, 38.734962], [-77.08392, 38.734983], [-77.083949, 38.73514], [-77.083982, 38.735146], [-77.08399, 38.735119], [-77.083987, 38.735005], [-77.08399, 38.734976], [-77.083998, 38.734953], [-77.08402999999998, 38.734917], [-77.084083, 38.734888], [-77.084102, 38.734867], [-77.08409999999999, 38.73484899999999], [-77.084068, 38.734832999999995], [-77.08399299999999, 38.734838999999994], [-77.084011, 38.734826], [-77.084054, 38.73481], [-77.08412399999999, 38.734776000000004], [-77.084154, 38.734770000000005], [-77.0842, 38.734771], [-77.084302, 38.734787], [-77.08438, 38.734799], [-77.08441599999999, 38.734824], [-77.08448, 38.734887], [-77.08454400000001, 38.73499], [-77.084652, 38.735135], [-77.08473000000001, 38.73522], [-77.084815, 38.735328], [-77.084877, 38.735388], [-77.084957, 38.735452], [-77.084994, 38.73547700000001], [-77.085097, 38.735521], [-77.085168, 38.735543], [-77.085356, 38.735589], [-77.085463, 38.735624], [-77.08550199999999, 38.735647], [-77.085528, 38.735671], [-77.08554900000001, 38.735716], [-77.085595, 38.73593400000001], [-77.08563600000001, 38.735985], [-77.08565299999998, 38.736038], [-77.085696, 38.736071], [-77.085784, 38.73612], [-77.085871, 38.736122], [-77.08611699999999, 38.736097], [-77.08627, 38.73608999999999], [-77.08630199999999, 38.736099], [-77.08632199999998, 38.736119], [-77.086385, 38.736165], [-77.08651499999999, 38.736273000000004], [-77.086592, 38.736315], [-77.086685, 38.73635199999999], [-77.086676, 38.736323], [-77.086818, 38.736339], [-77.086861, 38.736356], [-77.086872, 38.736383], [-77.086866, 38.736443], [-77.086872, 38.736495], [-77.086894, 38.73654299999999], [-77.08693, 38.736588], [-77.08704600000002, 38.736702], [-77.087064, 38.736742], [-77.087121, 38.736837], [-77.087281, 38.737058], [-77.087311, 38.737087], [-77.08753000000002, 38.737169], [-77.087589, 38.737185], [-77.087612, 38.737196], [-77.087769, 38.73733], [-77.087813, 38.737377], [-77.08782699999999, 38.73745099999999], [-77.087881, 38.737537], [-77.087906, 38.737588], [-77.087914, 38.737635], [-77.087906, 38.737722], [-77.08789, 38.737767999999996], [-77.087871, 38.737799], [-77.08781499999999, 38.737867], [-77.087774, 38.737936], [-77.08776799999998, 38.73796], [-77.087772, 38.738005], [-77.087798, 38.738047], [-77.087792, 38.73807], [-77.087743, 38.738135], [-77.087741, 38.738173999999994], [-77.08772700000002, 38.738251], [-77.08772700000002, 38.738312], [-77.087723, 38.738331], [-77.087704, 38.73835700000001], [-77.08762199999998, 38.738413], [-77.08760199999999, 38.738449], [-77.08760100000002, 38.73848300000001], [-77.08761399999999, 38.738511], [-77.087656, 38.738532], [-77.087671, 38.738553], [-77.087699, 38.738645], [-77.087706, 38.7387], [-77.087697, 38.738758], [-77.087664, 38.738867], [-77.087663, 38.738903], [-77.087676, 38.738946000000006], [-77.08769, 38.73897], [-77.087703, 38.738985], [-77.087726, 38.739], [-77.08787000000001, 38.739054], [-77.08790500000002, 38.739088], [-77.088021, 38.739146], [-77.08811400000002, 38.739182], [-77.088282, 38.739227], [-77.08832799999999, 38.739252], [-77.08842999999999, 38.739353], [-77.08855599999998, 38.739449], [-77.08866199999999, 38.739531], [-77.088756, 38.73960400000001], [-77.088907, 38.739699], [-77.088996, 38.739740000000005], [-77.08917099999998, 38.739785], [-77.08926000000001, 38.739812], [-77.089333, 38.739839], [-77.089382, 38.739865], [-77.089412, 38.739893], [-77.089526, 38.739949], [-77.089546, 38.739959], [-77.089615, 38.73999799999999], [-77.089675, 38.740022], [-77.089723, 38.740034], [-77.08980800000002, 38.740056], [-77.089975, 38.74005700000001], [-77.090208, 38.740034], [-77.090327, 38.740022], [-77.090444, 38.740021], [-77.090555, 38.740029], [-77.09063100000002, 38.740034], [-77.09075800000001, 38.740061000000004], [-77.090849, 38.74007], [-77.091015, 38.740058999999995], [-77.091051, 38.740058], [-77.091087, 38.740063000000006], [-77.09117999999998, 38.740088], [-77.091318, 38.740107], [-77.091397, 38.740134000000005], [-77.09147199999998, 38.74017], [-77.091491, 38.740204], [-77.091468, 38.74025400000001], [-77.09148, 38.740291], [-77.091517, 38.740301], [-77.091567, 38.740303], [-77.091719, 38.740294], [-77.09177400000002, 38.740305], [-77.091833, 38.740326], [-77.091916, 38.740338], [-77.091966, 38.74033], [-77.092064, 38.74031500000001], [-77.092125, 38.740320999999994], [-77.092195, 38.740336], [-77.092435, 38.740376], [-77.092514, 38.740378], [-77.092722, 38.740371], [-77.092792, 38.740387999999996], [-77.092845, 38.740424], [-77.0929, 38.740443], [-77.093011, 38.740438], [-77.09305099999999, 38.740436], [-77.09311799999999, 38.740424], [-77.093196, 38.740415], [-77.09327, 38.740419], [-77.093426, 38.740446], [-77.093586, 38.74047], [-77.09367399999998, 38.740478], [-77.093721, 38.740475], [-77.093786, 38.740464], [-77.093831, 38.740439], [-77.093888, 38.740427], [-77.093954, 38.740428], [-77.093991, 38.740439], [-77.094029, 38.74049], [-77.09404399999998, 38.740536], [-77.09404799999999, 38.740582], [-77.094101, 38.740623], [-77.09416699999998, 38.740635], [-77.094212, 38.740635], [-77.094386, 38.740692], [-77.094603, 38.740741], [-77.09464299999999, 38.740751], [-77.094695, 38.740779], [-77.094815, 38.740892], [-77.09485800000002, 38.740915], [-77.094986, 38.74092199999999], [-77.09507299999999, 38.740915], [-77.095137, 38.740898], [-77.09524000000002, 38.740889], [-77.09548, 38.740885], [-77.095575, 38.740899], [-77.09565899999998, 38.740911999999994], [-77.095695, 38.740923], [-77.095747, 38.74096], [-77.095831, 38.74104200000001], [-77.095894, 38.741094], [-77.095916, 38.741112], [-77.095946, 38.741177], [-77.09596599999999, 38.741237000000005], [-77.096043, 38.741413], [-77.096079, 38.74150699999999], [-77.096124, 38.741591], [-77.09615800000002, 38.74169200000001], [-77.09617800000001, 38.741748], [-77.096173, 38.741807], [-77.09606800000002, 38.741932], [-77.096042, 38.741981], [-77.096043, 38.74201], [-77.096055, 38.742052], [-77.09604099999999, 38.742083], [-77.096001, 38.742137], [-77.09593899999999, 38.742193], [-77.09585500000001, 38.742308], [-77.095811, 38.742391], [-77.095776, 38.742436], [-77.095747, 38.742465], [-77.095731, 38.742508], [-77.09572999999999, 38.742586], [-77.09575, 38.742726], [-77.09574100000002, 38.742782], [-77.095689, 38.74289], [-77.09555299999998, 38.74308], [-77.09548599999998, 38.743166], [-77.095385, 38.74327799999999], [-77.095279, 38.743484], [-77.095247, 38.743537], [-77.095219, 38.743636], [-77.09519, 38.743714], [-77.095153, 38.74386], [-77.09513800000002, 38.744027], [-77.095142, 38.744315], [-77.09516600000002, 38.744549], [-77.095216, 38.744737], [-77.095228, 38.7448], [-77.095254, 38.744887], [-77.09535500000001, 38.745169000000004], [-77.095388, 38.745317], [-77.095425, 38.745416999999996], [-77.09545399999999, 38.745513], [-77.095463, 38.745549], [-77.095538, 38.745849], [-77.09556499999998, 38.746054], [-77.095571, 38.746178], [-77.095567, 38.74626800000001], [-77.095559, 38.746321], [-77.095582, 38.746314], [-77.095618, 38.74631], [-77.09565099999999, 38.746322], [-77.095693, 38.746364], [-77.095726, 38.746434], [-77.09574000000002, 38.746474], [-77.095732, 38.746499], [-77.095606, 38.746642], [-77.0956, 38.746667], [-77.095641, 38.74672300000001], [-77.095649, 38.74677], [-77.09565800000001, 38.746793], [-77.095779, 38.746958], [-77.095829, 38.74701], [-77.09587, 38.747061], [-77.09587100000002, 38.7471], [-77.095897, 38.747175], [-77.095906, 38.747214], [-77.095914, 38.74725299999999], [-77.095999, 38.747309], [-77.09604499999999, 38.747364], [-77.10377199999999, 38.745802], [-77.111834, 38.744183], [-77.11190600000002, 38.744164], [-77.113877, 38.7437], [-77.116757, 38.74313600000001], [-77.127601, 38.741014], [-77.12669699999998, 38.738061], [-77.126526, 38.737501], [-77.124964, 38.73789800000001], [-77.124422, 38.736233], [-77.124394, 38.73614499999999], [-77.12314600000002, 38.736189], [-77.122789, 38.736201], [-77.122621, 38.735568], [-77.12173299999999, 38.732817], [-77.120852, 38.730107], [-77.12101499999999, 38.730069], [-77.121559, 38.729931], [-77.122205, 38.73150199999999], [-77.122893, 38.731336], [-77.12236, 38.729729000000006], [-77.12244400000002, 38.729708], [-77.122988, 38.729588], [-77.12365400000002, 38.72944], [-77.12403699999999, 38.729345], [-77.124698, 38.729173], [-77.126186, 38.728798], [-77.126238, 38.728779], [-77.12634, 38.728735], [-77.12641, 38.728705], [-77.12644800000001, 38.728692], [-77.126643, 38.72864], [-77.126719, 38.728612], [-77.126734, 38.728608], [-77.126817, 38.728528], [-77.126923, 38.728499], [-77.126996, 38.728612], [-77.127034, 38.72867], [-77.127116, 38.728808], [-77.128046, 38.73038], [-77.128139, 38.730536], [-77.12814500000002, 38.730547], [-77.128446, 38.730486], [-77.128625, 38.730449], [-77.129509, 38.730193], [-77.129724, 38.729988], [-77.129535, 38.729442], [-77.129567, 38.729312], [-77.129633, 38.729232], [-77.129984, 38.728802], [-77.130068, 38.728564], [-77.13008899999998, 38.728504], [-77.130118, 38.72842300000001], [-77.129985, 38.728078], [-77.129941, 38.72796400000001], [-77.129904, 38.727867], [-77.12987500000001, 38.727768999999995], [-77.130201, 38.727693], [-77.130922, 38.727481], [-77.131143, 38.727433], [-77.131224, 38.727394], [-77.131539, 38.727198], [-77.131822, 38.726994], [-77.131918, 38.726924000000004], [-77.13197999999998, 38.726886], [-77.132148, 38.726763], [-77.132219, 38.72671], [-77.132357, 38.726609], [-77.132731, 38.726297], [-77.13330399999998, 38.725774], [-77.13331599999998, 38.725712], [-77.135193, 38.724189], [-77.13609299999999, 38.723459000000005], [-77.13626100000002, 38.723332], [-77.137321, 38.721243], [-77.13757799999999, 38.720676], [-77.137973, 38.719663], [-77.137939, 38.719], [-77.139608, 38.715907], [-77.141051, 38.715125], [-77.14026800000002, 38.714074], [-77.14020900000001, 38.71381], [-77.139575, 38.713815], [-77.139218, 38.71371200000001], [-77.137571, 38.713829], [-77.137595, 38.713478], [-77.13753, 38.713304], [-77.137518, 38.71325300000001], [-77.137081, 38.711757], [-77.136134, 38.712149], [-77.134601, 38.711715], [-77.1345, 38.711669], [-77.13432, 38.711654], [-77.133971, 38.71184], [-77.133573, 38.711934], [-77.133081, 38.711958], [-77.13259499999998, 38.711919], [-77.132113, 38.71184], [-77.13177899999998, 38.711801], [-77.131533, 38.711796], [-77.131342, 38.71185], [-77.131022, 38.712007], [-77.130767, 38.71215999999999], [-77.130516, 38.712258], [-77.130278, 38.712313], [-77.130032, 38.71237], [-77.129972, 38.712271], [-77.12954099999999, 38.711563000000005], [-77.12936700000002, 38.711312], [-77.129145, 38.711058], [-77.12887499999998, 38.710781000000004], [-77.128422, 38.710419], [-77.128184, 38.710252], [-77.127989, 38.710114], [-77.12777999999999, 38.70997700000001], [-77.12757999999998, 38.709858], [-77.127361, 38.709746], [-77.127094, 38.70962], [-77.12676799999998, 38.709484], [-77.12642, 38.709358], [-77.12575099999998, 38.70915], [-77.125667, 38.709135], [-77.125776, 38.708971], [-77.12735300000001, 38.706584], [-77.128204, 38.705414], [-77.128093, 38.705214000000005], [-77.129608, 38.702926], [-77.129896, 38.702709], [-77.129955, 38.702607], [-77.129921, 38.702638], [-77.129908, 38.702628], [-77.12989, 38.702615], [-77.129858, 38.702619], [-77.129815, 38.702639], [-77.129758, 38.702649], [-77.129716, 38.702619], [-77.12968200000002, 38.702577], [-77.12957299999998, 38.70253], [-77.129548, 38.702501], [-77.129544, 38.702451], [-77.129511, 38.702394], [-77.129471, 38.70234599999999], [-77.129404, 38.702291], [-77.12930800000001, 38.702258], [-77.129275, 38.702225], [-77.129247, 38.702184], [-77.129204, 38.70213300000001], [-77.12911, 38.702076000000005], [-77.129053, 38.702054], [-77.128996, 38.702048], [-77.12896199999999, 38.702052], [-77.128917, 38.70207200000001], [-77.12885, 38.702079], [-77.128808, 38.702067], [-77.128763, 38.702069], [-77.12872, 38.702057], [-77.128513, 38.701975], [-77.128433, 38.70195799999999], [-77.12835800000002, 38.701947], [-77.12829, 38.70195399999999], [-77.1281, 38.702006], [-77.127928, 38.702027], [-77.127881, 38.70202], [-77.12785400000001, 38.702029], [-77.127838, 38.702054], [-77.127825, 38.702093], [-77.127785, 38.702136], [-77.127711, 38.702194], [-77.127495, 38.702318], [-77.127462, 38.70234599999999], [-77.127388, 38.702398], [-77.127327, 38.702426], [-77.127277, 38.702428], [-77.127269, 38.7024], [-77.127285, 38.702357], [-77.127356, 38.702211], [-77.127379, 38.702172], [-77.127391, 38.702121], [-77.127367, 38.70202], [-77.127331, 38.70196], [-77.127329, 38.701913], [-77.127342, 38.701868], [-77.12738199999998, 38.701817], [-77.127426, 38.701809], [-77.127482, 38.701813], [-77.127521, 38.701808], [-77.12757400000001, 38.701772], [-77.127628, 38.701656], [-77.127709, 38.701583], [-77.127734, 38.701531], [-77.127737, 38.70136299999999], [-77.127718, 38.701295], [-77.127695, 38.701248], [-77.12764999999999, 38.70118], [-77.12758600000001, 38.701116], [-77.12754699999999, 38.701064], [-77.127524, 38.701], [-77.127524, 38.700943], [-77.127516, 38.700899], [-77.127487, 38.70082], [-77.12747299999998, 38.700725], [-77.127471, 38.700493], [-77.127404, 38.70031899999999], [-77.12735099999999, 38.700232], [-77.12733400000002, 38.700196], [-77.127317, 38.70012799999999], [-77.12732200000002, 38.700081], [-77.12738299999998, 38.699918999999994], [-77.127416, 38.699764], [-77.127432, 38.699717], [-77.12744099999999, 38.699622], [-77.12743699999999, 38.699594000000005], [-77.127364, 38.699501], [-77.127344, 38.699463], [-77.127313, 38.69934599999999], [-77.12728799999998, 38.699317], [-77.12723199999999, 38.699229], [-77.12716199999998, 38.699089], [-77.127119, 38.698984], [-77.12710200000001, 38.698911], [-77.127063, 38.698833], [-77.126963, 38.698704], [-77.12695299999999, 38.698674], [-77.126979, 38.698618999999994], [-77.12697100000001, 38.698602], [-77.12694800000001, 38.698597], [-77.126864, 38.698621], [-77.126802, 38.698594], [-77.126651, 38.698527], [-77.12655, 38.698492], [-77.126406, 38.698462], [-77.126382, 38.69846900000001], [-77.12637600000001, 38.698495], [-77.126387, 38.69853], [-77.12636199999999, 38.698577], [-77.12634, 38.698583], [-77.12626600000002, 38.69858], [-77.126238, 38.698571], [-77.12617299999998, 38.698539], [-77.126068, 38.698512], [-77.125871, 38.698496], [-77.1258, 38.698468], [-77.12566499999998, 38.698401], [-77.125611, 38.698368], [-77.125578, 38.698335], [-77.12541999999999, 38.698121], [-77.12534800000002, 38.698021999999995], [-77.125303, 38.697943], [-77.125297, 38.697923], [-77.125279, 38.697725], [-77.125202, 38.697522], [-77.12506900000001, 38.697335], [-77.124928, 38.696952], [-77.124881, 38.696756], [-77.124866, 38.696738], [-77.12482499999999, 38.696712], [-77.124802, 38.696613], [-77.124764, 38.696541], [-77.124752, 38.696504], [-77.124735, 38.696376], [-77.12471, 38.696259000000005], [-77.124698, 38.696231], [-77.124684, 38.696194000000006], [-77.12465900000001, 38.69608], [-77.12462, 38.695948], [-77.1246, 38.69587899999999], [-77.12457299999998, 38.695836], [-77.124487, 38.695781], [-77.124475, 38.695765], [-77.124389, 38.69559900000001], [-77.12435100000002, 38.695502], [-77.124286, 38.695444], [-77.124217, 38.695253], [-77.124188, 38.695202], [-77.12416299999998, 38.695178], [-77.124136, 38.695135], [-77.124095, 38.695004], [-77.124077, 38.694969], [-77.12395799999999, 38.694822], [-77.123776, 38.69456099999999], [-77.123724, 38.694487], [-77.123711, 38.694457], [-77.123629, 38.69435200000001], [-77.12355, 38.694038], [-77.123512, 38.693845], [-77.123436, 38.693408], [-77.123402, 38.693315999999996], [-77.123365, 38.693248999999994], [-77.123299, 38.693168], [-77.123186, 38.693084], [-77.123181, 38.693066], [-77.123189, 38.693041], [-77.12322, 38.693011], [-77.123214, 38.692986999999995], [-77.123196, 38.692951], [-77.123172, 38.692934], [-77.12315499999998, 38.692911], [-77.12314699999999, 38.692862], [-77.123144, 38.69280199999999], [-77.123148, 38.69267399999999], [-77.123144, 38.692524], [-77.123132, 38.692357], [-77.123109, 38.692142000000004], [-77.12301600000002, 38.69154300000001], [-77.123001, 38.691479], [-77.122943, 38.691286], [-77.122846, 38.690913], [-77.122805, 38.690778], [-77.122705, 38.6905], [-77.12255, 38.690122], [-77.12253500000001, 38.69006199999999], [-77.122511, 38.689904], [-77.12244599999998, 38.689619], [-77.122326, 38.689287], [-77.12227, 38.689234], [-77.12226000000001, 38.689212], [-77.122227, 38.68907899999999], [-77.122209, 38.68904], [-77.122155, 38.688955], [-77.12212199999999, 38.688939000000005], [-77.122099, 38.688915], [-77.122062, 38.688804999999995], [-77.122002, 38.688596], [-77.121958, 38.688496], [-77.121926, 38.688392], [-77.121908, 38.688311], [-77.121889, 38.688184], [-77.12185400000001, 38.688047], [-77.12183000000002, 38.687985], [-77.121792, 38.687857], [-77.121796, 38.687833], [-77.12181899999999, 38.68781], [-77.121852, 38.687796], [-77.122024, 38.68777], [-77.122022, 38.687752], [-77.122, 38.687743], [-77.121901, 38.687726], [-77.121868, 38.687707], [-77.12185000000001, 38.687685], [-77.121875, 38.687619], [-77.121898, 38.687529], [-77.121929, 38.68746], [-77.122024, 38.687321], [-77.122061, 38.687222], [-77.122102, 38.687072], [-77.122123, 38.686954], [-77.12213899999999, 38.686802], [-77.12212699999999, 38.686373], [-77.122137, 38.6863], [-77.12213300000002, 38.686263999999994], [-77.122163, 38.686199], [-77.12216900000001, 38.68613199999999], [-77.122191, 38.686088], [-77.122317, 38.685889], [-77.12233499999999, 38.685822], [-77.12244500000001, 38.685581], [-77.122632, 38.685256], [-77.122886, 38.684927], [-77.122931, 38.684869], [-77.12303900000002, 38.68475899999999], [-77.12315000000001, 38.684624], [-77.12316999999999, 38.684593], [-77.123277, 38.684471], [-77.12337500000001, 38.684312], [-77.123408, 38.684231000000004], [-77.123435, 38.684124], [-77.123443, 38.68409], [-77.12348199999998, 38.684001], [-77.12352400000002, 38.683907], [-77.12352899999999, 38.683837], [-77.12352, 38.683816], [-77.12352400000002, 38.683787], [-77.123558, 38.683712], [-77.123592, 38.683675], [-77.123701, 38.683578], [-77.123789, 38.683489], [-77.123818, 38.683422], [-77.12397799999998, 38.683265], [-77.124055, 38.683205], [-77.12411, 38.683113], [-77.12418, 38.683013], [-77.12425799999998, 38.682926], [-77.124391, 38.682704], [-77.12444200000002, 38.682645], [-77.124494, 38.682598000000006], [-77.12455600000001, 38.682425], [-77.124697, 38.68203], [-77.124719, 38.68197], [-77.124904, 38.68164], [-77.124935, 38.681568], [-77.124971, 38.681512], [-77.125003, 38.68148300000001], [-77.12503799999999, 38.681435], [-77.125189, 38.681315], [-77.125222, 38.681289], [-77.12525099999999, 38.681263], [-77.125293, 38.681226], [-77.125319, 38.681208], [-77.125417, 38.681143], [-77.125618, 38.680978], [-77.12575, 38.680864], [-77.125804, 38.680804], [-77.125923, 38.680672], [-77.12595100000001, 38.680641], [-77.12606999999998, 38.680476], [-77.126113, 38.680388], [-77.12615, 38.680334], [-77.126226, 38.680253], [-77.126264, 38.680198], [-77.126287, 38.680141], [-77.12642, 38.679928], [-77.12647599999998, 38.679825], [-77.126575, 38.679734], [-77.12659399999998, 38.679709], [-77.12664499999998, 38.679661], [-77.12669600000001, 38.679585], [-77.126797, 38.679486], [-77.126899, 38.679354], [-77.126907, 38.679333], [-77.126908, 38.679315], [-77.126889, 38.679273], [-77.126913, 38.679256], [-77.126949, 38.67926], [-77.126967, 38.679229], [-77.12704299999999, 38.679187], [-77.127061, 38.679163], [-77.127112, 38.679049], [-77.12718000000001, 38.678955], [-77.12724399999999, 38.678818], [-77.127261, 38.67876], [-77.127265, 38.678681], [-77.127311, 38.678629], [-77.127318, 38.678602], [-77.12738199999998, 38.678564], [-77.127463, 38.678494], [-77.127517, 38.678458], [-77.12756600000002, 38.678415], [-77.12766, 38.67835], [-77.127699, 38.678332], [-77.127741, 38.678297], [-77.127794, 38.678262], [-77.127848, 38.67822], [-77.127918, 38.678178], [-77.127939, 38.678157], [-77.128013, 38.678109], [-77.128078, 38.678067], [-77.128108, 38.67804], [-77.128159, 38.677994], [-77.128228, 38.677924], [-77.12829999999998, 38.677822], [-77.12836, 38.677777], [-77.128407, 38.677709], [-77.128428, 38.677661], [-77.12849200000001, 38.677572], [-77.128533, 38.677538], [-77.128578, 38.677502000000004], [-77.128614, 38.677462], [-77.128633, 38.677447], [-77.128743, 38.677384], [-77.128905, 38.677264], [-77.128914, 38.677256], [-77.128943, 38.677227], [-77.12899699999998, 38.677193], [-77.129065, 38.677117], [-77.129074, 38.677107], [-77.129137, 38.677068], [-77.12918200000001, 38.677028], [-77.129239, 38.676986], [-77.12936200000001, 38.676905], [-77.129405, 38.676867], [-77.129484, 38.676829], [-77.129514, 38.67678899999999], [-77.12955299999999, 38.67676900000001], [-77.129575, 38.676762], [-77.129652, 38.676664], [-77.12967899999998, 38.676618], [-77.129716, 38.676578000000006], [-77.129729, 38.676543], [-77.129814, 38.676468], [-77.129833, 38.676451], [-77.129877, 38.676391], [-77.129902, 38.676357], [-77.12996900000002, 38.67624], [-77.129998, 38.676177], [-77.13007299999998, 38.676059], [-77.130164, 38.675956], [-77.13026199999999, 38.67588], [-77.13034000000002, 38.67583], [-77.130444, 38.675752], [-77.130558, 38.67565], [-77.130716, 38.675541], [-77.130944, 38.67540999999999], [-77.131035, 38.675381], [-77.131087, 38.67535], [-77.13116300000002, 38.675294], [-77.13119299999998, 38.675263], [-77.13127700000001, 38.675193], [-77.131429, 38.675008], [-77.13147899999998, 38.674946999999996], [-77.131523, 38.674916], [-77.13159300000001, 38.674865], [-77.131708, 38.674746000000006], [-77.13175899999999, 38.674694], [-77.131826, 38.674642], [-77.131905, 38.674568], [-77.13194300000002, 38.674541], [-77.13206999999998, 38.674418], [-77.132226, 38.674277], [-77.132341, 38.674192], [-77.132439, 38.674143], [-77.13247900000002, 38.67412], [-77.132752, 38.674013], [-77.132855, 38.673956], [-77.132938, 38.673928], [-77.133072, 38.673899000000006], [-77.133138, 38.67388900000001], [-77.13352399999998, 38.673814], [-77.13368599999998, 38.673793], [-77.133798, 38.67377], [-77.13418100000001, 38.67370999999999], [-77.134531, 38.673641], [-77.13539599999999, 38.673219], [-77.136541, 38.67310100000001], [-77.136519, 38.67308], [-77.136523, 38.673062], [-77.136536, 38.67304200000001], [-77.136566, 38.673025], [-77.136619, 38.67301], [-77.136647, 38.672998], [-77.136735, 38.672979], [-77.136763, 38.672982], [-77.136917, 38.672943], [-77.13709700000001, 38.67292799999999], [-77.137163, 38.672937], [-77.137229, 38.672941], [-77.137331, 38.672963], [-77.137642, 38.673044], [-77.137677, 38.673047], [-77.137943, 38.673098], [-77.137997, 38.673114], [-77.138215, 38.673157], [-77.138358, 38.673202], [-77.138633, 38.673277], [-77.138806, 38.673331], [-77.138995, 38.673424], [-77.139126, 38.673537], [-77.139218, 38.673567999999996], [-77.13927199999999, 38.673575], [-77.139349, 38.673569], [-77.13939400000001, 38.673579999999994], [-77.139462, 38.673579], [-77.139563, 38.673599], [-77.139695, 38.673638], [-77.139865, 38.673752], [-77.13989899999999, 38.673766], [-77.139937, 38.673791], [-77.14003600000001, 38.673815], [-77.140125, 38.67382], [-77.140158, 38.673829999999995], [-77.14018599999999, 38.673844], [-77.140248, 38.673858], [-77.14029199999999, 38.673888], [-77.140306, 38.67391], [-77.140343, 38.673944], [-77.140363, 38.673981], [-77.14039400000001, 38.674011], [-77.14043000000001, 38.674034], [-77.14049600000001, 38.67410399999999], [-77.140561, 38.674156], [-77.14081, 38.674324], [-77.140827, 38.67435], [-77.14082, 38.674385], [-77.14080799999999, 38.674405], [-77.140779, 38.674424], [-77.140713, 38.674444], [-77.14069099999999, 38.674469], [-77.14068599999999, 38.67451], [-77.14071700000001, 38.674596], [-77.140744, 38.6746], [-77.140749, 38.67456299999999], [-77.140725, 38.674518], [-77.14071700000001, 38.674488], [-77.140728, 38.674464], [-77.140754, 38.674449], [-77.140802, 38.67443699999999], [-77.14085, 38.674399], [-77.14089899999999, 38.674388], [-77.140957, 38.674392], [-77.141042, 38.67441300000001], [-77.141215, 38.674464], [-77.141268, 38.67447], [-77.14161999999999, 38.674434], [-77.141668, 38.674424], [-77.14194299999998, 38.674403], [-77.141977, 38.674391], [-77.14203399999998, 38.674378], [-77.142271, 38.674355999999996], [-77.142367, 38.67434], [-77.142641, 38.674282], [-77.14273, 38.674252], [-77.142997, 38.674181], [-77.143179, 38.674119], [-77.143218, 38.674094], [-77.14330999999999, 38.67416899999999], [-77.143367, 38.674254], [-77.143406, 38.67434200000001], [-77.143422, 38.674455], [-77.14350699999999, 38.674629], [-77.143583, 38.674767], [-77.143722, 38.674913], [-77.143802, 38.675005999999996], [-77.14382200000001, 38.675039], [-77.143908, 38.675105], [-77.143975, 38.675138], [-77.144045, 38.675202999999996], [-77.14405499999998, 38.67522], [-77.1443, 38.675473000000004], [-77.14447, 38.675675], [-77.144556, 38.675769], [-77.144575, 38.675781], [-77.14462199999998, 38.675793999999996], [-77.144642, 38.675805], [-77.144678, 38.675835], [-77.144781, 38.675883], [-77.144829, 38.675893], [-77.144894, 38.675879], [-77.144944, 38.675878], [-77.144963, 38.67589], [-77.144988, 38.675931], [-77.145024, 38.675972], [-77.145058, 38.675996], [-77.145083, 38.676025], [-77.14510600000001, 38.676037], [-77.145125, 38.67606599999999], [-77.14514, 38.676081], [-77.145178, 38.676097], [-77.145265, 38.676164], [-77.145293, 38.676179], [-77.145341, 38.676217], [-77.145376, 38.676228], [-77.145531, 38.676333], [-77.145551, 38.676343], [-77.145621, 38.67639499999999], [-77.14572899999999, 38.676496], [-77.145835, 38.676635], [-77.145853, 38.676669], [-77.145865, 38.676705], [-77.145879, 38.676802], [-77.145895, 38.676872], [-77.145924, 38.67691299999999], [-77.14601699999999, 38.676973999999994], [-77.146115, 38.67701], [-77.14613599999998, 38.677024], [-77.146176, 38.677062], [-77.14618, 38.67708], [-77.146164, 38.677095], [-77.145977, 38.677156], [-77.14592699999999, 38.677167], [-77.14592, 38.677195], [-77.145945, 38.677214], [-77.146081, 38.677168], [-77.14622, 38.677161], [-77.14641499999999, 38.677142], [-77.14653699999998, 38.677137], [-77.146563, 38.677132], [-77.146728, 38.677069], [-77.146775, 38.677056], [-77.146893, 38.677044], [-77.14699, 38.67704899999999], [-77.147146, 38.677074], [-77.147271, 38.677113], [-77.14739999999999, 38.677172], [-77.147649, 38.677414], [-77.14774, 38.677484], [-77.14782999999998, 38.677564], [-77.14789, 38.677633], [-77.147961, 38.677693000000005], [-77.14812099999999, 38.677783], [-77.148186, 38.67783299999999], [-77.148263, 38.677879], [-77.148291, 38.677887999999996], [-77.14838, 38.677891], [-77.14874299999998, 38.677858], [-77.148815, 38.677842], [-77.148886, 38.677861], [-77.149049, 38.677853], [-77.149078, 38.677871], [-77.149211, 38.677865], [-77.149484, 38.67784], [-77.14954799999998, 38.67783699999999], [-77.149605, 38.677842], [-77.14962900000002, 38.677853], [-77.149692, 38.677852], [-77.14970799999999, 38.677866], [-77.149714, 38.677902], [-77.14972499999999, 38.677918], [-77.149866, 38.677946], [-77.15004699999999, 38.67800600000001], [-77.15012199999998, 38.67802399999999], [-77.150171, 38.67802999999999], [-77.150229, 38.678049], [-77.150372, 38.678135], [-77.150517, 38.678192], [-77.150603, 38.67825], [-77.150652, 38.67829199999999], [-77.150809, 38.678369], [-77.15088, 38.678388], [-77.15101999999999, 38.678398], [-77.151054, 38.678409], [-77.151069, 38.678431], [-77.151177, 38.678508], [-77.15132, 38.67855399999999], [-77.15142500000002, 38.678593], [-77.15153299999999, 38.678665], [-77.151593, 38.678726], [-77.151608, 38.678758], [-77.151672, 38.678823], [-77.151724, 38.67886], [-77.15176000000001, 38.678897], [-77.151821, 38.678998], [-77.151854, 38.679024], [-77.15194, 38.67906000000001], [-77.15199, 38.679073], [-77.152086, 38.679071], [-77.15213100000001, 38.679082], [-77.15223700000001, 38.67914], [-77.152283, 38.679161], [-77.152618, 38.679239], [-77.152665, 38.679246], [-77.152842, 38.679249], [-77.153052, 38.679239], [-77.15314899999998, 38.679229], [-77.153212, 38.679223], [-77.15343, 38.679185], [-77.153552, 38.679153], [-77.153681, 38.679101], [-77.15382899999999, 38.679031], [-77.15386499999998, 38.679026], [-77.15391199999999, 38.679029], [-77.154125, 38.67906000000001], [-77.154158, 38.679075], [-77.15417, 38.679093], [-77.154166, 38.679126], [-77.154143, 38.679177], [-77.154091, 38.67925], [-77.154033, 38.679333], [-77.153984, 38.679460000000006], [-77.15393500000002, 38.679606], [-77.153913, 38.679657000000006], [-77.153888, 38.679701], [-77.153764, 38.680040999999996], [-77.153693, 38.680382], [-77.15366300000001, 38.68057], [-77.15365699999998, 38.680672], [-77.15365500000001, 38.680732], [-77.153689, 38.680863], [-77.153692, 38.680905], [-77.153706, 38.68092], [-77.15376200000001, 38.680954], [-77.15379, 38.680979], [-77.15380500000002, 38.681015], [-77.153795, 38.681041], [-77.153754, 38.681092], [-77.15371499999999, 38.681122], [-77.153633, 38.681146], [-77.153624, 38.681164], [-77.153628, 38.681232], [-77.153658, 38.681361], [-77.153745, 38.681545], [-77.15377499999998, 38.681592], [-77.153821, 38.681645], [-77.15393599999999, 38.68175299999999], [-77.15402599999999, 38.681815], [-77.15417, 38.681897], [-77.15423499999999, 38.681928], [-77.15443500000002, 38.681979], [-77.154501, 38.681992], [-77.1546, 38.682027], [-77.154671, 38.682059], [-77.15473899999999, 38.682075999999995], [-77.154819, 38.68207999999999], [-77.154843, 38.682077], [-77.154863, 38.682061], [-77.154887, 38.68202], [-77.15504, 38.681949], [-77.155069, 38.681953], [-77.155137, 38.681982], [-77.15515299999998, 38.681995], [-77.15511, 38.682055], [-77.15512900000002, 38.682067], [-77.15526700000001, 38.682123], [-77.155305, 38.68206800000001], [-77.155328, 38.682069], [-77.15545100000001, 38.68212], [-77.155408, 38.68219], [-77.155565, 38.682252], [-77.155604, 38.68219800000001], [-77.15562999999999, 38.682204000000006], [-77.15576700000001, 38.682262], [-77.155786, 38.682272999999995], [-77.155765, 38.682314], [-77.155784, 38.68233000000001], [-77.155817, 38.682373], [-77.155856, 38.682401000000006], [-77.155885, 38.682355], [-77.155914, 38.682334000000004], [-77.155954, 38.682381], [-77.155993, 38.682379], [-77.156017, 38.682384], [-77.15603500000002, 38.68240899999999], [-77.156064, 38.682434], [-77.156093, 38.682445], [-77.156143, 38.682451], [-77.15614, 38.682469], [-77.1561, 38.682498], [-77.156101, 38.682517], [-77.156134, 38.682541], [-77.156221, 38.682564], [-77.15624, 38.682553], [-77.15626300000001, 38.682546], [-77.156397, 38.682598000000006], [-77.15647, 38.682593999999995], [-77.15648899999998, 38.682605], [-77.15649, 38.682627], [-77.156467, 38.682651], [-77.15647, 38.682675], [-77.156485, 38.682699], [-77.15652399999999, 38.682721], [-77.156566, 38.682728000000004], [-77.15659499999998, 38.682719999999996], [-77.156594, 38.682702], [-77.156614, 38.68266], [-77.156635, 38.682652], [-77.156663, 38.68265300000001], [-77.156683, 38.682663000000005], [-77.156688, 38.682681], [-77.156728, 38.682745], [-77.156736, 38.682793000000004], [-77.156727, 38.682985], [-77.15677600000001, 38.683087], [-77.15677999999998, 38.683111], [-77.156878, 38.683257], [-77.157123, 38.683554], [-77.15736299999999, 38.683897], [-77.157385, 38.683946], [-77.157377, 38.68397099999999], [-77.157389, 38.684022], [-77.157392, 38.684093], [-77.15737199999998, 38.684135], [-77.15734799999998, 38.684166000000005], [-77.15732, 38.684192], [-77.157286, 38.684217], [-77.157177, 38.684278], [-77.157057, 38.684337], [-77.156993, 38.68437699999999], [-77.15696899999999, 38.684404], [-77.15692999999999, 38.684437], [-77.156907, 38.684449], [-77.156772, 38.684492999999996], [-77.156647, 38.684514], [-77.15646100000001, 38.68458], [-77.156336, 38.68463299999999], [-77.156289, 38.684663], [-77.156259, 38.684689], [-77.15624499999998, 38.684721], [-77.15624400000002, 38.684856], [-77.15623699999999, 38.68489499999999], [-77.156227, 38.684917], [-77.15619, 38.684951], [-77.156105, 38.684991], [-77.15596000000001, 38.685034], [-77.155931, 38.685037], [-77.15586299999998, 38.685056], [-77.155797, 38.685087], [-77.15575500000001, 38.68512], [-77.155726, 38.685156], [-77.15565799999999, 38.685262], [-77.15546800000001, 38.685479], [-77.155323, 38.685623], [-77.15531, 38.685641], [-77.155297, 38.68567699999999], [-77.155292, 38.685819], [-77.15527100000001, 38.685911], [-77.155249, 38.685951], [-77.155207, 38.685995], [-77.15512199999999, 38.686117], [-77.15505800000001, 38.686175], [-77.155025, 38.686189000000006], [-77.154875, 38.686198], [-77.154833, 38.686214], [-77.154786, 38.686257], [-77.15473500000002, 38.686292], [-77.15461699999999, 38.686326], [-77.154573, 38.686331], [-77.154511, 38.686316999999995], [-77.154488, 38.686316999999995], [-77.1545, 38.68633299999999], [-77.15454600000001, 38.68635], [-77.154601, 38.686381], [-77.154624, 38.686404], [-77.15463, 38.686433], [-77.15462, 38.686495], [-77.154475, 38.686842], [-77.154439, 38.686956], [-77.15435299999999, 38.687141], [-77.154268, 38.687254], [-77.15417, 38.687454], [-77.15404999999998, 38.687616], [-77.154034, 38.687646], [-77.153998, 38.687742], [-77.153921, 38.68789099999999], [-77.153886, 38.688018], [-77.153885, 38.68805], [-77.153898, 38.688083999999996], [-77.153922, 38.688113], [-77.153938, 38.688156], [-77.15393599999999, 38.688199], [-77.153952, 38.688276], [-77.153994, 38.688374], [-77.154003, 38.688415000000006], [-77.154004, 38.688451], [-77.153991, 38.68852900000001], [-77.153894, 38.688759], [-77.153842, 38.688851], [-77.153814, 38.688959], [-77.153811, 38.689025], [-77.15385200000001, 38.689196], [-77.153869, 38.689246], [-77.15394300000001, 38.689395], [-77.15397199999998, 38.68944], [-77.154012, 38.689522], [-77.154072, 38.689617], [-77.154112, 38.68966], [-77.154191, 38.689732], [-77.154233, 38.689753], [-77.154264, 38.689758], [-77.154321, 38.689778], [-77.154359, 38.689799], [-77.15441999999999, 38.68984300000001], [-77.154571, 38.689963], [-77.15463699999998, 38.69003], [-77.15474699999999, 38.69013], [-77.154868, 38.690181], [-77.154915, 38.690226], [-77.154979, 38.690268], [-77.155002, 38.690272], [-77.155024, 38.690257], [-77.15508200000001, 38.690172], [-77.155105, 38.690172], [-77.155132, 38.69018799999999], [-77.15514599999999, 38.690226], [-77.155144, 38.690252], [-77.155115, 38.690303], [-77.155057, 38.690359], [-77.15502600000002, 38.690404], [-77.15499199999998, 38.690473], [-77.154973, 38.690542], [-77.154906, 38.690699], [-77.15487, 38.690871], [-77.15484, 38.690983], [-77.154917, 38.69106], [-77.155008, 38.691075], [-77.15511700000002, 38.691086], [-77.15522, 38.691162], [-77.155302, 38.691249], [-77.155384, 38.691351999999995], [-77.155509, 38.691407], [-77.155623, 38.691439], [-77.15567699999998, 38.691505], [-77.155754, 38.691575], [-77.15591699999999, 38.691586], [-77.156042, 38.691537], [-77.156123, 38.691428], [-77.156085, 38.691325], [-77.15611799999999, 38.691221999999996], [-77.156151, 38.691135], [-77.15612900000002, 38.691026], [-77.156123, 38.690884], [-77.156156, 38.690808], [-77.15618900000001, 38.690743], [-77.156156, 38.69064], [-77.156058, 38.690536], [-77.155971, 38.690384], [-77.155987, 38.690281], [-77.15612900000002, 38.690063], [-77.156064, 38.689980999999996], [-77.15602, 38.689884], [-77.156058, 38.689818], [-77.156107, 38.689813], [-77.156134, 38.689824], [-77.15627, 38.689737], [-77.156227, 38.689606], [-77.15629199999998, 38.689476], [-77.156385, 38.689372], [-77.15646100000001, 38.68935], [-77.15664, 38.689389], [-77.156782, 38.689508], [-77.156967, 38.689758], [-77.157086, 38.690069], [-77.157206, 38.69032399999999], [-77.157211, 38.69051499999999], [-77.157206, 38.690705], [-77.15715700000001, 38.690825], [-77.157141, 38.690857], [-77.157113, 38.690879], [-77.156994, 38.690993], [-77.15705900000002, 38.691347], [-77.15715700000001, 38.691635], [-77.157321, 38.691995], [-77.157657, 38.691983], [-77.157689, 38.692238], [-77.15775, 38.692391], [-77.157853, 38.69256], [-77.157946, 38.69265200000001], [-77.15803299999999, 38.692745], [-77.158136, 38.69281], [-77.158212, 38.692859000000006], [-77.15834799999999, 38.692935], [-77.158473, 38.692957], [-77.15859299999998, 38.692946], [-77.158696, 38.692908], [-77.158767, 38.692875], [-77.158898, 38.692859000000006], [-77.158979, 38.692859000000006], [-77.15904499999999, 38.692837], [-77.159088, 38.692816], [-77.159115, 38.69281], [-77.15916300000002, 38.692835], [-77.159202, 38.692897], [-77.159198, 38.692968], [-77.159186, 38.693033], [-77.159186, 38.693082], [-77.159192, 38.693153], [-77.159253, 38.693309], [-77.159265, 38.693325], [-77.159371, 38.69402500000001], [-77.15935600000002, 38.694212], [-77.15935, 38.694498], [-77.159354, 38.69456099999999], [-77.159367, 38.694807], [-77.15936899999998, 38.69501400000001], [-77.159403, 38.695172], [-77.159472, 38.695429], [-77.159535, 38.69563], [-77.159801, 38.695569], [-77.159788, 38.695603000000006], [-77.159795, 38.695668], [-77.159862, 38.69603], [-77.15988000000002, 38.69625500000001], [-77.159875, 38.69627299999999], [-77.15991, 38.69645799999999], [-77.159986, 38.696627], [-77.16004100000002, 38.696725], [-77.160104, 38.696814], [-77.16014899999999, 38.69689], [-77.16029400000001, 38.697103], [-77.160442, 38.69734], [-77.160529, 38.697492], [-77.160596, 38.697592], [-77.16070400000001, 38.69781900000001], [-77.160732, 38.697865], [-77.160827, 38.698023], [-77.16094, 38.698247], [-77.16095900000002, 38.698294000000004], [-77.161076, 38.698466], [-77.161134, 38.698538], [-77.16116099999999, 38.698578], [-77.161208, 38.698654], [-77.161349, 38.698918], [-77.161412, 38.699015], [-77.16145, 38.699087], [-77.161633, 38.699575], [-77.16168099999999, 38.699685], [-77.161741, 38.699879], [-77.161763, 38.69993], [-77.161778, 38.699994000000004], [-77.16177100000002, 38.70012799999999], [-77.161778, 38.700250000000004], [-77.16177199999998, 38.700296], [-77.16173, 38.70044899999999], [-77.161707, 38.700614], [-77.161705, 38.700668], [-77.16169299999999, 38.70074], [-77.161672, 38.700817], [-77.161633, 38.700905], [-77.161628, 38.700953], [-77.16164, 38.701125], [-77.161628, 38.70121], [-77.161532, 38.701441], [-77.161462, 38.701662], [-77.16144400000002, 38.701691], [-77.161335, 38.701785], [-77.16127499999999, 38.701821], [-77.161231, 38.701854], [-77.16114999999999, 38.701953], [-77.16103, 38.702195], [-77.16095, 38.702414], [-77.160926, 38.702502], [-77.160908, 38.702577], [-77.160856, 38.702709], [-77.16076, 38.702898], [-77.160749, 38.702936], [-77.160735, 38.702961], [-77.160626, 38.703039], [-77.160606, 38.703072], [-77.16055499999999, 38.703138], [-77.160521, 38.703173], [-77.160388, 38.703287], [-77.160332, 38.703388000000004], [-77.16029, 38.703488], [-77.160232, 38.703582999999995], [-77.160213, 38.703643], [-77.160171, 38.70385], [-77.160128, 38.703935], [-77.16011, 38.703958], [-77.159931, 38.704118], [-77.159902, 38.704161], [-77.159904, 38.704198], [-77.159999, 38.70448], [-77.16002999999999, 38.704508], [-77.16007300000001, 38.704523], [-77.16010199999998, 38.704516], [-77.160117, 38.704499000000006], [-77.16008500000001, 38.704423], [-77.160126, 38.704439], [-77.160195, 38.704485], [-77.160399, 38.70466], [-77.16042, 38.704682], [-77.160492, 38.70478], [-77.160503, 38.70481000000001], [-77.160486, 38.704946], [-77.16046499999999, 38.705004], [-77.160397, 38.705124], [-77.160363, 38.705162], [-77.160237, 38.705264], [-77.160166, 38.705311], [-77.160106, 38.70535999999999], [-77.16004999999998, 38.705457], [-77.160003, 38.705587], [-77.15997800000001, 38.705684], [-77.15993, 38.70576], [-77.159929, 38.705802], [-77.159957, 38.70588], [-77.15997, 38.705919], [-77.15998300000001, 38.705956], [-77.159994, 38.70598600000001], [-77.160014, 38.70608099999999], [-77.160036, 38.70612800000001], [-77.160075, 38.706164], [-77.16014, 38.706203], [-77.160177, 38.706218], [-77.160217, 38.706229], [-77.16036400000002, 38.706246], [-77.160449, 38.706298], [-77.16054299999999, 38.706295], [-77.160635, 38.706311], [-77.160755, 38.706344], [-77.160784, 38.706358], [-77.16086599999998, 38.706416], [-77.16088100000002, 38.706435], [-77.160938, 38.706563], [-77.16097999999998, 38.706639], [-77.16101, 38.70668], [-77.16109899999998, 38.706748], [-77.16116, 38.706784000000006], [-77.161237, 38.706823], [-77.161428, 38.70693399999999], [-77.161459, 38.706948], [-77.161495, 38.706952], [-77.16155599999999, 38.706933], [-77.16158200000001, 38.70690400000001], [-77.161581, 38.706886], [-77.161427, 38.706813], [-77.161396, 38.706795], [-77.16137399999998, 38.706769], [-77.161423, 38.706782], [-77.161491, 38.706811], [-77.161532, 38.70682], [-77.161661, 38.706817], [-77.16179500000001, 38.706822], [-77.16186200000001, 38.706818], [-77.161899, 38.70683900000001], [-77.16197299999999, 38.70694], [-77.162098, 38.707015], [-77.162148, 38.707063], [-77.16217300000001, 38.70711899999999], [-77.162204, 38.707171], [-77.162534, 38.707502999999996], [-77.16258799999999, 38.707585], [-77.162618, 38.707647], [-77.162646, 38.70778099999999], [-77.162683, 38.707843], [-77.16271, 38.707875], [-77.162802, 38.707943], [-77.16287400000002, 38.708009], [-77.163035, 38.70815700000001], [-77.163367, 38.708112], [-77.163533, 38.7081], [-77.163892, 38.708061], [-77.164214, 38.708022], [-77.165638, 38.707946], [-77.167039, 38.707882], [-77.167557, 38.707782], [-77.167707, 38.707772], [-77.168058, 38.707762], [-77.168324, 38.707766], [-77.16868900000001, 38.70775700000001], [-77.16889000000002, 38.70775], [-77.16888, 38.707788], [-77.16886699999999, 38.707815], [-77.16880099999999, 38.707926], [-77.16878400000002, 38.707973], [-77.168775, 38.708049], [-77.168778, 38.708074], [-77.16880400000001, 38.708158999999995], [-77.168836, 38.708203], [-77.16891400000002, 38.708281], [-77.168928, 38.708304], [-77.168962, 38.708337], [-77.168987, 38.708374], [-77.16901799999998, 38.708449], [-77.169105, 38.708688], [-77.169118, 38.708885], [-77.169104, 38.708972], [-77.169069, 38.709093], [-77.169053, 38.709125], [-77.168895, 38.709379], [-77.168733, 38.709564], [-77.16865, 38.709691], [-77.168562, 38.709814], [-77.16854, 38.709873], [-77.16850000000001, 38.70994], [-77.168439, 38.710006], [-77.168411, 38.710028], [-77.168251, 38.710105], [-77.168168, 38.710136], [-77.16789399999999, 38.710271], [-77.167842, 38.710303], [-77.167707, 38.71036], [-77.167605, 38.710391], [-77.16757499999999, 38.710407], [-77.167437, 38.710456], [-77.16735, 38.7105], [-77.167206, 38.71059], [-77.167147, 38.71063300000001], [-77.167093, 38.710697], [-77.16707400000001, 38.710708000000004], [-77.167015, 38.710701], [-77.166954, 38.710709], [-77.16693, 38.710717], [-77.16688999999998, 38.710744], [-77.16687799999998, 38.71076], [-77.16685, 38.710834000000006], [-77.166814, 38.710995], [-77.166815, 38.71104], [-77.16685399999999, 38.711124], [-77.166915, 38.71115], [-77.166973, 38.711158], [-77.167163, 38.71117], [-77.16720000000001, 38.711164999999994], [-77.167231, 38.711152], [-77.16729199999999, 38.711105], [-77.167328, 38.71107], [-77.167353, 38.711062], [-77.167417, 38.711085], [-77.167444, 38.711108], [-77.167627, 38.711225999999996], [-77.16768800000001, 38.71128], [-77.16776399999999, 38.711414], [-77.167797, 38.711542], [-77.167798, 38.711578], [-77.16777100000002, 38.711602], [-77.167703, 38.711443], [-77.16768499999999, 38.711419], [-77.167649, 38.711396], [-77.167621, 38.711393], [-77.16761099999998, 38.711412], [-77.167601, 38.711542], [-77.167584, 38.711645], [-77.16757800000002, 38.711715], [-77.167588, 38.711746], [-77.167606, 38.711758], [-77.16761400000001, 38.711775], [-77.167608, 38.71183299999999], [-77.16761499999998, 38.711992], [-77.16765, 38.712084999999995], [-77.167656, 38.712124], [-77.167672, 38.712165], [-77.16781, 38.712283], [-77.167942, 38.71244], [-77.168044, 38.71273], [-77.16806200000002, 38.712828], [-77.168069, 38.712915], [-77.16805, 38.712982], [-77.168034, 38.713005], [-77.16786, 38.71314], [-77.167714, 38.71326499999999], [-77.167637, 38.713344], [-77.16756, 38.713449], [-77.167536, 38.71350300000001], [-77.167529, 38.713578], [-77.167514, 38.713656], [-77.167458, 38.713786], [-77.167451, 38.713862], [-77.167459, 38.713916], [-77.16747699999999, 38.713959], [-77.167546, 38.714043000000004], [-77.16759400000001, 38.714083], [-77.167661, 38.714149], [-77.167805, 38.714336], [-77.168096, 38.714676], [-77.168161, 38.71476199999999], [-77.16818599999999, 38.714811], [-77.16824, 38.71488600000001], [-77.168241, 38.715004], [-77.16828899999999, 38.715128], [-77.168326, 38.715177], [-77.16847399999999, 38.715342], [-77.168556, 38.715387], [-77.16857999999999, 38.715394], [-77.168665, 38.715451], [-77.168762, 38.715508], [-77.168824, 38.715535], [-77.168961, 38.715586], [-77.169431, 38.715836], [-77.16952999999998, 38.71587699999999], [-77.169575, 38.715898], [-77.16948599999999, 38.71606800000001], [-77.16930499999998, 38.716428], [-77.169256, 38.716562], [-77.169007, 38.7174], [-77.168907, 38.71770300000001], [-77.168868, 38.717804], [-77.16879, 38.717956], [-77.16866999999999, 38.71815000000001], [-77.16856, 38.718316], [-77.168384, 38.718551], [-77.16815799999999, 38.71875299999999], [-77.16806799999999, 38.718866], [-77.168041, 38.718904], [-77.168014, 38.718941], [-77.16781199999998, 38.719142999999995], [-77.16871300000001, 38.719591], [-77.171465, 38.72096], [-77.172608, 38.721529], [-77.172978, 38.721705], [-77.173088, 38.72174900000001], [-77.17331199999998, 38.721828], [-77.173544, 38.721895], [-77.17378, 38.72195000000001], [-77.173915, 38.721975], [-77.175855, 38.72233800000001], [-77.178707, 38.72286999999999], [-77.17893300000001, 38.722922], [-77.17915499999998, 38.722986], [-77.179372, 38.72306], [-77.179571, 38.723148], [-77.179762, 38.72324600000001], [-77.179945, 38.723353], [-77.180295, 38.723588], [-77.18055699999998, 38.723775], [-77.182188, 38.724962000000005], [-77.18233200000002, 38.725079], [-77.18237, 38.72505], [-77.182444, 38.725001], [-77.182557, 38.724927], [-77.18271500000002, 38.724796], [-77.182794, 38.724714], [-77.183001, 38.7245], [-77.183182, 38.724352], [-77.183283, 38.724261], [-77.18337700000001, 38.724186], [-77.183559, 38.724062], [-77.183707, 38.723974], [-77.18385399999998, 38.723879], [-77.1841, 38.723706], [-77.184384, 38.72356], [-77.18513499999999, 38.723173], [-77.185502, 38.72304900000001], [-77.185603, 38.723015], [-77.18593399999999, 38.722886], [-77.18622599999999, 38.722767], [-77.186682, 38.722632], [-77.18737200000001, 38.722441], [-77.188011, 38.722253], [-77.188282, 38.722154999999994], [-77.188413, 38.722108], [-77.18877, 38.721932], [-77.18906600000001, 38.721718], [-77.19034699999999, 38.720499], [-77.19045399999999, 38.720398], [-77.190561, 38.720398], [-77.19066999999998, 38.720407], [-77.1907, 38.720396], [-77.19075699999999, 38.720344], [-77.190783, 38.720331], [-77.190828, 38.720331], [-77.19088200000002, 38.720322], [-77.190964, 38.720283], [-77.191058, 38.72024400000001], [-77.191112, 38.720227], [-77.191164, 38.720219], [-77.191203, 38.720222], [-77.19136300000001, 38.720209], [-77.191394, 38.720223], [-77.191373, 38.720253], [-77.19139199999998, 38.720276], [-77.191429, 38.720297], [-77.191506, 38.720316999999994], [-77.19157100000001, 38.720349], [-77.191621, 38.720368], [-77.19167800000001, 38.720378], [-77.191835, 38.720373], [-77.192312, 38.720344], [-77.192382, 38.720348], [-77.192427, 38.720356], [-77.19246999999999, 38.720371], [-77.19256499999999, 38.720372], [-77.192678, 38.72034], [-77.192843, 38.720303], [-77.19285200000002, 38.72028], [-77.192835, 38.720248], [-77.19284000000002, 38.720224], [-77.19293, 38.720085], [-77.192911, 38.720056], [-77.192919, 38.720037], [-77.192956, 38.719995999999995], [-77.19299000000001, 38.719995999999995], [-77.193003, 38.720041], [-77.19301, 38.720127], [-77.19299499999998, 38.720147], [-77.19296299999999, 38.720166], [-77.192913, 38.720213], [-77.19287699999998, 38.720237], [-77.19287100000001, 38.720256000000006], [-77.19289, 38.72031500000001], [-77.192881, 38.720332], [-77.192813, 38.720362], [-77.192699, 38.72039999999999], [-77.192604, 38.720423], [-77.192546, 38.720426], [-77.192449, 38.720425], [-77.192401, 38.720421], [-77.192383, 38.720433], [-77.192373, 38.720542], [-77.192299, 38.720642000000005], [-77.192293, 38.720668], [-77.1923, 38.720715000000006], [-77.192315, 38.720735], [-77.192377, 38.720769], [-77.19242, 38.720777], [-77.192485, 38.720772], [-77.192578, 38.72078599999999], [-77.192603, 38.720783], [-77.19263100000002, 38.720774000000006], [-77.192699, 38.720763], [-77.192898, 38.72076400000001], [-77.192968, 38.720744], [-77.193153, 38.720671], [-77.193228, 38.720659], [-77.19339, 38.72065599999999], [-77.193416, 38.720639], [-77.193453, 38.720639], [-77.193503, 38.72069], [-77.19353, 38.720704], [-77.19358100000001, 38.720746], [-77.193628, 38.720772], [-77.193645, 38.720794], [-77.19366700000002, 38.720805], [-77.193723, 38.720752], [-77.193808, 38.72073], [-77.193839, 38.720739], [-77.19387699999999, 38.72076], [-77.19397099999999, 38.720792], [-77.19406599999999, 38.720794], [-77.194084, 38.720781], [-77.194114, 38.720732], [-77.194133, 38.72072], [-77.19438000000001, 38.720723], [-77.19445, 38.720736], [-77.194495, 38.720761], [-77.194553, 38.720777], [-77.19457499999999, 38.720771], [-77.194601, 38.720744], [-77.194793, 38.72066], [-77.194835, 38.720626], [-77.194895, 38.720538], [-77.194946, 38.720597], [-77.19505, 38.72057300000001], [-77.19506299999999, 38.720552], [-77.19505899999999, 38.7205], [-77.195072, 38.720485], [-77.195121, 38.72048], [-77.195166, 38.720448999999995], [-77.195217, 38.72039999999999], [-77.19538199999998, 38.720295], [-77.195412, 38.720289], [-77.19546499999998, 38.720299], [-77.195518, 38.720318999999996], [-77.195592, 38.720335], [-77.195622, 38.720331], [-77.195599, 38.720302], [-77.19561, 38.720286], [-77.19564, 38.720272], [-77.19568400000001, 38.720272], [-77.195723, 38.720283], [-77.195809, 38.720358], [-77.19586699999999, 38.720409], [-77.195954, 38.72044700000001], [-77.195978, 38.720444], [-77.19608, 38.720401], [-77.196116, 38.720381], [-77.19604, 38.720328], [-77.19601, 38.720286], [-77.19598899999998, 38.720275], [-77.195921, 38.720292], [-77.195949, 38.720202], [-77.19597, 38.720183000000006], [-77.196005, 38.720159], [-77.196036, 38.720183000000006], [-77.196041, 38.720267], [-77.19605500000002, 38.720288], [-77.19608600000001, 38.720313], [-77.19619200000001, 38.720383], [-77.196229, 38.720385], [-77.196412, 38.720345], [-77.196539, 38.72032899999999], [-77.196823, 38.72032699999999], [-77.196874, 38.72032], [-77.197054, 38.72032], [-77.19707900000002, 38.720247], [-77.197106, 38.72025000000001], [-77.19713, 38.720251999999995], [-77.197123, 38.720288], [-77.197135, 38.720318999999996], [-77.197156, 38.720344], [-77.197197, 38.720354], [-77.197373, 38.720432], [-77.197416, 38.720469], [-77.197455, 38.720523], [-77.19748900000002, 38.7206], [-77.197508, 38.7207], [-77.197516, 38.720765], [-77.197499, 38.720791], [-77.197465, 38.720816], [-77.197452, 38.720831], [-77.197452, 38.72085899999999], [-77.197516, 38.72097899999999], [-77.197558, 38.721006], [-77.197622, 38.721027], [-77.197594, 38.72106], [-77.197595, 38.721082], [-77.19761, 38.721096], [-77.197648, 38.721101], [-77.19767000000002, 38.721095], [-77.197696, 38.721067], [-77.19771799999998, 38.72103], [-77.197752, 38.721058], [-77.19778, 38.72107], [-77.197812, 38.721069], [-77.197835, 38.721049], [-77.19785500000002, 38.721058], [-77.197873, 38.721095], [-77.197913, 38.721139], [-77.19796699999999, 38.721179], [-77.198048, 38.7212], [-77.198066, 38.721215], [-77.198073, 38.721233000000005], [-77.19806, 38.721249], [-77.19806800000002, 38.721358], [-77.19807500000002, 38.721393], [-77.198115, 38.721506], [-77.198143, 38.721536], [-77.198249, 38.721608], [-77.198325, 38.72165], [-77.19836700000002, 38.721663], [-77.198417, 38.721669], [-77.198514, 38.72166], [-77.19860099999998, 38.721665], [-77.198647, 38.721673], [-77.19870699999998, 38.721689999999995], [-77.198803, 38.72177], [-77.198901, 38.721803], [-77.198919, 38.721821], [-77.19891, 38.72184], [-77.19889299999998, 38.721853], [-77.198851, 38.72185], [-77.19878500000002, 38.721823], [-77.198748, 38.72181400000001], [-77.198745, 38.72183199999999], [-77.198787, 38.721947], [-77.19880199999999, 38.721972], [-77.19882, 38.721985], [-77.198877, 38.72199], [-77.19889100000002, 38.72200500000001], [-77.198903, 38.722043], [-77.198901, 38.722072], [-77.198855, 38.722162], [-77.19891100000001, 38.722225], [-77.198934, 38.722261], [-77.199041, 38.72233800000001], [-77.19910000000002, 38.72237], [-77.199194, 38.722457], [-77.199219, 38.722469], [-77.19948299999999, 38.722486], [-77.19951400000001, 38.722502], [-77.19959300000001, 38.722518], [-77.199626, 38.72254100000001], [-77.199647, 38.722567], [-77.199664, 38.722627], [-77.199681, 38.72266100000001], [-77.199721, 38.7227], [-77.199772, 38.722736000000005], [-77.19979899999998, 38.722745], [-77.199828, 38.722709], [-77.199887, 38.722736000000005], [-77.199955, 38.722757], [-77.199993, 38.722761], [-77.200081, 38.72275599999999], [-77.200148, 38.722737], [-77.200184, 38.722715], [-77.200203, 38.72268499999999], [-77.200269, 38.7224], [-77.200291, 38.722371], [-77.200329, 38.72233800000001], [-77.200344, 38.722323], [-77.200403, 38.722241], [-77.200511, 38.722166], [-77.20066899999999, 38.722102], [-77.200725, 38.722091], [-77.200798, 38.722102], [-77.200951, 38.722080000000005], [-77.20100799999999, 38.722077999999996], [-77.201067, 38.72208799999999], [-77.201125, 38.722118], [-77.201171, 38.72215], [-77.20120400000002, 38.722181], [-77.201399, 38.722396], [-77.201427, 38.722447], [-77.20146800000002, 38.722508], [-77.20151599999998, 38.72254699999999], [-77.201573, 38.722572], [-77.201616, 38.722581], [-77.201642, 38.722579], [-77.201675, 38.722551], [-77.20170199999998, 38.722542999999995], [-77.201798, 38.722563], [-77.201856, 38.722571], [-77.201895, 38.722566], [-77.202019, 38.722504], [-77.20207099999999, 38.722494], [-77.202228, 38.722502], [-77.202273, 38.72251], [-77.20230300000001, 38.722534], [-77.202351, 38.722563], [-77.202389, 38.72257], [-77.202578, 38.722546], [-77.20270900000001, 38.722521], [-77.202729, 38.722512], [-77.202763, 38.72246400000001], [-77.202764, 38.722434], [-77.20279699999999, 38.72233800000001], [-77.20282300000001, 38.72227], [-77.202855, 38.722263], [-77.20288299999999, 38.722221], [-77.202908, 38.722162], [-77.20292299999998, 38.722145], [-77.202949, 38.722131], [-77.203097, 38.722083999999995], [-77.203151, 38.722037], [-77.203182, 38.722028], [-77.203264, 38.722059], [-77.203379, 38.72208799999999], [-77.203493, 38.722129], [-77.203629, 38.72219], [-77.20379399999999, 38.72233800000001], [-77.203866, 38.722419], [-77.204006, 38.722646], [-77.20402599999998, 38.722736000000005], [-77.204071, 38.722814], [-77.204083, 38.722834], [-77.204229, 38.722774], [-77.20474, 38.722542], [-77.205162, 38.72233800000001], [-77.205738, 38.722043], [-77.206222, 38.721777], [-77.20669699999999, 38.721501], [-77.207161, 38.721214], [-77.207656, 38.720889], [-77.208109, 38.720571], [-77.208246, 38.720469], [-77.208271, 38.72055], [-77.208375, 38.720901], [-77.208432, 38.72109], [-77.208502, 38.721287], [-77.208802, 38.721052], [-77.210036, 38.720119999999994], [-77.21101499999999, 38.719416], [-77.211253, 38.719252], [-77.211517, 38.71947999999999], [-77.211589, 38.71980899999999], [-77.21164099999999, 38.71985600000001], [-77.211673, 38.71989], [-77.21171900000002, 38.719926], [-77.21185099999998, 38.720045], [-77.211996, 38.720156], [-77.212116, 38.720232], [-77.212331, 38.720321000000006], [-77.21243, 38.720416], [-77.212509, 38.720482], [-77.212664, 38.720499], [-77.212783, 38.720544], [-77.212886, 38.720609], [-77.212971, 38.72070300000001], [-77.213259, 38.720971000000006], [-77.21354399999998, 38.721201], [-77.21365800000001, 38.72127], [-77.213757, 38.721344], [-77.21382799999999, 38.721439], [-77.213846, 38.721511], [-77.21378, 38.721593], [-77.213751, 38.72167], [-77.213763, 38.721906], [-77.213759, 38.722007], [-77.213744, 38.72208200000001], [-77.213738, 38.722138], [-77.213782, 38.722253], [-77.213789, 38.722286], [-77.213854, 38.72233800000001], [-77.213984, 38.722486], [-77.21408, 38.722598], [-77.214175, 38.722683], [-77.21427, 38.722776], [-77.214338, 38.722889], [-77.21441400000002, 38.722959], [-77.214617, 38.723131], [-77.214715, 38.72326999999999], [-77.21495800000001, 38.723425], [-77.21506499999998, 38.723452], [-77.215157, 38.723539], [-77.21524199999999, 38.72363], [-77.215301, 38.723722], [-77.215354, 38.723851], [-77.215395, 38.723984], [-77.21542, 38.724202], [-77.215457, 38.724352], [-77.215492, 38.724573], [-77.215491, 38.72470799999999], [-77.215514, 38.724703], [-77.21554900000001, 38.724704], [-77.21554900000001, 38.724833999999994], [-77.215531, 38.724986], [-77.21553600000001, 38.72516699999999], [-77.215555, 38.725276], [-77.215579, 38.725498], [-77.21565100000001, 38.72571], [-77.215677, 38.725815000000004], [-77.215741, 38.725984], [-77.21587, 38.72633], [-77.21595, 38.726442], [-77.216004, 38.726498], [-77.216046, 38.726566], [-77.216086, 38.726641], [-77.216102, 38.726653999999996], [-77.216192, 38.726813], [-77.21622200000002, 38.726854], [-77.216228, 38.726965], [-77.21629, 38.727102], [-77.216301, 38.72714], [-77.216376, 38.727312000000005], [-77.216402, 38.727351], [-77.216413, 38.727404], [-77.21643999999999, 38.727465], [-77.216536, 38.727559], [-77.216568, 38.727597], [-77.216683, 38.727764], [-77.216737, 38.727806], [-77.216761, 38.727851], [-77.216784, 38.727916], [-77.216815, 38.72797599999999], [-77.216828, 38.72801900000001], [-77.216827, 38.728103], [-77.21683799999998, 38.72815], [-77.216858, 38.728317], [-77.216869, 38.728357], [-77.216907, 38.728437], [-77.217134, 38.72869], [-77.217179, 38.728722], [-77.21723, 38.728766], [-77.217282, 38.728822], [-77.217324, 38.728882000000006], [-77.217383, 38.728947000000005], [-77.21753, 38.729072], [-77.217591, 38.729136], [-77.217741, 38.729273], [-77.217778, 38.729299], [-77.21782500000002, 38.729344], [-77.217859, 38.729383], [-77.217924, 38.729471], [-77.217971, 38.72954599999999], [-77.218033, 38.729622], [-77.21803999999999, 38.729698], [-77.218085, 38.729791], [-77.21814199999999, 38.729888], [-77.218262, 38.730008], [-77.21829, 38.730026], [-77.218434, 38.73009], [-77.218509, 38.73013099999999], [-77.21855500000001, 38.730166], [-77.2186, 38.730214], [-77.21876300000001, 38.730407], [-77.218808, 38.730477], [-77.21883199999999, 38.730542], [-77.21882, 38.73058999999999], [-77.21882, 38.730621], [-77.218909, 38.73081], [-77.218962, 38.730872], [-77.219029, 38.73093], [-77.21905900000002, 38.730973999999996], [-77.219182, 38.731302], [-77.219211, 38.73135], [-77.21937000000001, 38.731544], [-77.219431, 38.73158], [-77.219517, 38.73161600000001], [-77.219623, 38.731668], [-77.219749, 38.731722], [-77.219882, 38.731779], [-77.219944, 38.731795], [-77.220013, 38.731826], [-77.22006099999999, 38.731856], [-77.220109, 38.731891999999995], [-77.220309, 38.732106], [-77.220496, 38.732328], [-77.22053299999999, 38.732365], [-77.22065899999998, 38.732472], [-77.22082, 38.73264], [-77.22085, 38.732679], [-77.220886, 38.732741000000004], [-77.22092699999999, 38.732834], [-77.220942, 38.732895], [-77.220952, 38.73298], [-77.22097400000001, 38.733056], [-77.22098699999998, 38.733132999999995], [-77.220992, 38.733238], [-77.22097400000001, 38.733439], [-77.22096200000001, 38.733498], [-77.220933, 38.733595], [-77.220923, 38.73363], [-77.220906, 38.73372199999999], [-77.220907, 38.733788999999994], [-77.22092, 38.733853999999994], [-77.220944, 38.733914], [-77.220961, 38.733938], [-77.220977, 38.733961], [-77.221004, 38.734], [-77.22105699999999, 38.73405699999999], [-77.22112, 38.734111999999996], [-77.22116600000001, 38.734146], [-77.221193, 38.734167], [-77.221293, 38.73423400000001], [-77.221502, 38.734375], [-77.221666, 38.734469], [-77.221728, 38.73450999999999], [-77.22177, 38.734549], [-77.221809, 38.734596], [-77.22192, 38.73477199999999], [-77.22197000000001, 38.734838], [-77.222043, 38.734912], [-77.222177, 38.735047], [-77.22223, 38.735114], [-77.222343, 38.73528400000001], [-77.222401, 38.735359], [-77.222473, 38.735437], [-77.222556, 38.735515], [-77.22264899999999, 38.735593], [-77.22275499999999, 38.735673], [-77.22296799999998, 38.735824], [-77.22319299999998, 38.735974], [-77.223403, 38.736108], [-77.22356, 38.736195], [-77.223592, 38.736201], [-77.223699, 38.736201], [-77.223725, 38.73620999999999], [-77.22373999999999, 38.736226], [-77.223762, 38.73628099999999], [-77.223766, 38.736316], [-77.223762, 38.73635199999999], [-77.22374799999999, 38.736399000000006], [-77.22370000000001, 38.736516], [-77.223679, 38.736591], [-77.223663, 38.736673], [-77.22364100000001, 38.736891], [-77.22364, 38.736946], [-77.223655, 38.737058999999995], [-77.22366999999998, 38.737117], [-77.223717, 38.737232], [-77.22378300000001, 38.737345], [-77.223881, 38.737482], [-77.223928, 38.737547], [-77.224213, 38.737912], [-77.224263, 38.73796900000001], [-77.22433099999999, 38.738033], [-77.224418, 38.738088], [-77.224555, 38.738163], [-77.224628, 38.738214], [-77.224901, 38.738453], [-77.225514, 38.739028], [-77.22564299999999, 38.739169], [-77.225677, 38.739221], [-77.225701, 38.739282], [-77.225716, 38.739352000000004], [-77.22578000000001, 38.739824], [-77.225794, 38.739959], [-77.22579299999998, 38.740073], [-77.225783, 38.740115], [-77.225743, 38.74021], [-77.225734, 38.740265], [-77.225713, 38.740338], [-77.22567300000001, 38.740435], [-77.225629, 38.740519], [-77.22555299999999, 38.74061], [-77.225519, 38.740706], [-77.22538699999998, 38.740935], [-77.225369, 38.740975000000006], [-77.22535800000001, 38.741021], [-77.225346, 38.741257], [-77.22535900000001, 38.741392], [-77.225378, 38.741485], [-77.225408, 38.741573], [-77.22544199999999, 38.741648], [-77.225511, 38.74175700000001], [-77.225537, 38.741814], [-77.225552, 38.741865], [-77.22557199999999, 38.74202699999999], [-77.225638, 38.742357], [-77.22566100000002, 38.74242499999999], [-77.22569799999998, 38.74246800000001], [-77.225736, 38.742537], [-77.225748, 38.742585], [-77.22574499999999, 38.742634], [-77.225705, 38.742851], [-77.225621, 38.743204], [-77.2256, 38.743251], [-77.225554, 38.743296], [-77.225364, 38.743389], [-77.225264, 38.743411], [-77.22514699999999, 38.743466], [-77.22503500000002, 38.74352400000001], [-77.224804, 38.743575], [-77.224754, 38.743609], [-77.224704, 38.743653], [-77.22467300000001, 38.743674], [-77.224633, 38.743688], [-77.22439799999998, 38.743708], [-77.224348, 38.743722999999996], [-77.224117, 38.74384700000001], [-77.224046, 38.743901], [-77.223813, 38.744032], [-77.22379599999998, 38.74405599999999], [-77.223785, 38.744097], [-77.22377900000001, 38.744181999999995], [-77.22376399999999, 38.744223], [-77.22375, 38.74426], [-77.22373, 38.744369], [-77.22368199999998, 38.744484], [-77.223634, 38.744569999999996], [-77.22358600000001, 38.744693], [-77.223457, 38.744966000000005], [-77.22336199999998, 38.74517099999999], [-77.22333799999998, 38.74523599999999], [-77.22335399999999, 38.745275], [-77.22325800000002, 38.745454], [-77.223261, 38.745478], [-77.223226, 38.745505], [-77.22319, 38.745518], [-77.223131, 38.745529], [-77.22307499999998, 38.745568], [-77.223057, 38.745593], [-77.22299599999998, 38.745626], [-77.222863, 38.745682], [-77.222793, 38.745712], [-77.222737, 38.745749999999994], [-77.222705, 38.745781], [-77.22265, 38.745859], [-77.22263699999999, 38.745893], [-77.222622, 38.745988], [-77.222604, 38.746195], [-77.222596, 38.74625], [-77.222625, 38.746254], [-77.22264400000002, 38.746265], [-77.22265600000001, 38.746367], [-77.222666, 38.746456], [-77.22267, 38.746486], [-77.222671, 38.746827], [-77.222732, 38.747060000000005], [-77.222726, 38.747147], [-77.22265699999998, 38.74748], [-77.222622, 38.7476], [-77.222614, 38.747736], [-77.22258, 38.747873], [-77.222546, 38.747975999999994], [-77.222544, 38.748125], [-77.222556, 38.748176], [-77.222584, 38.748228], [-77.22267299999999, 38.748353], [-77.222725, 38.748448], [-77.22278699999998, 38.748689000000006], [-77.222806, 38.748741], [-77.222801, 38.748763999999994], [-77.22278, 38.748789], [-77.222761, 38.7488], [-77.22263200000002, 38.748842], [-77.222555, 38.74887600000001], [-77.222465, 38.74891], [-77.222302, 38.748988], [-77.222109, 38.749059], [-77.221993, 38.749092], [-77.22187200000002, 38.749116], [-77.22176900000001, 38.74914400000001], [-77.221702, 38.749145], [-77.22157799999998, 38.749167], [-77.221419, 38.749186], [-77.22134300000002, 38.7492], [-77.221276, 38.749222], [-77.22118, 38.749268], [-77.221097, 38.749324], [-77.22105299999998, 38.749364], [-77.221038, 38.749413], [-77.221031, 38.74952], [-77.221034, 38.749565], [-77.221049, 38.749617], [-77.221117, 38.749708], [-77.22113, 38.749755], [-77.22112399999999, 38.749773], [-77.221104, 38.749789], [-77.221314, 38.749886], [-77.22141, 38.749911], [-77.221493, 38.749927], [-77.22157699999998, 38.749936000000005], [-77.221606, 38.749935], [-77.22165599999998, 38.749933], [-77.221723, 38.74994399999999], [-77.221779, 38.749973], [-77.22197199999998, 38.750115], [-77.222034, 38.750165], [-77.222096, 38.750233], [-77.222214, 38.750343], [-77.222326, 38.75043], [-77.222612, 38.750591], [-77.222701, 38.750632], [-77.22278600000001, 38.75065899999999], [-77.223026, 38.750775], [-77.22307300000001, 38.750793], [-77.223182, 38.750816], [-77.223431, 38.750857], [-77.223537, 38.750883], [-77.22364, 38.750887], [-77.223711, 38.750901], [-77.22373599999999, 38.750916], [-77.223755, 38.750944], [-77.22375900000002, 38.75097600000001], [-77.22375199999999, 38.750995], [-77.223722, 38.751036], [-77.22366099999999, 38.75110000000001], [-77.22353800000002, 38.751262], [-77.22347500000001, 38.75136], [-77.223323, 38.751538], [-77.223296, 38.751578], [-77.22325, 38.751658], [-77.22314499999999, 38.751848], [-77.223053, 38.75209100000001], [-77.223039, 38.752175], [-77.223053, 38.752253], [-77.22308100000001, 38.752316], [-77.223118, 38.75237], [-77.22315600000002, 38.752407], [-77.22323500000002, 38.752455], [-77.22328699999998, 38.752474], [-77.223424, 38.752504], [-77.223523, 38.752531], [-77.22365600000002, 38.75255799999999], [-77.22376300000002, 38.752584], [-77.223841, 38.752584], [-77.223918, 38.752569], [-77.223991, 38.752537], [-77.224031, 38.752509], [-77.224117, 38.752424000000005], [-77.224144, 38.75239], [-77.224172, 38.752379], [-77.224274, 38.752358], [-77.22435499999999, 38.752358], [-77.224416, 38.752374], [-77.22444899999999, 38.752392], [-77.224491, 38.752423], [-77.224529, 38.752443], [-77.22455800000002, 38.752448], [-77.22476499999999, 38.752444], [-77.225018, 38.752464], [-77.225089, 38.75248], [-77.225247, 38.752529], [-77.225373, 38.752561], [-77.22546900000002, 38.75260900000001], [-77.225669, 38.752680000000005], [-77.225831, 38.752748], [-77.225861, 38.752767], [-77.225892, 38.752795], [-77.22597300000001, 38.752894], [-77.22609, 38.752998], [-77.226101, 38.753019], [-77.226104, 38.75305800000001], [-77.226126, 38.753073], [-77.226164, 38.753075], [-77.226298, 38.753149], [-77.226439, 38.753217], [-77.226511, 38.753262], [-77.226553, 38.753308], [-77.226602, 38.753396], [-77.226622, 38.753455], [-77.22662, 38.753511], [-77.226602, 38.753563], [-77.226567, 38.753657], [-77.226567, 38.753682], [-77.22658000000001, 38.75371400000001], [-77.226605, 38.753743], [-77.226633, 38.75379100000001], [-77.226641, 38.753823], [-77.226638, 38.753861], [-77.226616, 38.753898], [-77.226598, 38.753916], [-77.226565, 38.753932], [-77.226495, 38.75398800000001], [-77.226417, 38.75404300000001], [-77.226344, 38.75407], [-77.22626500000001, 38.754107], [-77.226212, 38.754141], [-77.22607900000001, 38.75432], [-77.226069, 38.754351], [-77.22608099999998, 38.754404], [-77.22608399999999, 38.754476], [-77.226071, 38.754534], [-77.22597099999999, 38.754645999999994], [-77.225913, 38.754688], [-77.225799, 38.754753], [-77.225715, 38.75479], [-77.22565499999999, 38.754798], [-77.225609, 38.754832], [-77.225573, 38.754875], [-77.22543399999999, 38.75493], [-77.225313, 38.755057], [-77.225279, 38.75510899999999], [-77.225267, 38.75514600000001], [-77.22527, 38.75528], [-77.225267, 38.755409], [-77.22525500000002, 38.755579], [-77.225216, 38.755669], [-77.225158, 38.755734], [-77.2251, 38.755787], [-77.225065, 38.755798], [-77.225042, 38.75581400000001], [-77.225004, 38.755868], [-77.225002, 38.755893], [-77.22506799999998, 38.75599900000001], [-77.225109, 38.756052], [-77.225146, 38.756062], [-77.225193, 38.756062], [-77.22523699999999, 38.756069], [-77.22527200000002, 38.756087], [-77.225332, 38.75615499999999], [-77.225346, 38.756198], [-77.225336, 38.7564], [-77.225345, 38.756441], [-77.22536699999999, 38.75648], [-77.225395, 38.756505], [-77.225408, 38.756523], [-77.225476, 38.756616], [-77.225512, 38.756634], [-77.225735, 38.756666], [-77.225767, 38.756676], [-77.225819, 38.756706], [-77.225919, 38.756792], [-77.22596199999998, 38.756839], [-77.22600100000001, 38.756882], [-77.22604899999999, 38.756949], [-77.22609100000001, 38.756982], [-77.226233, 38.757062999999995], [-77.22629399999998, 38.75712000000001], [-77.22636799999998, 38.757208], [-77.226425, 38.757265], [-77.22646, 38.757301], [-77.2265, 38.757343], [-77.226582, 38.757424], [-77.226602, 38.757435], [-77.226726, 38.75743], [-77.22680100000001, 38.75744300000001], [-77.226837, 38.75745499999999], [-77.226957, 38.757515], [-77.22697400000001, 38.75752599999999], [-77.227032, 38.75756], [-77.227064, 38.75757900000001], [-77.227166, 38.757665], [-77.227207, 38.757709000000006], [-77.227225, 38.757739], [-77.227255, 38.757842999999994], [-77.227261, 38.757923], [-77.22729700000001, 38.75802], [-77.227295, 38.75809], [-77.227268, 38.75816400000001], [-77.227257, 38.758234], [-77.227245, 38.758275], [-77.227121, 38.75852], [-77.227067, 38.758646], [-77.227022, 38.758799], [-77.22696699999999, 38.758919], [-77.22689, 38.759087], [-77.226852, 38.75921400000001], [-77.226846, 38.75927], [-77.226849, 38.759333], [-77.226861, 38.759392], [-77.226914, 38.759548], [-77.22693, 38.759615], [-77.226938, 38.759712], [-77.227022, 38.7601], [-77.227047, 38.760263], [-77.22707, 38.760314], [-77.227154, 38.760416], [-77.227189, 38.760488], [-77.22719500000001, 38.760517], [-77.22721099999998, 38.760776], [-77.227216, 38.760948], [-77.227232, 38.761007], [-77.227378, 38.761268], [-77.227402, 38.761293], [-77.227555, 38.76136900000001], [-77.22758499999999, 38.761377], [-77.227608, 38.761378], [-77.22765, 38.761373000000006], [-77.227717, 38.761352], [-77.227775, 38.761319], [-77.227931, 38.761256], [-77.22805799999999, 38.761221], [-77.228265, 38.761238999999996], [-77.228328, 38.76124], [-77.22866099999999, 38.761223], [-77.228706, 38.761216], [-77.22886800000002, 38.76117000000001], [-77.22889, 38.761163], [-77.228982, 38.761146], [-77.22914, 38.76113], [-77.22919, 38.76112], [-77.229319, 38.761076], [-77.229407, 38.761036], [-77.229456, 38.761001], [-77.229596, 38.76078999999999], [-77.229779, 38.760643], [-77.229994, 38.76045500000001], [-77.23007499999999, 38.760368], [-77.230101, 38.760324], [-77.23012, 38.760304], [-77.23015799999999, 38.760279], [-77.230191, 38.76026999999999], [-77.230309, 38.760269], [-77.23036500000002, 38.760262000000004], [-77.23037400000001, 38.760244], [-77.23066999999999, 38.760182], [-77.230928, 38.760152], [-77.230972, 38.760141], [-77.231086, 38.760068], [-77.23111199999998, 38.76006100000001], [-77.231145, 38.760065], [-77.231248, 38.760064], [-77.231274, 38.760068999999994], [-77.231329, 38.760099], [-77.231331, 38.760119], [-77.231346, 38.760133999999994], [-77.2314, 38.76015], [-77.231438, 38.76018], [-77.231502, 38.760315], [-77.231537, 38.760372], [-77.23160099999998, 38.760443], [-77.231616, 38.760475], [-77.231626, 38.760568], [-77.231615, 38.76059], [-77.231582, 38.760627], [-77.23157100000002, 38.760751], [-77.231562, 38.760779], [-77.231532, 38.760817], [-77.23148800000001, 38.760852], [-77.231464, 38.760883], [-77.23143400000001, 38.760953], [-77.231423, 38.761011], [-77.231429, 38.76106], [-77.2314, 38.761186], [-77.231396, 38.76123700000001], [-77.23139899999998, 38.76126], [-77.231414, 38.761294], [-77.231552, 38.761445], [-77.23156399999999, 38.761474], [-77.231552, 38.76156400000001], [-77.231553, 38.761604], [-77.231589, 38.761686], [-77.231597, 38.761754], [-77.231589, 38.761777], [-77.231565, 38.761797], [-77.231471, 38.761832000000005], [-77.231425, 38.761857], [-77.231352, 38.761986], [-77.23133, 38.76204], [-77.23131999999998, 38.762091999999996], [-77.231325, 38.762115], [-77.231385, 38.762152], [-77.231437, 38.762192], [-77.231473, 38.762257], [-77.23148499999999, 38.76229899999999], [-77.231475, 38.76233], [-77.231442, 38.762367], [-77.231427, 38.762442], [-77.231407, 38.762494000000004], [-77.231353, 38.762589], [-77.231306, 38.762815], [-77.231302, 38.762863], [-77.23131, 38.762968], [-77.231319, 38.762999], [-77.23135, 38.763034], [-77.231407, 38.763076], [-77.231453, 38.763093], [-77.23150499999998, 38.763101], [-77.231568, 38.763098], [-77.23169800000001, 38.763086], [-77.231854, 38.763082], [-77.231971, 38.763093], [-77.23207, 38.763091], [-77.23210700000001, 38.763101], [-77.23214, 38.763133], [-77.23217899999999, 38.76315799999999], [-77.232213, 38.763163], [-77.232266, 38.76314000000001], [-77.23248100000002, 38.76301999999999], [-77.232718, 38.762944], [-77.232788, 38.762908], [-77.232891, 38.762883], [-77.232949, 38.762876000000006], [-77.232999, 38.762876000000006], [-77.233071, 38.76288999999999], [-77.23316, 38.762898], [-77.23348299999999, 38.762894], [-77.233572, 38.76287200000001], [-77.23369500000001, 38.762828], [-77.233737, 38.76280700000001], [-77.233804, 38.76276], [-77.233864, 38.762697], [-77.233924, 38.762655], [-77.233946, 38.762648], [-77.23397899999999, 38.76265], [-77.234008, 38.762662], [-77.234061, 38.76272], [-77.234171, 38.762808], [-77.234281, 38.76287200000001], [-77.234333, 38.762913], [-77.23437799999999, 38.762962], [-77.234412, 38.763026], [-77.234574, 38.763203], [-77.2346, 38.763241], [-77.234624, 38.763287], [-77.234639, 38.763328], [-77.23466499999999, 38.763399], [-77.23470700000001, 38.763486], [-77.234723, 38.76354599999999], [-77.234735, 38.763572], [-77.234783, 38.763617], [-77.234804, 38.763645], [-77.234824, 38.763688], [-77.234808, 38.76385100000001], [-77.234757, 38.764003], [-77.234722, 38.764169], [-77.234608, 38.764415], [-77.23455799999999, 38.764481], [-77.234489, 38.764588], [-77.234453, 38.76468], [-77.234407, 38.764837], [-77.234377, 38.764909], [-77.234333, 38.764981], [-77.234264, 38.76514], [-77.234253, 38.765201], [-77.234257, 38.765223], [-77.234284, 38.765275], [-77.234366, 38.765367], [-77.234394, 38.765418], [-77.234412, 38.765465], [-77.23442199999998, 38.765511], [-77.234418, 38.765546], [-77.23437799999999, 38.76562799999999], [-77.23436, 38.765727], [-77.234362, 38.76574800000001], [-77.234423, 38.76582499999999], [-77.234502, 38.765885], [-77.234655, 38.765905], [-77.234698, 38.765914], [-77.23473199999998, 38.765912], [-77.234939, 38.765871], [-77.234965, 38.765853], [-77.235067, 38.765848], [-77.23511300000001, 38.765801], [-77.23526, 38.765702], [-77.23528700000001, 38.765691000000004], [-77.235453, 38.765659], [-77.235625, 38.765682999999996], [-77.23600899999998, 38.76585], [-77.23611400000001, 38.765901], [-77.23629500000001, 38.76601599999999], [-77.236354, 38.766033], [-77.236492, 38.766073], [-77.236601, 38.766076999999996], [-77.23675299999998, 38.766055], [-77.23692100000001, 38.766009], [-77.237084, 38.765992], [-77.23719399999999, 38.766047], [-77.237306, 38.766092], [-77.237483, 38.766101], [-77.237567, 38.766101], [-77.237777, 38.766085000000004], [-77.23791499999999, 38.766035], [-77.23808, 38.766], [-77.23822699999998, 38.765999], [-77.238458, 38.766025], [-77.238799, 38.766147], [-77.238901, 38.76621299999999], [-77.238967, 38.766313], [-77.23901099999999, 38.766353], [-77.239157, 38.766474], [-77.239179, 38.766501], [-77.239193, 38.766519], [-77.239252, 38.766541], [-77.239292, 38.766584], [-77.23945, 38.766611000000005], [-77.239866, 38.766854], [-77.240183, 38.766996], [-77.240351, 38.767112], [-77.240479, 38.767234], [-77.24053999999998, 38.767329999999994], [-77.24049900000001, 38.767443], [-77.24041399999999, 38.767612], [-77.24041299999999, 38.767766], [-77.24041200000002, 38.767869], [-77.240387, 38.76803], [-77.24032999999999, 38.768117], [-77.240323, 38.768208], [-77.240123, 38.768595], [-77.24010599999998, 38.76868900000001], [-77.240044, 38.768729], [-77.239975, 38.768736], [-77.239903, 38.768761999999995], [-77.239852, 38.76882100000001], [-77.239783, 38.768851], [-77.239731, 38.768854], [-77.239668, 38.768848], [-77.239549, 38.768861], [-77.239487, 38.768917], [-77.239349, 38.768989], [-77.239304, 38.769058], [-77.239172, 38.76909499999999], [-77.239078, 38.769104], [-77.239047, 38.769153], [-77.238984, 38.769202], [-77.238863, 38.769366], [-77.238831, 38.769543], [-77.238877, 38.769655], [-77.238945, 38.769766], [-77.23902699999998, 38.769904], [-77.239188, 38.770015], [-77.23922, 38.770026], [-77.239272, 38.770045], [-77.23946699999999, 38.770169], [-77.23951899999999, 38.770211], [-77.23959600000002, 38.770228], [-77.239776, 38.770293], [-77.239883, 38.770373], [-77.239927, 38.770417], [-77.240029, 38.770489], [-77.240372, 38.770593], [-77.24051100000001, 38.770641], [-77.240659, 38.770715], [-77.2408, 38.770825], [-77.24094599999998, 38.770999], [-77.24109899999999, 38.7712], [-77.241321, 38.771446999999995], [-77.241563, 38.771865], [-77.241641, 38.772105], [-77.241752, 38.772249], [-77.24183899999998, 38.772296000000004], [-77.24195, 38.77233], [-77.24203599999998, 38.772426], [-77.242078, 38.772522], [-77.24222900000001, 38.772835], [-77.24231599999999, 38.772926], [-77.242332, 38.77294800000001], [-77.242448, 38.773097], [-77.242493, 38.773211], [-77.242592, 38.773363], [-77.242667, 38.77343], [-77.242773, 38.773494], [-77.24294299999998, 38.773549], [-77.24300899999999, 38.773548], [-77.243086, 38.77356], [-77.243202, 38.773652], [-77.243383, 38.773778], [-77.243572, 38.77392699999999], [-77.24375, 38.774034], [-77.24380899999998, 38.774052], [-77.243881, 38.774087], [-77.24393500000001, 38.774129], [-77.244019, 38.774209], [-77.244073, 38.774234], [-77.24411200000002, 38.774294], [-77.244119, 38.774347], [-77.2442, 38.774481], [-77.244208, 38.774572], [-77.244186, 38.774631], [-77.244172, 38.77470700000001], [-77.24413, 38.774754], [-77.244121, 38.774802], [-77.244122, 38.774825], [-77.24414799999998, 38.77492199999999], [-77.244172, 38.774963], [-77.244191, 38.774982], [-77.24420699999999, 38.774997], [-77.244267, 38.77503000000001], [-77.244319, 38.775052], [-77.24435600000001, 38.775068], [-77.244567, 38.775108], [-77.244848, 38.775104], [-77.245004, 38.77508], [-77.24517199999998, 38.775049], [-77.245293, 38.77501], [-77.245379, 38.775003], [-77.245563, 38.77503000000001], [-77.24562000000002, 38.775056], [-77.24570399999999, 38.77510100000001], [-77.24582, 38.77517399999999], [-77.245927, 38.775238], [-77.245957, 38.775254], [-77.24602699999998, 38.775291], [-77.24626, 38.77537699999999], [-77.246363, 38.775419], [-77.246488, 38.775483], [-77.246599, 38.77555600000001], [-77.24662, 38.775578], [-77.246726, 38.775809], [-77.246761, 38.775862], [-77.246896, 38.775973], [-77.24694400000001, 38.775999], [-77.247049, 38.77603299999999], [-77.247119, 38.77606], [-77.24714900000001, 38.776079], [-77.247211, 38.776144], [-77.24723200000001, 38.776179], [-77.247251, 38.776229], [-77.247246, 38.776256], [-77.247207, 38.776296], [-77.24712699999999, 38.776379], [-77.24704399999999, 38.776442], [-77.24701, 38.77647999999999], [-77.246987, 38.776525], [-77.246981, 38.776561], [-77.246989, 38.776597], [-77.24703500000001, 38.776688], [-77.247095, 38.776771], [-77.247184, 38.77686], [-77.247402, 38.777023], [-77.24752, 38.777089], [-77.24766, 38.777154], [-77.24772, 38.777174], [-77.247793, 38.777193], [-77.2479, 38.777206], [-77.248008, 38.7772], [-77.248091, 38.777186], [-77.248184, 38.777158], [-77.248277, 38.777145], [-77.248333, 38.77714799999999], [-77.248478, 38.777174], [-77.248586, 38.777186], [-77.248789, 38.777243], [-77.248841, 38.777253], [-77.248977, 38.777263], [-77.24917, 38.777285], [-77.249243, 38.777301], [-77.249316, 38.777322], [-77.24937199999998, 38.777347], [-77.249589, 38.777474], [-77.249697, 38.777564], [-77.249816, 38.777632], [-77.249905, 38.777688], [-77.249953, 38.777738], [-77.24997899999998, 38.77777600000001], [-77.250006, 38.777839], [-77.250012, 38.777891], [-77.25000999999999, 38.777934], [-77.24999, 38.778008], [-77.24997, 38.778049], [-77.249941, 38.778089], [-77.249899, 38.77813], [-77.24978199999998, 38.778216], [-77.249702, 38.778262], [-77.24959199999999, 38.778315], [-77.249524, 38.778366999999996], [-77.249491, 38.778399], [-77.249464, 38.778433], [-77.249441, 38.778472], [-77.249394, 38.77858599999999], [-77.24937, 38.778689], [-77.249367, 38.778746], [-77.249379, 38.778837], [-77.249398, 38.778893], [-77.24943800000001, 38.778963999999995], [-77.24949000000001, 38.779009], [-77.249574, 38.779051], [-77.249611, 38.77906], [-77.24967, 38.77906], [-77.249702, 38.779064], [-77.249764, 38.779077], [-77.249816, 38.779096], [-77.249874, 38.779131], [-77.249948, 38.779205], [-77.250035, 38.779281], [-77.25013299999999, 38.779375], [-77.250142, 38.779418], [-77.250134, 38.779489], [-77.25015299999998, 38.77954100000001], [-77.250224, 38.779638], [-77.250327, 38.779741], [-77.25037, 38.779768], [-77.250855, 38.779942], [-77.251138, 38.780016], [-77.251217, 38.780043], [-77.25124799999999, 38.78006100000001], [-77.251378, 38.780159], [-77.251474, 38.780204], [-77.251608, 38.78027599999999], [-77.251736, 38.78032700000001], [-77.251781, 38.780359], [-77.251811, 38.780395], [-77.251828, 38.780439], [-77.251829, 38.780508], [-77.251837, 38.780577], [-77.25186, 38.780637], [-77.25188, 38.78066200000001], [-77.25195299999999, 38.780705], [-77.252026, 38.78073], [-77.25214199999999, 38.780756], [-77.252224, 38.780763], [-77.252283, 38.78078], [-77.252343, 38.780786000000006], [-77.252512, 38.780778], [-77.25273900000002, 38.780722999999995], [-77.25278799999998, 38.780722999999995], [-77.252989, 38.780808], [-77.25308700000001, 38.780824], [-77.25324099999999, 38.780838], [-77.253309, 38.780852], [-77.25338, 38.780885], [-77.253429, 38.780924000000006], [-77.25346999999998, 38.780984], [-77.253495, 38.78103800000001], [-77.25352799999999, 38.78113], [-77.253537, 38.781201], [-77.253546, 38.781227], [-77.25361, 38.781313999999995], [-77.25365300000001, 38.78136700000001], [-77.25369, 38.781433], [-77.253711, 38.781449], [-77.25377699999999, 38.781474], [-77.25385999999999, 38.781512], [-77.25394500000002, 38.781563], [-77.254162, 38.781725], [-77.254175, 38.781752], [-77.254164, 38.781807], [-77.254161, 38.781872], [-77.254149, 38.781934], [-77.254124, 38.782004], [-77.254086, 38.782082], [-77.254081, 38.78214], [-77.25408799999998, 38.78229100000001], [-77.254094, 38.782317], [-77.254093, 38.782357999999995], [-77.254079, 38.782381], [-77.254032, 38.782408], [-77.25401, 38.782431], [-77.25398100000001, 38.782497], [-77.25395700000001, 38.782528], [-77.253885, 38.78258], [-77.253845, 38.782623], [-77.253812, 38.782675], [-77.253805, 38.782713], [-77.253818, 38.782764], [-77.253865, 38.782818], [-77.25390299999998, 38.78288799999999], [-77.253919, 38.782951000000004], [-77.253914, 38.783015], [-77.253884, 38.783077000000006], [-77.253793, 38.78339600000001], [-77.253787, 38.783431], [-77.253797, 38.783541], [-77.253793, 38.783647], [-77.253775, 38.783712], [-77.25377200000001, 38.783754], [-77.253791, 38.783831], [-77.253883, 38.784008], [-77.253919, 38.784048], [-77.25396500000001, 38.784078], [-77.254229, 38.784191], [-77.251599, 38.787236], [-77.24875300000001, 38.790530999999994], [-77.248171, 38.791282], [-77.24812, 38.791345], [-77.247985, 38.791515], [-77.246059, 38.793927], [-77.246307, 38.794188], [-77.246422, 38.794303], [-77.246586, 38.79444500000001], [-77.246708, 38.79455], [-77.24688, 38.794748], [-77.247391, 38.795291], [-77.24752, 38.795447], [-77.24766, 38.795678], [-77.24771299999999, 38.795782], [-77.247771, 38.79589300000001], [-77.247791, 38.795932], [-77.244174, 38.79603699999999], [-77.23982199999999, 38.796164], [-77.23874, 38.796192], [-77.238425, 38.796191], [-77.23826, 38.796187], [-77.237933, 38.796165], [-77.23777, 38.796147], [-77.237628, 38.796126], [-77.237453, 38.796101], [-77.23733, 38.796077], [-77.237148, 38.796042], [-77.236848, 38.79596599999999], [-77.236561, 38.79588], [-77.236421, 38.795831], [-77.236145, 38.795725], [-77.235571, 38.795467], [-77.234243, 38.79484300000001], [-77.231794, 38.793692], [-77.230631, 38.793146], [-77.23025900000002, 38.792978], [-77.230069, 38.79289899999999], [-77.22968099999999, 38.792753], [-77.229584, 38.792722], [-77.22927400000002, 38.79263499999999], [-77.22920400000001, 38.79261900000001], [-77.229116, 38.792598], [-77.228796, 38.792535], [-77.228455, 38.792488], [-77.228318, 38.792474], [-77.22811, 38.792459], [-77.227662, 38.792447], [-77.227438, 38.792449], [-77.225346, 38.792525], [-77.22285300000001, 38.792616], [-77.218947, 38.792758], [-77.218782, 38.792764], [-77.21872499999999, 38.79276699999999], [-77.217803, 38.792797], [-77.211405, 38.793032], [-77.21059, 38.793062], [-77.205702, 38.793241], [-77.20531399999999, 38.793264], [-77.205079, 38.793282], [-77.204729, 38.793317], [-77.204352, 38.793367]], [[-77.25130999999999, 39.11684199999999], [-77.25106599999998, 39.116763000000006], [-77.25083700000002, 39.117198], [-77.25077000000002, 39.117324], [-77.251011, 39.11740300000001], [-77.251079, 39.117276], [-77.251134, 39.117173], [-77.25130999999999, 39.11684199999999]]]}}