{"type": "Feature", "properties": {"name": "play-area-buffered"}, "geometry": {"type": "Polygon", "coordinates": [[[-77.55722473155201, 38.97620253332698], [-77.55744490938665, 38.976597432927164], [-77.55768641426911, 38.97694243990211], [-77.55791083870406, 38.97722540984183], [-77.55826491681007, 38.97761781599024], [-77.55852341418179, 38.977898919596], [-77.55858292450334, 38.97796804887825], [-77.55875985272648, 38.97818796900607], [-77.55887313051863, 38.9783063625695], [-77.55895388627039, 38.97839849314399], [-77.5590245742569, 38.978495503927185], [-77.55908471031142, 38.9785967304583], [-77.55923171031142, 38.9788737304583], [-77.55926001342947, 38.97893068934602], [-77.55937501342946, 38.97917868934602], [-77.55940590233665, 38.979251773365604], [-77.55948390233664, 38.9794557733656], [-77.55949890171344, 38.97949743884758], [-77.55954890171344, 38.97964543884758], [-77.55956754201067, 38.97970633357226], [-77.55963168825014, 38.979939825883925], [-77.55986954634321, 38.9806071499784], [-77.56018827964948, 38.98149740507521], [-77.56096693141204, 38.983673841347176], [-77.56190640427644, 38.986197054029695], [-77.5619454909728, 38.986325145054], [-77.56196832581769, 38.986455592537155], [-77.56197469083138, 38.98658715123723], [-77.56196452525393, 38.986718565304734], [-77.56193792612518, 38.98684858027081], [-77.56189514735844, 38.98697595502231], [-77.56183659731659, 38.98709947364938], [-77.56176283491396, 38.987217957052444], [-77.56167456428093, 38.98733027419781], [-77.56157262804237, 38.98743535291441], [-77.56145799927397, 38.98753219012867], [-77.56133177221339, 38.987619861439775], [-77.5611951518147, 38.98769752994397], [-77.56104944224602, 38.987764454223516], [-77.56089603443998, 38.98781999542424], [-77.56073639281603, 38.987863623353995], [-77.56057204130116, 38.98789492154383], [-77.55779604130115, 38.98831292154383], [-77.55763181690838, 38.98833135054773], [-77.5574660795724, 38.988337466572176], [-77.5573003506855, 38.988331213474886], [-77.55713615156246, 38.98831264865642], [-77.5569749894755, 38.988281942533234], [-77.55681834381828, 38.98823937697338], [-77.55666765252566, 38.98818534270908], [-77.55652429887424, 38.988120335749954], [-77.55569064213832, 38.98769942082937], [-77.55402176111676, 38.990253642904456], [-77.55393884619436, 38.990366674956974], [-77.55384230309649, 38.99047295587489], [-77.55373303246984, 38.990571494167796], [-77.5536120536957, 38.990661370575914], [-77.55348049538021, 38.990741746645845], [-77.5533395848256, 38.99081187255247], [-77.55319063658075, 38.990871094094004], [-77.55303504017789, 38.99091885879508], [-77.55287424716957, 38.99095472106071], [-77.55270975758734, 38.99097834633327], [-77.55254310594788, 38.99098951421354], [-77.55237584693765, 38.99098812051681], [-77.55220954090923, 38.99097417824482], [-77.55204573932488, 38.990947817464466], [-77.55188597028302, 38.990909284094414], [-77.5517317242626, 38.990858937610916], [-77.55129917649882, 38.99069822032253], [-77.55125363598357, 38.99068149115367], [-77.551226421707, 38.99067126719484], [-77.55079624008944, 38.990506038346275], [-77.55009459817768, 38.99024507679313], [-77.5501129231815, 38.9902916629696], [-77.55014733690129, 38.990428124108654], [-77.55016349126478, 38.9905666182617], [-77.55016449126477, 38.9905866182617], [-77.55016122084801, 38.99073692740208], [-77.55013645198954, 38.99088601765575], [-77.55012166031825, 38.990947734629046], [-77.55015529666312, 38.99096296507303], [-77.55029282318975, 38.99104016839944], [-77.55041998562207, 38.991127467406734], [-77.55053556459002, 38.991224024978195], [-77.5506384517982, 38.99132891521607], [-77.55072766065354, 38.991441132320034], [-77.55080233572562, 38.99155960023188], [-77.55086176094959, 38.991683182953956], [-77.55090536649257, 38.9918106954423], [-77.55093273421774, 38.991940914970144], [-77.55094360169392, 38.99207259285271], [-77.55093786471207, 38.99220446642092], [-77.55091557828457, 38.9923352711293], [-77.5508769561176, 38.99246375268172], [-77.55082236856204, 38.99258867905897], [-77.550752339062, 38.9927088523327], [-77.55066753913563, 38.99282312015239], [-77.55063853913562, 38.99285812015239], [-77.55053378137515, 38.99297123927411], [-77.55041456129184, 38.99307533014092], [-77.55030656129186, 38.99316033014092], [-77.55019003274589, 38.993244007944796], [-77.55006415573075, 38.993319041746055], [-77.54992998560327, 38.99338480245898], [-77.54991919149487, 38.99338957040871], [-77.54989838557705, 38.99340331967297], [-77.54974854785725, 38.99348295510579], [-77.54967254785726, 38.993518955105785], [-77.54950415264494, 38.9935891244646], [-77.54932684943522, 38.9936444365752], [-77.54925084943521, 38.9936644365752], [-77.54903192038886, 38.99370987447366], [-77.54899292038887, 38.99371587447366], [-77.54882576343232, 38.99373505342799], [-77.54865700000002, 38.99374146676248], [-77.548617, 38.99374146676248], [-77.54843017340414, 38.99373360284442], [-77.54824552747661, 38.99371010287908], [-77.5481658669445, 38.993692933868275], [-77.54815907957786, 38.99369205058084], [-77.54811387988931, 38.993729612670286], [-77.54799359196151, 38.99381260319262], [-77.5479505919615, 38.99383960319262], [-77.54782302443886, 38.99391247407341], [-77.54768744004309, 38.9939759798641], [-77.54765257932823, 38.99398909777528], [-77.54760573055513, 38.99401310379874], [-77.54747968486298, 38.99406661010456], [-77.54734837572997, 38.99411180823016], [-77.54734575210722, 38.99411261186235], [-77.54731177770134, 38.99418355288739], [-77.54728977770134, 38.99422255288739], [-77.5472132397339, 38.99434182515676], [-77.5471219288434, 38.99445462905734], [-77.54708349662265, 38.9944972730283], [-77.54707775818598, 38.99456392076605], [-77.54706375818598, 38.994659920766054], [-77.54704231426942, 38.994767768370636], [-77.5470097240499, 38.99487391207795], [-77.5469767240499, 38.99496491207795], [-77.54692159906823, 38.99509225200492], [-77.54685044823273, 38.99521468699948], [-77.54676397907234, 38.99533099955948], [-77.54666305144241, 38.99544003306469], [-77.54654866897435, 38.99554070327831], [-77.54642196909542, 38.9956320091287], [-77.54628421171807, 38.99571304266409], [-77.54628232607594, 38.995713937308714], [-77.54624547973292, 38.99573782945083], [-77.54624298514072, 38.99573908089883], [-77.54614356940495, 38.99581204219935], [-77.54602364634805, 38.99588565712367], [-77.54599864634805, 38.99589965712367], [-77.54587949319253, 38.99596074716376], [-77.54575808573388, 38.99601237905398], [-77.54573114961157, 38.996051805123365], [-77.54571314961156, 38.996074805123364], [-77.54561403033529, 38.996188062239185], [-77.54550064079584, 38.99629290150932], [-77.54537415350264, 38.9963882388388], [-77.54530215350265, 38.996437238838794], [-77.5451657680948, 38.99652104297264], [-77.54503856271198, 38.99658421137021], [-77.54496991228287, 38.99664302208944], [-77.54493591228285, 38.996669022089435], [-77.54487233966691, 38.99671372939993], [-77.54481488387067, 38.99679244384077], [-77.54474612506759, 38.99687887921795], [-77.5446761250676, 38.996959879217954], [-77.54457529954482, 38.99706509440202], [-77.54444522324575, 38.99718787050063], [-77.5444031386344, 38.99723897324298], [-77.54432401330905, 38.997327104954046], [-77.54427938762463, 38.99736921255666], [-77.54419780496222, 38.99745846006289], [-77.54416180496223, 38.99749446006289], [-77.5440683326507, 38.99757783973713], [-77.54406517814716, 38.997585105041225], [-77.54400517814719, 38.997704105041215], [-77.54390794070255, 38.997864880064924], [-77.54384203782007, 38.99795745792362], [-77.54375785328912, 38.99809750435502], [-77.54373685328912, 38.998127504355026], [-77.54372617215587, 38.99814107320803], [-77.54372222873815, 38.9981579330145], [-77.54368407554873, 38.99826759934171], [-77.54366007554871, 38.99832659934171], [-77.54359962048953, 38.998452885476134], [-77.54352325560235, 38.99857384154199], [-77.543499991355, 38.99860645945581], [-77.5434876317707, 38.998631254159996], [-77.5434455607491, 38.9986986991338], [-77.54344476942546, 38.99870047019145], [-77.54336470845625, 38.998850002231904], [-77.54332070845624, 38.998920002231905], [-77.54322983297422, 38.999046779566676], [-77.54315283297423, 38.999141779566685], [-77.54303246781237, 38.99927232578709], [-77.54298446781237, 38.99931832578708], [-77.54283348065584, 38.999445391881835], [-77.54278348065584, 38.999482391881834], [-77.54264200793408, 38.99957635551691], [-77.54248839903012, 38.99965797130826], [-77.54232442600821, 38.99972629771915], [-77.54215198049522, 38.999780546521905], [-77.54197305185842, 38.99982009189106], [-77.54188805185844, 38.99983509189106], [-77.54171029774331, 38.99985896520739], [-77.54153031632816, 38.999868322777544], [-77.54139336980387, 38.99986432681081], [-77.5413713783472, 38.99996560477135], [-77.5413493783472, 39.00004660477135], [-77.54129310704526, 39.0002052032904], [-77.54121241259024, 39.000357283381426], [-77.54119241259025, 39.00038928338142], [-77.54109860917103, 39.000520287241834], [-77.54098667740452, 39.00064236958307], [-77.54095167740451, 39.00067636958307], [-77.54084909488417, 39.000767328855204], [-77.54073643776799, 39.0008507603477], [-77.5406247478684, 39.000919733487365], [-77.54061773244234, 39.000929430709775], [-77.54052292668825, 39.00103531273086], [-77.54041553830409, 39.001133652908074], [-77.54029655220273, 39.001223549314126], [-77.54024555220273, 39.00125854931412], [-77.54012029270321, 39.00133678361454], [-77.53998625614572, 39.00140565166461], [-77.53985161880647, 39.00146164042734], [-77.53972665573842, 39.001564870787895], [-77.53971066442753, 39.00157656199079], [-77.53970984158646, 39.001578761526304], [-77.5396373768403, 39.00171489791236], [-77.53954624080657, 39.001844063877], [-77.53951824080657, 39.00187906387701], [-77.53941966682322, 39.001989575135696], [-77.53930742254603, 39.00209188845329], [-77.53918262662293, 39.00218498415572], [-77.53904652279395, 39.0022679344334], [-77.53890046749588, 39.002339912588], [-77.5388254674959, 39.002372912587994], [-77.53875952490753, 39.0023986880283], [-77.53875995005306, 39.00240194747736], [-77.53876879970547, 39.00253687123018], [-77.5387602405917, 39.00267180632985], [-77.53873435875157, 39.00280539635301], [-77.53869141435997, 39.00293629839755], [-77.53863183911172, 39.003063196582055], [-77.53855623188177, 39.003184815273514], [-77.53853380122663, 39.00321322818049], [-77.53848438210483, 39.00332116994652], [-77.53841971693589, 39.00344315784046], [-77.53821571693591, 39.00378015784046], [-77.53814169325388, 39.00388919897174], [-77.5380551674126, 39.00399251792112], [-77.53780016741258, 39.00426851792111], [-77.53768463411228, 39.004380462193964], [-77.53755444890706, 39.00448220668787], [-77.53741108972255, 39.00457259634993], [-77.53720208972256, 39.00469059634993], [-77.53707306437904, 39.004756812443134], [-77.5369369650346, 39.004813813785134], [-77.53679487580757, 39.004861146323776], [-77.53649087580757, 39.00495014632378], [-77.5363361048034, 39.004989106361606], [-77.53618825378976, 39.005020439026744], [-77.53600211996623, 39.00509038022104], [-77.53595921298623, 39.00510594375874], [-77.53565853918465, 39.00521113817417], [-77.53543946327486, 39.00530457915361], [-77.53527815385078, 39.00536516221615], [-77.53506415385078, 39.005435162216145], [-77.5349006867226, 39.00548126552155], [-77.5347321019108, 39.00551438259935], [-77.53440109474144, 39.005565808220844], [-77.53398300228415, 39.00568278354736], [-77.5338893982459, 39.00571814507292], [-77.53355632402966, 39.00584374606302], [-77.53299748501543, 39.00607272091815], [-77.53244091240686, 39.00634018738168], [-77.53227866132498, 39.00642692222215], [-77.53268250387947, 39.00803208472941], [-77.53272996488857, 39.00819911097297], [-77.53326607713682, 39.01008850628216], [-77.53328312911505, 39.010156973336024], [-77.53335612911505, 39.01049697333602], [-77.53337860250497, 39.01066889250726], [-77.53338960250497, 39.010898892507264], [-77.5333904654904, 39.01092250459223], [-77.53342244775224, 39.01218780282625], [-77.53342919024286, 39.01244112783091], [-77.5334357978066, 39.01259215785945], [-77.53363185391449, 39.01720445880559], [-77.53363265080243, 39.01723129439099], [-77.53367545991557, 39.0197659921136], [-77.5337020253696, 39.02045669391837], [-77.53370277056713, 39.02050489762158], [-77.53369877056713, 39.02103589762157], [-77.53368555582848, 39.02119432967593], [-77.53358755582849, 39.02180732967593], [-77.53354891053341, 39.021968376324914], [-77.53330680414632, 39.02272049370776], [-77.53303926303902, 39.02358455239505], [-77.53293788823119, 39.02391650519718], [-77.53292959917832, 39.02394249667332], [-77.5327957359967, 39.02434508519709], [-77.5325998724836, 39.02493567364732], [-77.53255358242436, 39.025052912829985], [-77.5323478102438, 39.025500417377955], [-77.53202603756344, 39.02620192179292], [-77.53201326833978, 39.02622885076815], [-77.53179726833979, 39.02666985076815], [-77.53162926833976, 39.0270128507682], [-77.53162845464891, 39.0270145087716], [-77.53151348352569, 39.02724831559364], [-77.53099037495886, 39.02835508229572], [-77.53089757687914, 39.02851746661805], [-77.53047557687916, 39.02914146661805], [-77.5303869246697, 39.02925795069044], [-77.53028369816302, 39.029366925674104], [-77.53023049394872, 39.02941755549092], [-77.52975711597864, 39.02988307656522], [-77.52964906501535, 39.02997954220189], [-77.52952974099524, 39.03006759819498], [-77.52882815639477, 39.0305381732319], [-77.52869426464825, 39.0306671881267], [-77.52842950531341, 39.03100244065906], [-77.52842476983983, 39.031008402159], [-77.52826999879046, 39.03120211560142], [-77.52824492276878, 39.03123353615873], [-77.52752747075976, 39.03245217023958], [-77.52752507181224, 39.0324562272226], [-77.52612407181225, 39.034815227222595], [-77.52607489155105, 39.03489158398468], [-77.52534506614795, 39.03594034113228], [-77.52485034824622, 39.03682276016004], [-77.52482202079422, 39.03687070327821], [-77.52473743708357, 39.037006772725775], [-77.52460748632113, 39.0372267608022], [-77.52450319273109, 39.0374071605255], [-77.52441123398846, 39.03757091161984], [-77.52402730734971, 39.038366599578666], [-77.52400170242386, 39.038416606649406], [-77.52375264743043, 39.03887610345898], [-77.52331078622295, 39.039755932823674], [-77.52325143182307, 39.03987841015675], [-77.52323497752194, 39.039911069301986], [-77.52272797752192, 39.040880069301984], [-77.52266179438841, 39.040991690308964], [-77.52246401360111, 39.04128882144524], [-77.5221574852798, 39.04180255606195], [-77.52210450651926, 39.04192028664095], [-77.52207805637046, 39.04197520282216], [-77.52189205637046, 39.04233720282217], [-77.52188853003727, 39.04234401202915], [-77.52179123533531, 39.04253041776659], [-77.52170558202033, 39.04270965525904], [-77.52152773403859, 39.043139093068596], [-77.52146526858543, 39.04332648942807], [-77.52145088238838, 39.04339909476629], [-77.5214762944656, 39.043520175840065], [-77.52168107907328, 39.044383959256315], [-77.52216778307026, 39.046238400812165], [-77.52218016144909, 39.046290836173156], [-77.52226516144908, 39.046695836173164], [-77.52228365908314, 39.04681987012085], [-77.52229665908314, 39.04696587012084], [-77.5223003324623, 39.04709031904486], [-77.5222853324623, 39.04759231904486], [-77.52227243163482, 39.04772810468642], [-77.52224198510852, 39.04786218413937], [-77.5221943037515, 39.04799318841253], [-77.52212987440465, 39.048119779913286], [-77.52204935491075, 39.048240666104704], [-77.52195356739782, 39.04835461270275], [-77.52184348988492, 39.04846045627873], [-77.52172024629621, 39.04855711613821], [-77.52158509498547, 39.048643605355224], [-77.52143941588781, 39.04871904084913], [-77.52128469643023, 39.04878265240103], [-77.52112251634448, 39.04883379051807], [-77.5209545315375, 39.048871933064824], [-77.52078245718423, 39.04889669059452], [-77.51452547299384, 39.04954458541002], [-77.51356690606079, 39.049644741019904], [-77.51051456679747, 39.053141127108404], [-77.51041421570726, 39.05324493455183], [-77.51030148466478, 39.05334074154263], [-77.51017742125187, 39.05342765777005], [-77.5100431783592, 39.05350487554303], [-77.50990000347292, 39.05357167729581], [-77.50974922708195, 39.05362744225617], [-77.50959225031416, 39.05367165221409], [-77.50958464463864, 39.053673168667025], [-77.50879920318033, 39.055361263616646], [-77.50851571033294, 39.05605649607568], [-77.5084579506225, 39.05617765490271], [-77.50838554011362, 39.05629395154738], [-77.50829914478538, 39.05640431639793], [-77.50819955923902, 39.05650773439895], [-77.50808769938978, 39.056603254387056], [-77.50796459404297, 39.05668999783904], [-77.50783137543188, 39.056767166951865], [-77.50768926880413, 39.05683405198031], [-77.50753958115287, 39.05689003776463], [-77.50738368919599, 39.05693460938842], [-77.50722302671407, 39.05696735691437], [-77.50705907136344, 39.056987979154606], [-77.50689333108592, 39.056996286440814], [-77.50672733023973, 39.05699220236861], [-77.50656259557961, 39.056975764500336], [-77.50640064221489, 39.0569471240195], [-77.5062429596745, 39.05690654434037], [-77.50609099820751, 39.05685439868525], [-77.50594615544472, 39.05679116665187], [-77.5058097635442, 39.05671742980235], [-77.50455876354421, 39.05596942980235], [-77.50454601288773, 39.05596173211839], [-77.50321970315515, 39.05515329593264], [-77.50183381636505, 39.054347895057326], [-77.50173378156117, 39.05430314264507], [-77.50162544008023, 39.0542504437605], [-77.50152238710906, 39.054191673160645], [-77.49861338710907, 39.05240067316065], [-77.49858658081136, 39.052383829080696], [-77.49839182432926, 39.052258940394864], [-77.49507502605788, 39.05030910710144], [-77.49494024842447, 39.05022116471427], [-77.49491522175023, 39.050203073142534], [-77.49367886272373, 39.04946059032635], [-77.49359083165834, 39.049545673680434], [-77.49347121664707, 39.049640431265146], [-77.49334019303964, 39.04972556589796], [-77.49319903385108, 39.04980025041749], [-77.49304911057291, 39.04986375919487], [-77.49289187984783, 39.04991547518382], [-77.49272886931716, 39.0499548959159], [-77.49256166277836, 39.04998163838237], [-77.49239188479689, 39.049995442755545], [-77.49222717743412, 39.050002474853585], [-77.49219330372185, 39.05003671555692], [-77.49207333254328, 39.05013553269911], [-77.49194117589899, 39.050224442026284], [-77.4917981787706, 39.05030253869246], [-77.49164579646524, 39.05036902789401], [-77.49159676123537, 39.05038561766556], [-77.49159710809315, 39.05038737483447], [-77.49162304969998, 39.05052007613084], [-77.49166299114101, 39.05072377748019], [-77.49166814950323, 39.05075209811043], [-77.49181014950324, 39.05159609811043], [-77.4918104199428, 39.05159771309451], [-77.4918324199428, 39.051729713094495], [-77.49184589565097, 39.05185945175726], [-77.49186189565097, 39.052244451757254], [-77.49185855322102, 39.052382311262775], [-77.49183712142822, 39.052519183226714], [-77.49179782468673, 39.05265363445059], [-77.49174107447625, 39.052784257083744], [-77.49166746503325, 39.05290968336499], [-77.49157776712872, 39.05302859994462], [-77.49147291999739, 39.05313976163661], [-77.49135402150284, 39.05324200445702], [-77.49122231664175, 39.05333425781222], [-77.4910791845074, 39.05341555570916], [-77.49101484029795, 39.05344831276124], [-77.4909220331697, 39.053502344308505], [-77.49077478505232, 39.053590547388715], [-77.49073445397639, 39.053618190036275], [-77.49061055095584, 39.053704634004085], [-77.49044455854657, 39.05383675041147], [-77.49034259071527, 39.05392917739306], [-77.49019605656026, 39.054078627650654], [-77.49013123607702, 39.0541514596543], [-77.49002571105414, 39.05427079168952], [-77.49000133851777, 39.05429764566302], [-77.48988347370292, 39.05442420542324], [-77.4887206566874, 39.05569443519694], [-77.48838135442351, 39.05608630541723], [-77.48819449727922, 39.05630511222869], [-77.4881158342437, 39.05639852458337], [-77.48797063666612, 39.05658281381644], [-77.48792457293455, 39.05664861914725], [-77.48780022197131, 39.05684471105085], [-77.48775332575666, 39.05692727480902], [-77.48762935812779, 39.05716225822493], [-77.48762647697552, 39.05716778043347], [-77.48758971583993, 39.05724342353935], [-77.48748621514096, 39.057474107300656], [-77.48747194584426, 39.057508682904164], [-77.48745779230805, 39.05754537725734], [-77.48737199460653, 39.05779723502624], [-77.48731753065722, 39.057929265567594], [-77.48724591591662, 39.05805624187788], [-77.48715790878309, 39.058176819280995], [-77.48705444125012, 39.058289720865076], [-77.48693660903643, 39.05839375100504], [-77.48680565998238, 39.058487808024154], [-77.48666298083535, 39.058570895860825], [-77.48651008256411, 39.058642134616825], [-77.48634858435776, 39.058700769875415], [-77.48618019647846, 39.058746180690584], [-77.48604719647845, 39.058776180690586], [-77.48587806849903, 39.05880726621601], [-77.48570578800656, 39.05882500667779], [-77.48553208981785, 39.05882922343441], [-77.48535872302557, 39.05881987402428], [-77.48518743338528, 39.05879705259337], [-77.48501994573618, 39.05876098894719], [-77.48485794663252, 39.058712046236636], [-77.48470306736039, 39.05865071730126], [-77.48455686751113, 39.05857761970646], [-77.48442081927675, 39.05849348952474], [-77.48429629262526, 39.05839917392374], [-77.48418454150554, 39.05829562263543], [-77.48408669122043, 39.05818387839258], [-77.48400372709514, 39.05806506642878], [-77.48393648455547, 39.05794038314757], [-77.48388564071516, 39.05781108407506], [-77.48385170755758, 39.05767847121709], [-77.48383502678026, 39.05754387994839], [-77.48383576635395, 39.05740866556575], [-77.48385391883139, 39.05727418964055], [-77.48394788137195, 39.056805809293635], [-77.48286053506517, 39.05655652777698], [-77.48285655398067, 39.05655561104955], [-77.48265326127373, 39.0565085923956], [-77.48259442430893, 39.056972366118124], [-77.48259272906469, 39.056985108709114], [-77.48245161187303, 39.05799876740979], [-77.48236330007452, 39.05869458674543], [-77.48235387968082, 39.05879045310482], [-77.48235437021879, 39.058813835414504], [-77.48236520831756, 39.058896927505145], [-77.48237844368904, 39.058958096384174], [-77.4824011879074, 39.05902295952538], [-77.48242410268385, 39.059079822118775], [-77.4824555067071, 39.05913989938066], [-77.48251010715781, 39.05923527738318], [-77.48251320274125, 39.059240193898056], [-77.48262770730796, 39.05942224765007], [-77.48276164149414, 39.05960413358193], [-77.48284878516411, 39.05973960756572], [-77.4830447851641, 39.06009260756572], [-77.48305692429186, 39.06011502400876], [-77.48316092429188, 39.06031202400876], [-77.48321309427199, 39.060424897584944], [-77.48326809427196, 39.06056289758495], [-77.48329602909952, 39.060641276878115], [-77.48333602909953, 39.060768276878115], [-77.48335977739777, 39.06085628494257], [-77.48339177739776, 39.06099828494256], [-77.48340597883092, 39.061073827082886], [-77.4834219788309, 39.06117982708289], [-77.48343308167472, 39.061298185473625], [-77.48343808167473, 39.06143318547363], [-77.48343786516102, 39.06151627582248], [-77.48341986516103, 39.061942275822474], [-77.48339816144909, 39.06211516382689], [-77.48338116144909, 39.06219616382688], [-77.48338040725207, 39.06219972732383], [-77.48331272603698, 39.06251686216019], [-77.48328193314386, 39.06267734050705], [-77.48334070674203, 39.06267949349619], [-77.48362670674203, 39.06270049349619], [-77.48372369673815, 39.06270976982836], [-77.48404569673818, 39.062747769828356], [-77.48420660643728, 39.06277287874624], [-77.48432402747385, 39.062795752974154], [-77.48457608454676, 39.06283587278505], [-77.48473766844975, 39.062867968945014], [-77.48489453546414, 39.06291200903228], [-77.48504523096027, 39.06296758466261], [-77.48518835753697, 39.06303418048251], [-77.4853225879798, 39.063111178948155], [-77.48544667756828, 39.063197866051844], [-77.48555947561817, 39.06329343794305], [-77.48565993615182, 39.06339700838249], [-77.48574712759749, 39.063507616960216], [-77.48582024142787, 39.0636242380016], [-77.48587859965755, 39.06374579007833], [-77.48592166112996, 39.06387114603654], [-77.48594902653556, 39.06399914344895], [-77.48596044211462, 39.06412859539402], [-77.48595580201034, 39.06425830146234], [-77.48593514925044, 39.06438705888797], [-77.48589867534822, 39.06451367370178], [-77.48582967534824, 39.06470867370179], [-77.48582907490409, 39.064710366299174], [-77.4857511465895, 39.064929482383704], [-77.48540730243704, 39.06602583791903], [-77.48538994171967, 39.06610845098779], [-77.48526714572017, 39.06671560898531], [-77.48513227158128, 39.06746972278389], [-77.48512579464585, 39.06750290437371], [-77.48487977060219, 39.06866556638645], [-77.48485357779187, 39.06880120772567], [-77.48470353949315, 39.069577405957894], [-77.48469621684985, 39.069612188930684], [-77.48458321684986, 39.07010818893068], [-77.4845323095285, 39.07027156191569], [-77.48445430952852, 39.07046756191569], [-77.48438489820859, 39.07061210931923], [-77.4843553768736, 39.07066426367768], [-77.48418385404312, 39.07096841753404], [-77.48411713798919, 39.07107394876617], [-77.4840151379892, 39.071218948766166], [-77.4839187737103, 39.07134022518865], [-77.48362177371028, 39.071673225188654], [-77.48362061958014, 39.07167451760139], [-77.48354461958016, 39.071759517601386], [-77.48351884813368, 39.0717875684112], [-77.48335084813368, 39.0719655684112], [-77.48333655640047, 39.07198049367148], [-77.48327489987997, 39.072043963619066], [-77.48308414093022, 39.072245374083785], [-77.48297583280267, 39.07234862025812], [-77.48285494621568, 39.07244303669014], [-77.4827226637235, 39.07252769976579], [-77.48258027935903, 39.07260178128169], [-77.48242918597518, 39.072664556546954], [-77.48227086161948, 39.07271541147229], [-77.48210685507533, 39.0727538485773], [-77.48193877071121, 39.07277949185699], [-77.4817682527863, 39.072792090459956], [-77.48159696936568, 39.072791521142335], [-77.48142659600278, 39.072777789473385], [-77.48125879934851, 39.07275102978101], [-77.48109522084756, 39.07271150383775], [-77.48093746068119, 39.07265959830001], [-77.48078706211366, 39.072595820925606], [-77.48072606211365, 39.072566820925594], [-77.48070833428619, 39.07255827847412], [-77.47993433428618, 39.07218027847412], [-77.47891487146012, 39.07168205236356], [-77.4777225414914, 39.07109889107519], [-77.47535172434779, 39.069939980459644], [-77.47534498013229, 39.069936666851554], [-77.46828856861731, 39.06645195746658], [-77.46807744567734, 39.066347882777876], [-77.46668373538759, 39.06566351607646], [-77.46667176715032, 39.06565758571885], [-77.46665161807971, 39.06564751118355], [-77.46261657326487, 39.0636654364601], [-77.46019964755982, 39.06247847294669], [-77.46017594472661, 39.0624666214946], [-77.4583409447266, 39.06153262149461], [-77.4582023898542, 39.06145421922234], [-77.45807446908047, 39.061365548777246], [-77.45795843430078, 39.061267477931686], [-77.4578554210882, 39.061160966454985], [-77.45776643758049, 39.06104705672057], [-77.4576923546138, 39.06092686350484], [-77.4576338972003, 39.06080156307745], [-77.45759163743284, 39.060672381689685], [-77.45756598888619, 39.06054058357385], [-77.45755720256957, 39.06040745857079], [-77.45756536447021, 39.06027430950697], [-77.45759039471173, 39.06014243944427], [-77.45763204833594, 39.06001313892767], [-77.45768991770008, 39.05988767335531], [-77.45776343646622, 39.05976727059469], [-77.45785188514378, 39.05965310896616], [-77.45836378607913, 39.059060779972576], [-77.45839934359189, 39.059013752294405], [-77.45840455797278, 39.059006902239425], [-77.45845287676217, 39.058943852111824], [-77.45852342206449, 39.05883355509153], [-77.45858637675593, 39.05871573163232], [-77.45863778433626, 39.058596351806905], [-77.45867798669094, 39.058475744742786], [-77.45870246681234, 39.05837206422865], [-77.45872061385782, 39.05820511141042], [-77.45872353116131, 39.05808783580978], [-77.45871730618616, 39.05796644879421], [-77.45871320373627, 39.05793106516394], [-77.45870623121228, 39.057801869592296], [-77.45871520697948, 39.0576727488956], [-77.45874004837778, 39.05754489217859], [-77.45878052663655, 39.057419476905714], [-77.45883626898137, 39.057297658057514], [-77.4589067620671, 39.0571805574942], [-77.4589913567053, 39.05706925362409], [-77.45908927384282, 39.05696477147232], [-77.4591996117363, 39.05686807324112], [-77.4593213542565, 39.056780049448626], [-77.4594533802462, 39.05670151072793], [-77.45959447384506, 39.05663318036174], [-77.45974333568691, 39.05657568762145], [-77.45989859486588, 39.05652956197204], [-77.4600588215614, 39.05649522819616], [-77.46022254020585, 39.05647300248212], [-77.46036281012809, 39.05645931761165], [-77.4605282018674, 39.05643955842156], [-77.4605304236361, 39.056422673266944], [-77.46057342363609, 39.05620567326694], [-77.4606129394843, 39.056060136640156], [-77.46069993948431, 39.055809136640164], [-77.46074534900254, 39.05569762643018], [-77.46080301696884, 39.05558960066918], [-77.4608725087972, 39.05548587343969], [-77.46112350879719, 39.05514787343969], [-77.46122475929742, 39.05502697279342], [-77.46134204576975, 39.05491519005802], [-77.46147402309342, 39.05481380723366], [-77.46209002309344, 39.05438880723366], [-77.4622211577811, 39.05430682874447], [-77.46224282674889, 39.05429579048835], [-77.4622285918816, 39.054212666615136], [-77.46222811753199, 39.054203310598155], [-77.4621784815089, 39.054169648841025], [-77.46206543787619, 39.05407692335274], [-77.46196419346674, 39.05397628179865], [-77.46192319346673, 39.05393128179865], [-77.46182008520942, 39.053803509825364], [-77.46176768631945, 39.05371881631528], [-77.46174058234159, 39.05368825225516], [-77.46162524942092, 39.053538228819], [-77.46160834716017, 39.05351260281077], [-77.4614668756895, 39.05343289672974], [-77.46133298146063, 39.053339556444904], [-77.4612122450249, 39.05323591900764], [-77.4611692450249, 39.05319491900764], [-77.46106144069876, 39.05308028719216], [-77.46096974431873, 39.05295746241598], [-77.46089517484303, 39.05282780954558], [-77.46086502799682, 39.052755900801], [-77.4608280704822, 39.05270210135553], [-77.46076386721019, 39.052582053168884], [-77.46074486721018, 39.05254105316889], [-77.46069608129373, 39.05241750305224], [-77.46066273350773, 39.05229088445343], [-77.4606625285319, 39.052289387880336], [-77.46059386032009, 39.052187112933176], [-77.4605748603201, 39.05215511293317], [-77.46051368683548, 39.05203792972801], [-77.46046690409486, 39.05191679991776], [-77.46043492429011, 39.051792790749126], [-77.46042592429009, 39.051746790749135], [-77.46040871807767, 39.05161664199584], [-77.46040781536638, 39.0514858083809], [-77.46040881536638, 39.051467808380906], [-77.46042298674239, 39.05134447238458], [-77.46042776215589, 39.05132417944166], [-77.46035859877878, 39.051259623270944], [-77.46026411553022, 39.05115169131182], [-77.46017911553024, 39.05104369131182], [-77.46010689167001, 39.0509423890397], [-77.46005863631878, 39.05085841841557], [-77.46001296884987, 39.05079151221719], [-77.45998896884986, 39.05075051221719], [-77.45993094074963, 39.05063827932934], [-77.4598860835973, 39.050522449312574], [-77.45985475895328, 39.05040395578732], [-77.4598372193025, 39.0502837538426], [-77.45982453931333, 39.05013920196592], [-77.45982117341379, 39.050125575431245], [-77.459731083184, 39.050068543815776], [-77.45967331757052, 39.050025019894136], [-77.45961513811669, 39.049988336737144], [-77.4595102200338, 39.04990996165118], [-77.4594782200338, 39.04988396165119], [-77.45946562522336, 39.049872660564375], [-77.4593954946473, 39.04983313862987], [-77.45925433845103, 39.04973346341452], [-77.45920233845105, 39.04969246341453], [-77.4590653868857, 39.049570644234976], [-77.45895542077447, 39.04944517288637], [-77.45890167314842, 39.049401518709], [-77.4587670199669, 39.04928135352802], [-77.45869044530724, 39.04921842583741], [-77.45860884824849, 39.04914163289997], [-77.45858042885915, 39.04913188554377], [-77.45844695268889, 39.04907471843243], [-77.45832045087762, 39.049008644437556], [-77.45825245087764, 39.048969644437555], [-77.45823313068811, 39.04895741545869], [-77.45812268890201, 39.048970672648224], [-77.458071688902, 39.04897467264823], [-77.45791423777702, 39.04898140753066], [-77.45775665202477, 39.048976971068754], [-77.45760023818737, 39.04896140004519], [-77.45751923818739, 39.04895040004518], [-77.45738299069652, 39.048927466009225], [-77.45724955526794, 39.04889607998926], [-77.45712355526793, 39.04886207998926], [-77.45700931821948, 39.04882600914624], [-77.45696656012716, 39.04881695006365], [-77.45681342785925, 39.04877205040192], [-77.45668842785923, 39.048730050401915], [-77.45654067716087, 39.048673784853285], [-77.4564004541154, 39.04860686570865], [-77.45626902388099, 39.048529896743986], [-77.45614757228303, 39.04844357240947], [-77.45603719511492, 39.048348671563836], [-77.45593888825135, 39.04824605044711], [-77.45585353866306, 39.04813663495527], [-77.45578191641417, 39.0480214122863], [-77.45572466771426, 39.047901422033284], [-77.45568230908802, 39.04777774680469], [-77.4556552227149, 39.04765150245658], [-77.45564789158624, 39.04757060192063], [-77.45470943437724, 39.04334018979971], [-77.45435926219477, 39.04175857905188], [-77.45431761976067, 39.04173384372551], [-77.45418083464462, 39.041632449618874], [-77.45405905838054, 39.041520065741096], [-77.45399705838054, 39.041456065741095], [-77.45390380925612, 39.04134957199365], [-77.45386389494199, 39.041293046706485], [-77.45386252562697, 39.04129268155582], [-77.45366967726179, 39.04123092782513], [-77.45348776714988, 39.04115158571864], [-77.45346376714988, 39.04113958571863], [-77.45331366240428, 39.04105539006821], [-77.45317596032193, 39.040959213582646], [-77.4530522330408, 39.04085215430417], [-77.45302423304078, 39.04082515430417], [-77.45293293163594, 39.04072641321321], [-77.45285741111431, 39.04069333788208], [-77.45280841111432, 39.040669337882086], [-77.45273618098122, 39.04063032662117], [-77.45259356372819, 39.040684390995416], [-77.45243073752191, 39.040731085104454], [-77.4523937375219, 39.040740085104446], [-77.45222927669938, 39.04077329433817], [-77.45206142492997, 39.04079380430154], [-77.45200142492999, 39.040798804301545], [-77.45192964734494, 39.040802205956176], [-77.45189033696595, 39.040817989349584], [-77.45170401275551, 39.040872774492236], [-77.4515736157051, 39.04090457865087], [-77.45158684969898, 39.04099570806991], [-77.45163485793351, 39.041327763551315], [-77.45203676951303, 39.04408515692526], [-77.45203815201738, 39.0440949622708], [-77.45222727083426, 39.04548313338038], [-77.45223993583711, 39.045544558644146], [-77.45225611979471, 39.04567568231046], [-77.45239064643036, 39.04654914453749], [-77.45275773624714, 39.048776621605164], [-77.45276018082824, 39.04879217114052], [-77.45287629804953, 39.04956817403408], [-77.45287737302601, 39.04957265310276], [-77.45290232344587, 39.049723174353375], [-77.45290377339576, 39.04973883381229], [-77.45290938153389, 39.04977248264098], [-77.45293866713067, 39.04991656206719], [-77.45294497109195, 39.04996699375757], [-77.45298960378645, 39.05021158092339], [-77.45299682279513, 39.05025656615342], [-77.4531246420099, 39.05117904436224], [-77.45317732888756, 39.051518686555795], [-77.45320601898467, 39.051677870320354], [-77.45321398718957, 39.05172923249208], [-77.45325498718957, 39.05204423249207], [-77.45326378881282, 39.05218491063374], [-77.45326178881282, 39.05261191063374], [-77.4532605170295, 39.05265886387996], [-77.4532505170295, 39.052860863879964], [-77.45324606719512, 39.05291855188659], [-77.45318106719513, 39.05353855188659], [-77.45317638157066, 39.053576583438755], [-77.45313391082497, 39.05387647890836], [-77.45312635002162, 39.05402013417199], [-77.45311114483879, 39.05415143005884], [-77.45307952322013, 39.05428094153831], [-77.45303178783064, 39.0544074289968], [-77.45296839556755, 39.05452968176497], [-77.45288995318722, 39.054646529705664], [-77.45282930722101, 39.05471867362011], [-77.45278944128445, 39.05503323224276], [-77.4527527925483, 39.05520620220077], [-77.45259401368084, 39.055737462310766], [-77.45242623374011, 39.05630172223047], [-77.45241127033647, 39.056348257453706], [-77.45233827033645, 39.05655925745371], [-77.45228590774227, 39.056685490191626], [-77.45221784753062, 39.05680710553032], [-77.45213474923489, 39.05692292496376], [-77.45203741811402, 39.057031826150755], [-77.45192679734934, 39.057132753790995], [-77.45180395890465, 39.0572247298513], [-77.45167009313839, 39.05730686304327], [-77.45152649726866, 39.05737835746021], [-77.4513745628025, 39.0574385202898], [-77.45121576205158, 39.05748676852781], [-77.45105163386495, 39.057522634627624], [-77.4508837687168, 39.05754577103099], [-77.45071379329417, 39.05755595353598], [-77.45054335473351, 39.057553083469664], [-77.45037410465935, 39.05753718864425], [-77.45020768317923, 39.057508423087555], [-77.45004570299038, 39.05746706555048], [-77.44988973375197, 39.0574135168057], [-77.44974128687444, 39.0573482957641], [-77.44967568007633, 39.05731242649519], [-77.44901809860205, 39.05699213896676], [-77.44900465199225, 39.056985522455385], [-77.44883365199226, 39.05690052245538], [-77.44882289645524, 39.05689513250617], [-77.44749046634581, 39.0562219777113], [-77.44562215444229, 39.05531067876687], [-77.44118406455573, 39.053145634920284], [-77.44114944087197, 39.053128294823594], [-77.44064944087197, 39.052871294823596], [-77.44038181299501, 39.052733486992466], [-77.44030338279838, 39.05269329151669], [-77.44030118391129, 39.05269216272028], [-77.4393295673133, 39.05219255864807], [-77.43915113710342, 39.05210473030643], [-77.4391473780544, 39.0521028747293], [-77.43854415608993, 39.05180425988265], [-77.43536393466208, 39.05023364439597], [-77.43535868532803, 39.05023104159886], [-77.43444868532804, 39.04977804159886], [-77.43437698549305, 39.04974035253838], [-77.43387198549304, 39.04946035253838], [-77.43374535557706, 39.049382991815186], [-77.43324111673518, 39.049044311393054], [-77.43306687441722, 39.04895812035321], [-77.43294166857574, 39.0488899705714], [-77.43282467066982, 39.04881349888875], [-77.43134667066984, 39.04775749888875], [-77.43133170557923, 39.047746640512], [-77.43131897404508, 39.04773791031715], [-77.4311983060157, 39.04764669098668], [-77.43108958343699, 39.04754679173559], [-77.43099383241808, 39.04743915539968], [-77.43091195664432, 39.047324797836275], [-77.43084472884833, 39.04720479833681], [-77.43079278351703, 39.04708028944049], [-77.43075661090354, 39.04695244624564], [-77.43073655240013, 39.04682247531927], [-77.4307327973163, 39.04669160330959], [-77.43074538109201, 39.04656106536915], [-77.43077418496325, 39.04643209349757], [-77.43081893708298, 39.04630590491415], [-77.43087921508665, 39.04618369056986], [-77.43095445007852, 39.04606660390737], [-77.43104393200076, 39.04595574997493], [-77.43114681633502, 39.045852174997144], [-77.43126213207263, 39.04575685650081], [-77.43131413207264, 39.045717856500815], [-77.43132413531323, 39.045710413841014], [-77.43136613531323, 39.045679413841015], [-77.43156032104753, 39.0455556025218], [-77.4316467115003, 39.04550822711221], [-77.43168312040446, 39.045480503848005], [-77.43178496339594, 39.045414053440986], [-77.43184796339595, 39.04537605344099], [-77.4319876356961, 39.045300062878255], [-77.43199961615207, 39.04529420576645], [-77.43205092972023, 39.045240805772075], [-77.43210092972024, 39.04519380577207], [-77.4322233556393, 39.04509024679639], [-77.43226535563927, 39.045058246796394], [-77.43238109860867, 39.044977647433534], [-77.4325056577334, 39.0449054414885], [-77.43263803097751, 39.04484220983369], [-77.4327771534431, 39.0447884611463], [-77.4329691534431, 39.0447224611463], [-77.43310546663729, 39.04468086863357], [-77.43324580815825, 39.044648384042056], [-77.4333665541139, 39.04462470836447], [-77.43348363597677, 39.044597991697785], [-77.43368653025613, 39.04456183632036], [-77.43394350325107, 39.04452854081603], [-77.43401091235457, 39.044517002320845], [-77.4341360262106, 39.04449930594622], [-77.43435902621061, 39.04447430594622], [-77.43456375138659, 39.04446093427225], [-77.43472175138658, 39.04445793427225], [-77.43486203765046, 39.04445969409733], [-77.43499803765046, 39.044465694097326], [-77.43519315847503, 39.0444829797874], [-77.4351976886605, 39.044483585203885], [-77.43522516937446, 39.04448175831344], [-77.43537263388257, 39.044481751790045], [-77.43552363388257, 39.044486751790046], [-77.43570167174653, 39.04449983773829], [-77.43573667174653, 39.04450383773829], [-77.43590618471235, 39.044529991479536], [-77.43604405858571, 39.04456265756042], [-77.43618588319057, 39.0445721982825], [-77.43630688319057, 39.04458519828251], [-77.43649684463998, 39.04461410356623], [-77.43677984463996, 39.044670103566226], [-77.43687536118637, 39.04469129099368], [-77.43701833021332, 39.04472648336955], [-77.43729195831433, 39.04477935146217], [-77.43733573834233, 39.0447854199809], [-77.43745722408416, 39.04480578353881], [-77.43756408418318, 39.04482684355833], [-77.43800634329193, 39.04490096984962], [-77.43804527004487, 39.04490533917904], [-77.43819820785846, 39.04492800709047], [-77.43855446533435, 39.04499384707968], [-77.43886134079311, 39.045039080167534], [-77.43899143394123, 39.04506232941117], [-77.43911883929556, 39.04509330560454], [-77.43915543821127, 39.04510342412829], [-77.43927993635835, 39.04512455795504], [-77.43934297472556, 39.04513756587208], [-77.43978293665776, 39.04520129051703], [-77.43990391905798, 39.04522484833512], [-77.44023272369296, 39.045269685330794], [-77.44038224249303, 39.04528487708053], [-77.44044064223239, 39.04529160031471], [-77.44054164223242, 39.0453046003147], [-77.44065496288285, 39.045322226968736], [-77.44073510227702, 39.045336871731116], [-77.4407714691277, 39.045209587753725], [-77.44080399768546, 39.04511283861046], [-77.44084565877554, 39.04501823302811], [-77.44088965877553, 39.044929233028114], [-77.44096849589334, 39.04479287378778], [-77.44106626451877, 39.04466415025004], [-77.44112726451878, 39.04459315025004], [-77.44120972764121, 39.04450509448551], [-77.44123851983147, 39.04447682578961], [-77.44134095372351, 39.04436551967071], [-77.44142454928263, 39.04428184273516], [-77.44149322727431, 39.044223252934316], [-77.44156546419482, 39.04415512616892], [-77.44168972211729, 39.04405947968845], [-77.4417587221173, 39.04401147968845], [-77.44189358152423, 39.04392672074905], [-77.4420386563436, 39.043852877284586], [-77.44215157714966, 39.04380148817524], [-77.44218792488788, 39.0437820751787], [-77.44231667924056, 39.04372017441346], [-77.44216460592921, 39.04368958983688], [-77.44197497917759, 39.0436422504571], [-77.44190497917758, 39.0436212504571], [-77.44176480507575, 39.04357356315323], [-77.4416305869195, 39.0435164364623], [-77.44156058691951, 39.043483436462296], [-77.4414611853285, 39.04343228884215], [-77.44137246808228, 39.0433942671652], [-77.44126482446632, 39.043344096134796], [-77.4412631736076, 39.04334326201671], [-77.44126190209396, 39.04334297768716], [-77.44113117411283, 39.04330462771295], [-77.44103717411282, 39.04327362771295], [-77.44091409009296, 39.043228519792336], [-77.44079593694639, 39.04317603312157], [-77.4407938074155, 39.04317499877799], [-77.44068629526981, 39.043132954922136], [-77.44057081159912, 39.043083421699116], [-77.44046050671984, 39.04302719502911], [-77.44041350671985, 39.043001195029106], [-77.44037294209859, 39.042976319778134], [-77.44026489672876, 39.04293087606295], [-77.43995454112712, 39.04278194104722], [-77.43984332158719, 39.04273448737685], [-77.43963717203816, 39.042631120569744], [-77.43961723563648, 39.0426194910021], [-77.4395504380038, 39.042587560265595], [-77.43948515924772, 39.04256064709423], [-77.43937970599394, 39.042513406441365], [-77.43927870599394, 39.04246440644136], [-77.43916681890975, 39.042405281813316], [-77.43909966722225, 39.04236673177049], [-77.43906521075033, 39.04234927979121], [-77.43895740878112, 39.04229000829836], [-77.43895725572987, 39.042289909730684], [-77.4389428001765, 39.04228252817152], [-77.43882488488555, 39.042214609671525], [-77.43875212502603, 39.04217764777601], [-77.43863192283642, 39.042104043220206], [-77.43860574680853, 39.04208487400675], [-77.43852185920906, 39.042035769070466], [-77.4383552393196, 39.04192470293714], [-77.4382852393196, 39.04187170293714], [-77.43818369891397, 39.04178795953024], [-77.43809171677599, 39.04169777756974], [-77.43796571677599, 39.04156277756974], [-77.43791031393901, 39.041499734071074], [-77.43781440343005, 39.04138366845517], [-77.43778019503786, 39.04134946006296], [-77.43766872266804, 39.0412239184898], [-77.43757620715539, 39.04108937578521], [-77.43752502031856, 39.041003583762944], [-77.43742442459885, 39.040856469791315], [-77.43731764264305, 39.040750927380294], [-77.43726564264306, 39.04069292738029], [-77.43717943423835, 39.04058650878164], [-77.43707743423835, 39.04044650878165], [-77.43698113688865, 39.04029219402826], [-77.43695514312576, 39.040242754910594], [-77.43683978059046, 39.040063639395285], [-77.43671444419766, 39.0398775571434], [-77.43665388537735, 39.039802102806796], [-77.43655038013854, 39.03974873145096], [-77.43642138013853, 39.03967573145096], [-77.43634199204314, 39.03962801087583], [-77.43628399204314, 39.03959101087583], [-77.43618789251008, 39.03952492779253], [-77.43607387971754, 39.03944047387213], [-77.43585152362233, 39.03928646493732], [-77.43576034127707, 39.03921851569374], [-77.43563434127707, 39.03911751569374], [-77.43558038814746, 39.03907223642393], [-77.43551438814747, 39.039014236423924], [-77.43543046392975, 39.038934542946016], [-77.43537816531489, 39.03887631719888], [-77.43523011687628, 39.038738523197594], [-77.43506800489567, 39.038599137195554], [-77.43501766450107, 39.038559983555324], [-77.43493351034333, 39.03848968826268], [-77.43484969665221, 39.038414470847556], [-77.4346384894838, 39.038245931793995], [-77.43445604656011, 39.038122763575466], [-77.43434804591031, 39.03804327887347], [-77.43424704591031, 39.03796227887347], [-77.43418069905391, 39.03790595965601], [-77.43402269905391, 39.037763959656004], [-77.43399797050222, 39.03774123256155], [-77.43371497050224, 39.037475232561555], [-77.43364987656608, 39.03741008648069], [-77.43351487656606, 39.03726608648069], [-77.43342554652577, 39.03716077623147], [-77.43329254652576, 39.03698677623146], [-77.43324032137626, 39.03691333790036], [-77.43321058304555, 39.036868260851705], [-77.433123006376, 39.03679154516678], [-77.43304086997782, 39.03670706484445], [-77.4328958699778, 39.036545064844454], [-77.43280724503971, 39.03643511227306], [-77.43275524503971, 39.03636311227305], [-77.43265103446122, 39.036191545207], [-77.43261803446123, 39.03612554520701], [-77.43256345773752, 39.035997860616185], [-77.43252552042895, 39.035866577369376], [-77.43250752042894, 39.03578557736937], [-77.43249133431277, 39.03569421529059], [-77.43248033431277, 39.035611215290594], [-77.43247149911446, 39.03549805597205], [-77.43247492043342, 39.03538471929353], [-77.43249057405168, 39.0352720075145], [-77.4325095740517, 39.035174007514506], [-77.43254283867704, 39.03504530494042], [-77.43256683867703, 39.03497130494042], [-77.4325850325484, 39.03492249830718], [-77.43258661148296, 39.03491356583086], [-77.43259089882447, 39.03489814693925], [-77.43260085772661, 39.03480338060477], [-77.43261085772663, 39.034739380604776], [-77.4326438417485, 39.034594683222444], [-77.43269688133819, 39.03445364113905], [-77.43272641670093, 39.03439832809823], [-77.43275057021636, 39.03432523412489], [-77.43281070221313, 39.03419797884061], [-77.43288696574666, 39.03407606957061], [-77.43297858867754, 39.0339607406001], [-77.43300661232811, 39.03393231363602], [-77.43301888224707, 39.033912776153706], [-77.4331098019142, 39.03379850020083], [-77.43321490038531, 39.03369183994133], [-77.433333132072, 39.03359385650131], [-77.43336513207198, 39.03356985650131], [-77.43349898435842, 39.03347928527168], [-77.4335453355732, 39.03345390055314], [-77.4336181562698, 39.033362543679246], [-77.43370479340761, 39.03324108974773], [-77.43383512326413, 39.03308490044219], [-77.43395212326412, 39.0329639004422], [-77.43409842451057, 39.032831426755926], [-77.43417642451055, 39.03276942675593], [-77.43431760775145, 39.032668959680564], [-77.43438360775146, 39.032626959680556], [-77.43450969096078, 39.0325538972624], [-77.43458569096079, 39.032513897262405], [-77.43475860508957, 39.03243386804051], [-77.43494228147163, 39.03236998273294], [-77.43502028147164, 39.03234698273294], [-77.43515559338422, 39.0323119680925], [-77.43529414895019, 39.032285733921356], [-77.43543500874641, 39.032268458090286], [-77.4355350087464, 39.03225945809028], [-77.43566144045067, 39.032254085287654], [-77.43567083096018, 39.03223296815606], [-77.4356982381335, 39.03218573261589], [-77.43568224828454, 39.03194038837088], [-77.43562822672124, 39.031892566003364], [-77.43553290797385, 39.03180030993685], [-77.43544836295972, 39.03170190097752], [-77.43537524411826, 39.03159809855375], [-77.43534424411826, 39.031549098553754], [-77.43527165155685, 39.031417017446294], [-77.43521754299846, 39.031279673988145], [-77.43518253340523, 39.03113862913439], [-77.43517453340522, 39.031093629134396], [-77.43516139826149, 39.03099085812045], [-77.43515841797701, 39.03088760622206], [-77.435159417977, 39.030838606222055], [-77.43516637690752, 39.03073745040953], [-77.43518308309218, 39.03063698722487], [-77.43519408309218, 39.03058598722487], [-77.43523003476703, 39.030457861859446], [-77.43528182385316, 39.030333062591396], [-77.43534895978709, 39.03021277156091], [-77.43537495978708, 39.030171771560916], [-77.43541920201665, 39.03010964736198], [-77.43542377180069, 39.030096670941624], [-77.43548320596419, 39.029975252382755], [-77.43555739319054, 39.02985885207474], [-77.43564564373126, 39.0297485522381], [-77.43574713708553, 39.029645378374795], [-77.43586092962877, 39.029550289733784], [-77.43598596338592, 39.029464170392416], [-77.43612107586783, 39.0293878210369], [-77.43626501087934, 39.02932195151789], [-77.43639477123571, 39.029275009570725], [-77.43628824892664, 39.029271372223576], [-77.43471645987633, 39.02926745986751], [-77.43470114156868, 39.02926736902268], [-77.43364251215321, 39.029257447472396], [-77.43202888332347, 39.02925446295545], [-77.4319688780581, 39.02925354279924], [-77.43141666934075, 39.02923762326864], [-77.43119146094405, 39.02923169673189], [-77.43102511886133, 39.029221057936354], [-77.43086086552752, 39.02919800952036], [-77.43070022656627, 39.029162765563015], [-77.43054469403, 39.02911565341851], [-77.43039571254154, 39.02905711067551], [-77.43025466587596, 39.02898768109279], [-77.43012286410791, 39.028908009548644], [-77.43000153144322, 39.02881883605112], [-77.42989179484822, 39.028720988864656], [-77.4297946735822, 39.02861537681692], [-77.42971106973036, 39.02850298085749], [-77.42964175982493, 39.028384844946444], [-77.42958738763262, 39.02826206635794], [-77.42954845817515, 39.02813578548839], [-77.42952533303848, 39.028007175264214], [-77.42951822701431, 39.02787743024745], [-77.4295201996869, 39.027604215094044], [-77.4295201996869, 39.027589000000006], [-77.42952027223787, 39.02757666607825], [-77.42952125217143, 39.0274933717255], [-77.42952323376596, 39.027260534365666], [-77.42953422747537, 39.02582135786224], [-77.42954422493165, 39.02438072441368], [-77.42954486156394, 39.02435074956817], [-77.42964886156395, 39.021424749568176], [-77.42965226656425, 39.02136970895346], [-77.42967926656424, 39.02106370895345], [-77.42967972412012, 39.02105866200344], [-77.42971472412015, 39.020682662003445], [-77.42971781637007, 39.0206537623066], [-77.42978481637007, 39.0200997623066], [-77.42978785218271, 39.02007677521544], [-77.42990285218269, 39.019273775215446], [-77.42991037790355, 39.01922827705809], [-77.43008737790356, 39.018285277058084], [-77.43009082704761, 39.01826771184837], [-77.43014771381482, 39.017990273795945], [-77.43005019395748, 39.01798965377076], [-77.42989954218976, 39.01797841471365], [-77.42985778507885, 39.01797385939246], [-77.42984383600928, 39.01797476622063], [-77.42966691401591, 39.017972169056385], [-77.42963646719778, 39.01796928639965], [-77.42959182420118, 39.017991470374554], [-77.42949070665263, 39.01805854219833], [-77.4293604992073, 39.01812994410337], [-77.42922241046537, 39.01819173492947], [-77.42907760877814, 39.01824339187227], [-77.42904260877815, 39.01825439187227], [-77.42887408748129, 39.01829965527689], [-77.42870047840829, 39.01833119843992], [-77.42852362139904, 39.01834868707946], [-77.42834539071376, 39.01835193585788], [-77.42816767517037, 39.01834091034589], [-77.42812867517037, 39.018336910345894], [-77.42797184315384, 39.018315073361144], [-77.42781825408697, 39.01828211436774], [-77.42766920791159, 39.01823831232288], [-77.42765060670527, 39.018231264319176], [-77.42763172842267, 39.01822602035178], [-77.42762713012594, 39.01822473735503], [-77.42747013012595, 39.01818073735503], [-77.42731460964241, 39.01813037665159], [-77.4271661131976, 39.01806849788268], [-77.42702604577309, 39.01799568650698], [-77.42694104577308, 39.017946686506974], [-77.42680633672722, 39.01786052919351], [-77.42668344627522, 39.01776426812703], [-77.4265736203964, 39.01765887929304], [-77.42647797260913, 39.01754543122294], [-77.4263974726809, 39.0174250741603], [-77.42633293679593, 39.01729902839855], [-77.42628501927989, 39.01716857190851], [-77.42627339627467, 39.017118197945756], [-77.4262565866094, 39.01707502344399], [-77.42624223715951, 39.01705149516907], [-77.42618921782069, 39.01694019479153], [-77.42614899303426, 39.01682569578173], [-77.42612599303425, 39.016746695781734], [-77.42609281003634, 39.016590758919016], [-77.42608332374779, 39.016432871504975], [-77.42608532374781, 39.016302871504976], [-77.42608950473715, 39.01625899301271], [-77.42607798863938, 39.01623034344834], [-77.42601698863936, 39.016060343448345], [-77.4259982911698, 39.01599776880176], [-77.42598182313908, 39.01599369628434], [-77.4258068231391, 39.01594069628434], [-77.42566972687217, 39.01589376796638], [-77.42553835474575, 39.015837798225895], [-77.42541368940579, 39.015773205709046], [-77.42536968940578, 39.01574820570905], [-77.42521115894976, 39.01564637646353], [-77.42512415894979, 39.01558337646353], [-77.42502704729979, 39.01550722021521], [-77.42501584738868, 39.01549770796195], [-77.42492632972117, 39.01543210698096], [-77.42482674994456, 39.015345351921255], [-77.42476574994456, 39.015287351921266], [-77.4247154408961, 39.01523313355426], [-77.4246521132076, 39.01516909838412], [-77.42456183600895, 39.01505636971108], [-77.4244862613016, 39.014937273210414], [-77.42442612339883, 39.01481296607015], [-77.42437412339883, 39.01468696607015], [-77.42432821995268, 39.01455212166164], [-77.42430047961682, 39.01441430731533], [-77.4242911996869, 39.014275], [-77.4242911996869, 39.014208], [-77.4243011510073, 39.0140637553481], [-77.42430988601119, 39.01402187524477], [-77.42426110803665, 39.01388418394981], [-77.42421310713662, 39.01370099684158], [-77.42417741212327, 39.01362279045105], [-77.4241335624974, 39.01347721833646], [-77.4241107109734, 39.013328762421985], [-77.42410991833465, 39.01331909222921], [-77.4241060912537, 39.01330327362797], [-77.42408396891635, 39.01318149275156], [-77.42407620999747, 39.01305864969491], [-77.42408287913891, 39.012935767900274], [-77.4240888791389, 39.01288276790028], [-77.42411054721927, 39.012764715686295], [-77.42410219533015, 39.012750743988356], [-77.42404486963052, 39.01261747055602], [-77.42403265275252, 39.012598180441415], [-77.42397254471314, 39.01247356122882], [-77.4239285320212, 39.01234493576903], [-77.42391753202119, 39.01230493576904], [-77.4239113432432, 39.012276592197544], [-77.42382657504011, 39.01220551610467], [-77.42381732191484, 39.012196362223044], [-77.42377126700862, 39.01217112964853], [-77.42365070454088, 39.012091322058176], [-77.42358870454088, 39.01204632205818], [-77.42358202275769, 39.0120409973017], [-77.42353058611776, 39.01203073229905], [-77.42351955922489, 39.012030761983205], [-77.42337484201477, 39.01210911009814], [-77.42321925777279, 39.01217606228163], [-77.42305567095725, 39.012230249874065], [-77.4228858057725, 39.01227110173843], [-77.42271145259676, 39.01229818729626], [-77.42253444911178, 39.01231122106591], [-77.42235666093349, 39.012310065671485], [-77.42231366093347, 39.01230806567148], [-77.42213178337566, 39.01229206677718], [-77.42195309187228, 39.012261221346236], [-77.42177958252311, 39.01221587394209], [-77.42161319353997, 39.01215653112462], [-77.42154283899963, 39.012124048808005], [-77.4215415616874, 39.01212393665138], [-77.42137530757124, 39.01209628588822], [-77.42121333906081, 39.012056084689014], [-77.42105721708484, 39.01200372048221], [-77.42090844622759, 39.01193969791401], [-77.4207684602289, 39.011864633984985], [-77.42072892347379, 39.01183863730486], [-77.42069229429454, 39.01183000745483], [-77.42067544531439, 39.0118253594603], [-77.42055367800684, 39.011797722184276], [-77.42040472406633, 39.01175192173463], [-77.42026184527307, 39.01169561004543], [-77.420126263701, 39.01162926876301], [-77.41999913900929, 39.01155346531903], [-77.41988155852358, 39.01146884807715], [-77.41982455852357, 39.01142384807715], [-77.41971024418316, 39.011324165048485], [-77.41960917820433, 39.01121616426643], [-77.4195437701514, 39.01113844410942], [-77.41952729859946, 39.011125174313996], [-77.41947229859946, 39.011075174313994], [-77.41935928849644, 39.010960524548345], [-77.41926270550903, 39.01083711888497], [-77.41918366013428, 39.010706376224114], [-77.41915009181791, 39.01064211687565], [-77.41907634058536, 39.010524685992685], [-77.41901172827633, 39.010384259219904], [-77.41899431965307, 39.01032719056888], [-77.41897270668154, 39.01028151734512], [-77.41896226683453, 39.01025137775197], [-77.41892582898416, 39.010169433694486], [-77.41890603498429, 39.010100325465075], [-77.41879566917859, 39.010276471358694], [-77.41879273271554, 39.010281135169905], [-77.41826074438336, 39.01112195567991], [-77.4178007345295, 39.01185876800001], [-77.41776467456302, 39.01191332971941], [-77.417595674563, 39.01215532971941], [-77.41752184311939, 39.012251325857406], [-77.4174248431194, 39.0123663258574], [-77.41736687243247, 39.01243086142963], [-77.41725987243247, 39.01254286142963], [-77.4172271833913, 39.01257599285696], [-77.4170091833913, 39.01278999285695], [-77.41697614682869, 39.012821437855], [-77.4169501468287, 39.012845437855006], [-77.41694253061402, 39.012852419921245], [-77.41654053061401, 39.013218419921245], [-77.4165353935998, 39.01322307540079], [-77.41641966763747, 39.01332747154862], [-77.41626615662109, 39.01348026522381], [-77.41603008909586, 39.01374971603543], [-77.41521261928396, 39.014814170209924], [-77.41427339437801, 39.01603646298317], [-77.41380321283687, 39.01664740012314], [-77.41263263265219, 39.01817954176416], [-77.4126290503054, 39.01818420914274], [-77.41181709747262, 39.01923725717253], [-77.41036710982665, 39.021147289075024], [-77.41029877371051, 39.02123022518842], [-77.41029527900471, 39.021234143494915], [-77.40991919277215, 39.02171474997075], [-77.40988593936171, 39.02175557797565], [-77.40969193936172, 39.02198457797565], [-77.40964541527526, 39.02203677508974], [-77.40954141527527, 39.02214777508974], [-77.40947396474996, 39.022215169593295], [-77.40938675938891, 39.0222968255223], [-77.40922677611736, 39.02245984165205], [-77.40861895307258, 39.02315668444986], [-77.40851442481622, 39.023264473516036], [-77.40839655635409, 39.0233635814326], [-77.40826653133583, 39.02345301294562], [-77.40812565548867, 39.02353186997283], [-77.40797534350527, 39.023599360622235], [-77.40781710483708, 39.023654807144425], [-77.4076525285363, 39.02369765273858], [-77.40748326729847, 39.02372746714396], [-77.40731102086576, 39.02374395096063], [-77.40713751895812, 39.02374693865607], [-77.40696450390307, 39.02373640022749], [-77.40679371313914, 39.02371244150307], [-77.40652790020458, 39.02366434201968], [-77.40648979763974, 39.023659246909254], [-77.40630313455915, 39.02364881573711], [-77.40626925380225, 39.02364900607844], [-77.4062205026159, 39.02365260701834], [-77.40618308527016, 39.02365714900829], [-77.40615969001638, 39.02366185574573], [-77.40610235472096, 39.02367705305296], [-77.40593927416421, 39.02372855217614], [-77.40578763257496, 39.02377017041589], [-77.40563168353474, 39.023800665790404], [-77.40502868353474, 39.023895665790405], [-77.4048045624376, 39.023919251618736], [-77.40454456243761, 39.023933251618736], [-77.40439772613638, 39.02393629964855], [-77.40425108604778, 39.02392965498568], [-77.40406008604779, 39.02391465498567], [-77.40395194027317, 39.02390347458188], [-77.40373394027316, 39.023875474581885], [-77.40357776749163, 39.02384961094419], [-77.40342532001561, 39.02381266563418], [-77.4028373200156, 39.02364666563418], [-77.40273110479416, 39.02361355082599], [-77.40248361355152, 39.023528903984044], [-77.4021953101124, 39.02344977722494], [-77.40162880739852, 39.02330537457238], [-77.39935388563396, 39.022905995393174], [-77.39928776203209, 39.02290411591095], [-77.39924292025826, 39.022909312168004], [-77.39827756141054, 39.0230480521833], [-77.39825291363684, 39.02305145138469], [-77.39781391363685, 39.023109451384684], [-77.39777251204976, 39.02311452105481], [-77.39745528365827, 39.02315031092462], [-77.39718267173556, 39.0231997218356], [-77.397115413479, 39.02322120356014], [-77.39679778265366, 39.02334762378912], [-77.39616661308227, 39.02361521641847], [-77.39603538715674, 39.023665382498294], [-77.39551538715675, 39.0238433824983], [-77.39549675672475, 39.02384965868587], [-77.3951408271422, 39.02396764091519], [-77.395037569388, 39.024002234883596], [-77.39490383675539, 39.0240618787058], [-77.39479758322352, 39.024119712906696], [-77.39475525232574, 39.02414771642369], [-77.39467907770346, 39.0242140482577], [-77.39433535619824, 39.024538152902814], [-77.3939277644381, 39.024980786488506], [-77.3939051199957, 39.025004812192954], [-77.3930891199957, 39.02585081219294], [-77.39298070433343, 39.025952431111925], [-77.39286002399965, 39.02604530396633], [-77.39272823831104, 39.026128538572266], [-77.39258661326798, 39.02620133533575], [-77.39243650939271, 39.026262994934015], [-77.39227936865946, 39.0263129250336], [-77.39211670064206, 39.02635064598054], [-77.39195006801226, 39.02637579540825], [-77.39178107152793, 39.0263881317185], [-77.39161133465528, 39.026387536402424], [-77.3914424879731, 39.02637401517894], [-77.39127615350851, 39.02634769793979], [-77.39111392915505, 39.02630883750178], [-77.39095737332241, 39.02625780717804], [-77.3908079899656, 39.026195097191845], [-77.39066721413714, 39.02612130996721], [-77.39023104087944, 39.025867655561996], [-77.38855179830242, 39.024975987573725], [-77.38818747738516, 39.024782534148656], [-77.38672420274558, 39.024021034081116], [-77.3867029101382, 39.024009774106325], [-77.38400991013819, 39.022562774106326], [-77.3839663185529, 39.02253856853789], [-77.38384955492909, 39.022471587854454], [-77.38346843303115, 39.02226089393056], [-77.38191074573449, 39.021434144236636], [-77.3805453231642, 39.020721663564046], [-77.37991424574378, 39.020397194512974], [-77.37985660444286, 39.02036623733065], [-77.3792426880499, 39.02002205743161], [-77.3778785333786, 39.01930464947139], [-77.37725486625105, 39.01898089870134], [-77.37721030244612, 39.01895697362516], [-77.37680809546069, 39.01873373912608], [-77.3753481368724, 39.017961227163035], [-77.37534165389553, 39.017957780057316], [-77.37446369762907, 39.01748868081482], [-77.37388312744866, 39.01718865461422], [-77.37334786745619, 39.01691558297295], [-77.37292251622267, 39.01669953155274], [-77.37264088851614, 39.0165625234793], [-77.37260489657615, 39.01654452897525], [-77.37220221346486, 39.016337691744404], [-77.37167147142954, 39.0160653372789], [-77.37119925167175, 39.01582369974398], [-77.37112098680711, 39.01582739408292], [-77.37094730424344, 39.01582201011078], [-77.37077519017207, 39.01580310661465], [-77.37060637848478, 39.01577087402993], [-77.37044256980488, 39.015725637070446], [-77.37028541435494, 39.01566785145717], [-77.37013649533233, 39.01559809932726], [-77.36994373715713, 39.01549722587808], [-77.36983497907902, 39.01544035238768], [-77.36979923085102, 39.01541989110982], [-77.3696408223645, 39.01533546982061], [-77.36941280755212, 39.015214482369146], [-77.36846456384666, 39.01473445858463], [-77.36772791611536, 39.0143607406206], [-77.36768279302602, 39.014338922863125], [-77.3668943861045, 39.01399140772433], [-77.36677922174712, 39.01393590748894], [-77.3630352217471, 39.01196990748895], [-77.36289301272303, 39.01188664847197], [-77.36278545783983, 39.011809017098855], [-77.36274238530659, 39.01178599114266], [-77.36241216971624, 39.01160024487308], [-77.36044798839875, 39.01051446139352], [-77.35935371765974, 39.0099093117008], [-77.35921581264596, 39.009833023839285], [-77.3582971295451, 39.00932984057905], [-77.35826832452666, 39.009313717519845], [-77.35680832452664, 39.00847871751984], [-77.3551478923044, 39.00752847024398], [-77.35514639586937, 39.00752761288739], [-77.35422679019564, 39.007000148408586], [-77.3530293203068, 39.006336538131066], [-77.35214487347726, 39.00584540137828], [-77.34901130930636, 39.00412045832524], [-77.34504091460788, 39.00214765296943], [-77.3450325850554, 39.002143488060284], [-77.34440058505541, 39.00182548806029], [-77.34439213179915, 39.00182120746778], [-77.34429036243343, 39.00176934423332], [-77.34284059756013, 39.00103547565077], [-77.34270046569068, 39.00095651866546], [-77.34223646569069, 39.00066651866546], [-77.34217148836456, 39.00062382368474], [-77.34144448836456, 39.00012182368474], [-77.34143678361124, 39.00011647144196], [-77.3403085260001, 38.999327990259324], [-77.33926226916194, 38.99859850841418], [-77.33923411144282, 38.998578436100246], [-77.33835453205432, 38.99793740335394], [-77.33729527026998, 38.99720467352169], [-77.33694189176359, 38.99696093045219], [-77.3360826495102, 38.99638049544269], [-77.33600422581499, 38.99632412768186], [-77.33566490413578, 38.9960647044213], [-77.3352002090731, 38.99571477210689], [-77.33511072211729, 38.995652520311545], [-77.33510635428611, 38.99564947144452], [-77.3343869612435, 38.99514560107817], [-77.3337887547419, 38.99474156652299], [-77.33375874651021, 38.99472081928698], [-77.33206874651023, 38.99352481928698], [-77.33200862679877, 38.99348017576912], [-77.33116662679876, 38.99282417576912], [-77.32960854299209, 38.99161011047109], [-77.32959806948553, 38.991601879014844], [-77.32924106948553, 38.99131887901485], [-77.32917921718673, 38.991267206339245], [-77.32903079292193, 38.991136504374715], [-77.32841121241206, 38.99068242824762], [-77.32829158700024, 38.99060837442124], [-77.32766666067174, 38.990236302899525], [-77.32712908278425, 38.989927729310665], [-77.32691628760226, 38.98980711268677], [-77.32690841615664, 38.989802624523534], [-77.32543341615664, 38.98895662452354], [-77.32542762483749, 38.988953288367455], [-77.3247276248375, 38.98854828836745], [-77.324725244331, 38.98854690860772], [-77.32391924433102, 38.98807890860772], [-77.32384376207756, 38.988032485347205], [-77.32363176207754, 38.987894485347205], [-77.32360657054623, 38.98787776597352], [-77.32343957054623, 38.98776476597352], [-77.32335753872377, 38.98770553058702], [-77.32323567158647, 38.98761164775533], [-77.3228900789474, 38.98735654455377], [-77.32280222288973, 38.987286815571984], [-77.32257022288972, 38.98708881557198], [-77.32254295557146, 38.98706498359558], [-77.32227595557148, 38.98682598359557], [-77.32223110384894, 38.98678415704239], [-77.32194710384894, 38.9865081570424], [-77.32193010775428, 38.986491368542325], [-77.32168410775428, 38.986244368542316], [-77.32160281818734, 38.9861555457133], [-77.32137881818734, 38.9858885457133], [-77.32133262771283, 38.98583030919083], [-77.32102881845908, 38.985424563937464], [-77.32063700935464, 38.9849018186272], [-77.32060580739922, 38.984858364514366], [-77.31928882330486, 38.98294193927983], [-77.31886978836953, 38.982366575637954], [-77.31846361886761, 38.98187414004713], [-77.31819630373816, 38.98157877333002], [-77.31790947659418, 38.98130517164513], [-77.31753694873427, 38.98097696988501], [-77.31751303298407, 38.98095544601186], [-77.31735115201006, 38.98080660758078], [-77.31690214613376, 38.98046049888446], [-77.31645569555812, 38.980143237747036], [-77.31602891810607, 38.97987224217863], [-77.3159041849323, 38.97980693685205], [-77.31587281092014, 38.97979011762386], [-77.3154249354362, 38.979544320449385], [-77.3149921127738, 38.97931601838568], [-77.31422539475207, 38.97892229832048], [-77.31332892517088, 38.97851328958333], [-77.31239035769123, 38.97818531433022], [-77.30958035389158, 38.97737111866861], [-77.30648608283228, 38.97649046456267], [-77.30647600563023, 38.97648756890731], [-77.30507300563023, 38.97608056890731], [-77.3049602475437, 38.976044289114526], [-77.3042462475437, 38.975791289114525], [-77.30417220211726, 38.97576338079341], [-77.30374220211726, 38.975591380793404], [-77.30363093868385, 38.975542762240345], [-77.30307993868385, 38.975280762240345], [-77.30304676715043, 38.975264585718904], [-77.30282076715044, 38.975151585718905], [-77.30272951206959, 38.97510267953134], [-77.3018986699862, 38.97462621095304], [-77.3010468677582, 38.974146699908616], [-77.30103918118644, 38.97414234779532], [-77.29994740750004, 38.973520615613765], [-77.29726963899459, 38.972005877906945], [-77.29722249077784, 38.97197823966315], [-77.296643753609, 38.971626795309795], [-77.29548884418138, 38.97098149088744], [-77.29547740900111, 38.97097504635468], [-77.29538499968538, 38.97092251895415], [-77.2926369142918, 38.96937256751951], [-77.29200236557757, 38.96907673061896], [-77.29180847225606, 38.96899716483364], [-77.29166390914591, 38.968940694868735], [-77.2914544634685, 38.968867129238234], [-77.29142050596042, 38.96885485648405], [-77.29067570785332, 38.96857802015061], [-77.28924939649067, 38.968067279926366], [-77.28825355702755, 38.96771474886642], [-77.28809185237373, 38.967781679800765], [-77.28791451412775, 38.96783657248307], [-77.28784551412775, 38.96785457248308], [-77.28766560123151, 38.96789325157768], [-77.28758476695027, 38.96790351444571], [-77.28746092794206, 38.96795781576493], [-77.28732692794206, 38.96800981576494], [-77.28727901759699, 38.968027328922126], [-77.28720070376558, 38.968064049542505], [-77.28708370376559, 38.9681140495425], [-77.28694373589772, 38.96816762845112], [-77.28693490830236, 38.96817026964183], [-77.28690457765306, 38.96828345667256], [-77.28684622787685, 38.968423012981035], [-77.28676871851737, 38.968556804278684], [-77.28667296897865, 38.96868324355385], [-77.28661996897866, 38.96874524355384], [-77.2865099045135, 38.968860225993424], [-77.28638476178105, 38.9689654586382], [-77.28624595750118, 38.96905975016706], [-77.28609506305382, 38.96914203312146], [-77.28606006305382, 38.969159033121464], [-77.2859054723342, 38.96922583901037], [-77.28574293172227, 38.969280030553286], [-77.2855741359423, 38.96932104272389], [-77.28555180953039, 38.969325508006264], [-77.28547024897458, 38.96934808265759], [-77.28531482213724, 38.96937884992203], [-77.28526482213724, 38.96938684992204], [-77.2850724696041, 38.96940895562244], [-77.28498746960409, 38.96941495562244], [-77.28487553973646, 38.969418824070665], [-77.2848371505358, 38.9694498959056], [-77.28472157839053, 38.969528224357546], [-77.28459755805356, 38.96959829537588], [-77.28446606094023, 38.96965956011464], [-77.28439706094024, 38.96968856011464], [-77.28424397231437, 38.96974554829983], [-77.28410668375253, 38.969784324524866], [-77.28406929486596, 38.96979754563863], [-77.28393566048133, 38.969834860380686], [-77.28382243698124, 38.96985853672529], [-77.28379487015107, 38.96987155439509], [-77.28369105298806, 38.969925352637226], [-77.2835431304345, 38.96998684131699], [-77.28348613043448, 38.970007841316985], [-77.28330945113687, 38.97006388539923], [-77.28312592046856, 38.97010446691874], [-77.28301192046857, 38.97012446691874], [-77.28282146953893, 38.9701492922315], [-77.28262865041597, 38.970157465522334], [-77.28257162498502, 38.97015492753503], [-77.28255392068971, 38.9701586159299], [-77.28239035151455, 38.97018617899512], [-77.28222412669584, 38.97020132846153], [-77.2820567986567, 38.97020392284375], [-77.28188993012358, 38.97019393791207], [-77.2818521158994, 38.97018878340721], [-77.28176615912048, 38.97018697379081], [-77.28159881774744, 38.97017712178079], [-77.28149826326332, 38.97016349295347], [-77.2815357832381, 38.970211838614155], [-77.28157335293633, 38.97026742643297], [-77.2815990274299, 38.97029425483636], [-77.2817049068555, 38.970418737457535], [-77.28179244009289, 38.970551568575196], [-77.28181644009288, 38.9705935685752], [-77.28188420208774, 38.97073225960516], [-77.28193195534689, 38.97087590662116], [-77.28195912086106, 38.97102276790007], [-77.28196512086107, 38.97107576790006], [-77.28196882210433, 38.97127299051109], [-77.28196482210433, 38.97132599051109], [-77.28194951967974, 38.97144226780696], [-77.28193351967974, 38.97152726780696], [-77.28190938166343, 38.971628405839105], [-77.28187539799855, 38.97172781642991], [-77.28182839799857, 38.97184681642992], [-77.28177889949255, 38.97195538035686], [-77.28171766461365, 38.972060258127875], [-77.28164514088385, 38.97216068326619], [-77.28160214088385, 38.97221468326619], [-77.28149511591154, 38.97233414635167], [-77.28137214723378, 38.972443925523066], [-77.28123467104828, 38.972542738627865], [-77.28118967104828, 38.97257173862787], [-77.28107354266467, 38.97264037351918], [-77.2809504044575, 38.972701163040306], [-77.28082112960821, 38.9727536761286], [-77.28066512960821, 38.972810676128596], [-77.28045876464536, 38.97287387238917], [-77.28015076464537, 38.97295087238918], [-77.28000711238464, 38.972981549528654], [-77.27986060329296, 38.97300250776484], [-77.27972260329297, 38.97301750776483], [-77.2795341901039, 38.973029877973936], [-77.27934516668383, 38.973026192214], [-77.279157786358, 38.9730064944225], [-77.27913911184561, 38.97300371639586], [-77.2791310446894, 38.973003284226785], [-77.27895302978186, 38.97298650739843], [-77.2787781987446, 38.97295549812834], [-77.2786084259721, 38.97291058887239], [-77.27854021097734, 38.97288616305215], [-77.27852085362329, 38.97292351946714], [-77.27844840017389, 38.97303319403052], [-77.27842040017389, 38.97307119403052], [-77.27832101130751, 38.97319092273746], [-77.2782280113075, 38.97329092273746], [-77.27813257846402, 38.973384505336774], [-77.2780268679277, 38.973471143498934], [-77.2779388679277, 38.97353714349892], [-77.2779315469459, 38.97354215847367], [-77.27792169759631, 38.973589099499506], [-77.27787892877703, 38.97371495997952], [-77.27782074945799, 38.973837021715], [-77.27774770271071, 38.973954145327696], [-77.27766047038584, 38.97406523753398], [-77.27755986674852, 38.97416926135004], [-77.27744683087761, 38.97426524577154], [-77.27739883087759, 38.97430224577154], [-77.27726852456654, 38.974393017188596], [-77.27712711582292, 38.97447309932905], [-77.27697604694862, 38.9745416753932], [-77.27681685877425, 38.9745980459378], [-77.27676485877424, 38.9746140459378], [-77.27659936766818, 38.97465759360309], [-77.27642907982691, 38.974687946862744], [-77.27624707982692, 38.97471294686275], [-77.27624585137029, 38.974713046752896], [-77.27624547747065, 38.97471334480542], [-77.27621147747065, 38.97473834480542], [-77.27606680155809, 38.974833620271006], [-77.27590961043548, 38.974916023341535], [-77.27574178702488, 38.974984566947526], [-77.27569678702487, 38.97500056694753], [-77.27553820952716, 38.97504975216277], [-77.27550091218812, 38.97505811936893], [-77.27534990286355, 38.97510356605768], [-77.27517398768366, 38.97514053538455], [-77.27499405382675, 38.975162918130586], [-77.27486105382674, 38.97517391813057], [-77.27468596932468, 38.97518145249532], [-77.2745931331387, 38.97517812401624], [-77.27458390835491, 38.97517825213823], [-77.274428167688, 38.97517496157136], [-77.27427343733325, 38.975160793847195], [-77.27421843733325, 38.97515379384719], [-77.27405451404094, 38.975126534934034], [-77.27389474567218, 38.97508707285424], [-77.27375084412705, 38.97503917725939], [-77.27368586057433, 38.97502019573984], [-77.27353586858378, 38.974963010117094], [-77.27339365467869, 38.97489484748839], [-77.2732605417993, 38.97481634193438], [-77.2732175417993, 38.97478834193438], [-77.27303485301744, 38.97465039784783], [-77.27299760683906, 38.97461780744175], [-77.27288807684282, 38.974534994112304], [-77.27278419503833, 38.97444046006343], [-77.2727651950383, 38.974421460063425], [-77.27266685149306, 38.97431239012565], [-77.27258283234154, 38.97419629666569], [-77.27251283234155, 38.97408729666569], [-77.27244516304616, 38.97396776305111], [-77.27239268597475, 38.97384369326831], [-77.27235589421565, 38.9737162531095], [-77.27233513347387, 38.97358664003584], [-77.27232813347388, 38.97351464003585], [-77.2723233578853, 38.973394787260396], [-77.27233229539021, 38.97327507871393], [-77.27235487521133, 38.97315646238362], [-77.27239091853623, 38.97303987760723], [-77.27241091853622, 38.97298587760722], [-77.27245141646846, 38.97289014488433], [-77.27247860741039, 38.97283908213801], [-77.27250221030222, 38.97278518392638], [-77.27251061605291, 38.97277080322206], [-77.27250038909915, 38.97272707389446], [-77.27249689029387, 38.97269515638626], [-77.27246350880755, 38.972711161208466], [-77.27233045639684, 38.97276883256782], [-77.27219140620724, 38.97281718513198], [-77.27216942658802, 38.97282308714426], [-77.27209019218563, 38.972861787508805], [-77.27193922588756, 38.972920437694356], [-77.2717816403542, 38.972967378024514], [-77.27161893165123, 38.973002162863075], [-77.27145264448203, 38.97302446197413], [-77.27128435752277, 38.97303406365719], [-77.27111566843502, 38.973030876756994], [-77.27099266843503, 38.97302387675699], [-77.27082189284413, 38.97300748884848], [-77.2706756999588, 38.9729818000018], [-77.27051719855925, 38.972971758395914], [-77.27034466131697, 38.97294696872765], [-77.27030812012265, 38.97294021321274], [-77.27026009802019, 38.972935119959445], [-77.27002474278463, 38.972896570950496], [-77.27002419706768, 38.97289652979807], [-77.26988369003172, 38.9728975082321], [-77.26972267517036, 38.9728869103459], [-77.26968367517037, 38.9728829103459], [-77.26964603021909, 38.97287872165383], [-77.2696210302191, 38.97287572165383], [-77.26961030280658, 38.97287440755903], [-77.26958630280659, 38.972871407559026], [-77.2695402053036, 38.97286514715928], [-77.26946520530359, 38.97285414715928], [-77.26933368443036, 38.97283069551266], [-77.2692746446129, 38.97281826607741], [-77.26910046287078, 38.972791002848204], [-77.26894393471292, 38.97276053723292], [-77.26883693471291, 38.972735537232936], [-77.26873575924897, 38.972709228961875], [-77.26868476906414, 38.97269459699579], [-77.26867743762523, 38.972692990105074], [-77.2685177587632, 38.97265137361594], [-77.26822775876319, 38.972563373615934], [-77.26808856984967, 38.97251555484414], [-77.26796656984968, 38.97246855484414], [-77.26785205082003, 38.97242018047582], [-77.26774253071963, 38.97236524325959], [-77.26767453071962, 38.97232824325959], [-77.26754020572545, 38.97224723735356], [-77.26748392025713, 38.972209713708004], [-77.26744669480017, 38.97221550042907], [-77.26726365938318, 38.97222849794451], [-77.26707988440543, 38.972226329052056], [-77.26698588440546, 38.97222132905205], [-77.26678947592423, 38.97220205754867], [-77.26659717733914, 38.97216547147603], [-77.266560288059, 38.972154857713086], [-77.26651265116085, 38.97217795014995], [-77.26650743171035, 38.97218025448181], [-77.26646536684606, 38.97221254079497], [-77.26632680634182, 38.972299006961485], [-77.2662858063418, 38.972322006961484], [-77.26613467747555, 38.972397831205114], [-77.26597425798717, 38.972461053089575], [-77.2658062775225, 38.97251099095535], [-77.26569949758137, 38.972533188595115], [-77.26569378810495, 38.972535644715094], [-77.2655551835308, 38.97258347837527], [-77.26543718353079, 38.97261947837527], [-77.26524198911049, 38.97266886361122], [-77.26517129051817, 38.97268320825314], [-77.26513849397462, 38.97269210223105], [-77.26509332807687, 38.972735772569266], [-77.2650757274208, 38.97275516921065], [-77.26497670140041, 38.97285417431412], [-77.2648997014004, 38.97292417431413], [-77.26479144422267, 38.97301394247975], [-77.26478845949407, 38.97301620119328], [-77.26473436216769, 38.97311909706663], [-77.26470605126688, 38.97316647449244], [-77.26469996116415, 38.97324912588654], [-77.26468544532129, 38.97336228544423], [-77.2646744453213, 38.973422285444244], [-77.2646390505134, 38.973562036534304], [-77.26458489349116, 38.97369809969709], [-77.26451257942138, 38.973828954521984], [-77.26442291636319, 38.973953138797874], [-77.26431690623852, 38.974069264852425], [-77.26426390623853, 38.974121264852414], [-77.2641617281091, 38.974212743164735], [-77.26404939915305, 38.97429670788842], [-77.26396739915306, 38.97435270788843], [-77.26383228119614, 38.974436093620824], [-77.26368717410402, 38.97450860947159], [-77.26353351689329, 38.97456953630624], [-77.26337283337146, 38.974618269917734], [-77.26320671702548, 38.97465432701836], [-77.26311571702547, 38.97467032701836], [-77.26298885017668, 38.974688796668644], [-77.26286056776303, 38.97469986330219], [-77.26263256776303, 38.97471286330219], [-77.26243577078446, 38.974715358336404], [-77.26234077078446, 38.97471235833641], [-77.26214423719834, 38.97469738467555], [-77.26195117215865, 38.97466509986963], [-77.26188117215864, 38.97465009986963], [-77.2617135597286, 38.974606919215155], [-77.26155246909157, 38.974550684178425], [-77.26149582998691, 38.9745252327346], [-77.26130666577998, 38.974481272038624], [-77.26124580695367, 38.9745401833825], [-77.26114126588834, 38.97463242129375], [-77.26102635202162, 38.974716859013725], [-77.26093535202163, 38.97477785901373], [-77.26081189862559, 38.9748524333017], [-77.26073266739569, 38.974903159343114], [-77.26070080035454, 38.97495305728909], [-77.26063580035454, 38.975039057289095], [-77.26063293167176, 38.975042345073994], [-77.26059044056414, 38.97510916207595], [-77.26049497967779, 38.975226891138604], [-77.26038441797984, 38.9753363291375], [-77.26025993539632, 38.97543630813884], [-77.26012286041843, 38.97552576115621], [-77.25997465592474, 38.975603733537646], [-77.25981690356912, 38.975669393153694], [-77.25977590356914, 38.9756843931537], [-77.259618594402, 38.97573476208523], [-77.25945569307035, 38.97577287983138], [-77.25928877131308, 38.975798378616524], [-77.2592108412773, 38.97580419296117], [-77.25914464033464, 38.975823856607505], [-77.25913395442379, 38.975826644803824], [-77.25902276091989, 38.97586559703076], [-77.25890911955204, 38.97589686919777], [-77.25887972727017, 38.97590892756981], [-77.25871023390846, 38.97596962229116], [-77.2585333321228, 38.9760157769562], [-77.25835107533501, 38.976046855815724], [-77.25833403807003, 38.97604829251362], [-77.2581893801705, 38.976080329870186], [-77.2580356449385, 38.97610295387947], [-77.25787991282688, 38.97611468967933], [-77.25782991282689, 38.97611668967933], [-77.25781961688692, 38.97611661507513], [-77.25774641932757, 38.97612893905759], [-77.2575687381537, 38.9761441851165], [-77.25738998365526, 38.976145098768626], [-77.25721206038962, 38.97613167027936], [-77.25703686405767, 38.976104042723875], [-77.25699186405767, 38.97609504272388], [-77.25680388031435, 38.97604841659319], [-77.2566239327804, 38.975985456142205], [-77.25645435718528, 38.97590697860122], [-77.25641479967355, 38.975886210907575], [-77.2564019338895, 38.975908431453306], [-77.25637893388951, 38.97594343145331], [-77.25629706524161, 38.97605462846439], [-77.25620199052, 38.97615927131841], [-77.25609456966143, 38.976256413536255], [-77.25597577427165, 38.97634517648097], [-77.25593289653787, 38.97637429494196], [-77.25588234012473, 38.97641792808497], [-77.25581722646018, 38.97646494045151], [-77.25572975494012, 38.97657560987415], [-77.25562424641967, 38.97668318905424], [-77.2555054018836, 38.97678199161399], [-77.25537441998335, 38.97687102104287], [-77.25534534357108, 38.97688886338676], [-77.25528558179002, 38.97693221083231], [-77.25504958179, 38.9770852108323], [-77.25500545983255, 38.977112876411596], [-77.25495070847442, 38.97714607211691], [-77.25491334604766, 38.977174532825494], [-77.25487440821053, 38.97720059358264], [-77.25487018471424, 38.97720407579815], [-77.2548011830454, 38.97726660747152], [-77.25469018388324, 38.97735066747958], [-77.25466418388322, 38.97736866747958], [-77.254526480012, 38.97745462885785], [-77.25449433579752, 38.97747080682329], [-77.25440453430934, 38.97753151866543], [-77.25426853430936, 38.97761651866543], [-77.25412196511574, 38.97769871845278], [-77.25396518682355, 38.977768589386784], [-77.2538967925076, 38.97779548602789], [-77.25383113461285, 38.977832581109055], [-77.25377278646388, 38.97785922202365], [-77.25373971730535, 38.97792100913566], [-77.25367490884788, 38.978028493112454], [-77.25359819220317, 38.97813112120155], [-77.25351016294519, 38.9782280966708], [-77.25341150447103, 38.97831866667099], [-77.25333650447104, 38.978381666670984], [-77.25318551299802, 38.978494064468244], [-77.25309522974457, 38.978546645026334], [-77.25306758445825, 38.97856418915034], [-77.25293466555999, 38.978640622523436], [-77.25279298739584, 38.978706848781854], [-77.2527674650824, 38.97871633166105], [-77.2527584022722, 38.978722478983244], [-77.25261066571379, 38.97880327847414], [-77.25256766571381, 38.97882427847413], [-77.25242515749375, 38.97888677779919], [-77.25231342857661, 38.97892547183823], [-77.25228371059445, 38.97894656240156], [-77.2521382482632, 38.97902996794399], [-77.25198424826317, 38.979108967943986], [-77.25185694654135, 38.979168344576635], [-77.25172357805234, 38.97921902192616], [-77.25158512241836, 38.979260627755764], [-77.25144812241837, 38.979296627755765], [-77.25129817481327, 38.97933025593547], [-77.25113217481325, 38.979361255935466], [-77.25110613458133, 38.97936542490157], [-77.25100135283307, 38.97939517863919], [-77.25084334617468, 38.979427304368016], [-77.25068215279285, 38.979447706596716], [-77.25056279222206, 38.979453930977506], [-77.25039113594244, 38.97949704272386], [-77.25030113594244, 38.979515042723854], [-77.2501501024018, 38.97953972508555], [-77.24999684444349, 38.97955384750922], [-77.24992684444348, 38.97955784750923], [-77.24971655503725, 38.979559901652074], [-77.24950749620501, 38.97954210760385], [-77.249477496205, 38.979538107603844], [-77.24932341838678, 38.97951189445736], [-77.24917304454262, 38.979474883321984], [-77.24914738171069, 38.979467551084284], [-77.24914476986889, 38.97946692826047], [-77.2490262902555, 38.97944561329022], [-77.2490103057046, 38.97944213278316], [-77.24893744512521, 38.97943310511231], [-77.2487660853955, 38.97939758455509], [-77.24860029272266, 38.97934861509088], [-77.24845511141032, 38.97929190744682], [-77.24836441518562, 38.97926161051113], [-77.24818262226005, 38.979179290928904], [-77.24812862226005, 38.979151290928904], [-77.24799732697413, 38.97907603270546], [-77.24787571179132, 38.97899149908158], [-77.24776485510004, 38.978898439635365], [-77.24766573989073, 38.97879767954525], [-77.24757924503966, 38.978690112272965], [-77.24755324503967, 38.97865411227296], [-77.24747411209407, 38.97853000552395], [-77.24741177535665, 38.97840023263553], [-77.247366893792, 38.97826616544296], [-77.24733994184521, 38.97812922117679], [-77.24733294184522, 38.978075221176795], [-77.24732437474903, 38.977920841157705], [-77.24733858005723, 38.97776671309435], [-77.24734658005724, 38.97771871309435], [-77.24735331064146, 38.97768851927797], [-77.2473522437717, 38.97767144936168], [-77.2473508265397, 38.97756974836251], [-77.24735927223782, 38.97746825389803], [-77.24736627223781, 38.97741525389804], [-77.24738597486483, 38.977315701025624], [-77.24718120955465, 38.97730595029657], [-77.24709326699241, 38.977300008817814], [-77.24705282852734, 38.97729646676248], [-77.247013, 38.97729646676248], [-77.24684261862471, 38.977289929567476], [-77.24677144441641, 38.977284454628375], [-77.24671239085167, 38.97728306185562], [-77.2467047169361, 38.97728355443816], [-77.24654714653872, 38.977282486547885], [-77.24639035316972, 38.977270279151355], [-77.24623563494737, 38.977247033315656], [-77.24618796093127, 38.977236295531824], [-77.24609115622506, 38.97722698520709], [-77.24594607170933, 38.97720308424354], [-77.24592876626866, 38.977199002941205], [-77.24592092908067, 38.97721046181814], [-77.24582895583218, 38.97731845428952], [-77.24572407878735, 38.97741907533301], [-77.24560726739804, 38.977511394837904], [-77.24557979492279, 38.97752929105029], [-77.2455632007858, 38.97754280586288], [-77.24546822846384, 38.97761392810076], [-77.24543674838168, 38.9776435564134], [-77.24530918685171, 38.97775113720656], [-77.24530565182727, 38.97775353484866], [-77.24519671488207, 38.97783575067644], [-77.24507132394568, 38.9779141981229], [-77.24493711707558, 38.97798325238658], [-77.24489322537511, 38.97800152663183], [-77.24488553640255, 38.97800653742403], [-77.24481553640254, 38.97804753742403], [-77.24478865485116, 38.97806171756979], [-77.24469578231748, 38.97813117101696], [-77.24456549252247, 38.978211419093654], [-77.2444259176529, 38.978281581772855], [-77.24427834275852, 38.97834101307484], [-77.24412412654439, 38.97838916582246], [-77.24396468886145, 38.97842559667891], [-77.24380149763411, 38.97844997022949], [-77.24379248609888, 38.97845062886426], [-77.2437741431269, 38.978457492533906], [-77.24360830652931, 38.97850406902705], [-77.24357030652932, 38.97851306902705], [-77.24339523950205, 38.97854689169013], [-77.2432166005005, 38.97856636208064], [-77.24312101087611, 38.97856896395191], [-77.24311811909308, 38.978569229719284], [-77.24307601265939, 38.97857976495266], [-77.24286901265938, 38.97862476495266], [-77.24271489524092, 38.978652433682655], [-77.24255817620319, 38.9786690465409], [-77.24245817620321, 38.9786760465409], [-77.24231172163945, 38.97868144967447], [-77.24228331051141, 38.97868062456648], [-77.24222049759267, 38.97868241951483], [-77.24206461862431, 38.97867592956745], [-77.24202561862434, 38.978672929567445], [-77.2417964976187, 38.97864312316746], [-77.24174675377392, 38.978633947118425], [-77.24159273285315, 38.978619668280984], [-77.24142822837261, 38.97859159944855], [-77.24127091781429, 38.978551964401106], [-77.24110118060682, 38.978531061412596], [-77.24092619742693, 38.97849460629381], [-77.24075706566802, 38.97844412877063], [-77.24074236825462, 38.97843904120445], [-77.24066898248749, 38.97841719200199], [-77.24052164401596, 38.97836032696002], [-77.24038190297517, 38.97829284329574], [-77.24035572098208, 38.978278817228016], [-77.24028250339268, 38.97824957026928], [-77.24014162347231, 38.978179151759484], [-77.24001014254655, 38.978098476273146], [-77.2399862026174, 38.978080612708766], [-77.23996220572542, 38.97806623735353], [-77.23995688087729, 38.97806268745477], [-77.23994185939468, 38.97805774792833], [-77.23991076198588, 38.97804457061693], [-77.23987962733344, 38.97803543072593], [-77.23972489697903, 38.97797569919303], [-77.2395785835239, 38.977904271990184], [-77.2394589879309, 38.97783203455991], [-77.23942709032413, 38.97783815522534], [-77.23926384952358, 38.97785689350611], [-77.23924183553092, 38.977857770504244], [-77.23936742508164, 38.97795609775499], [-77.23948407434261, 38.97806963798686], [-77.2395377324034, 38.97813528769222], [-77.23960580076682, 38.97820334015931], [-77.23968297749073, 38.978294994774885], [-77.23973297749073, 38.9783599947749], [-77.23977918304378, 38.978423951372996], [-77.23980171147784, 38.97845722413713], [-77.23989806298138, 38.97852883579901], [-77.23996606298138, 38.978583835799], [-77.24007758600226, 38.978684052822004], [-77.24018039385432, 38.97877422507212], [-77.24045044839654, 38.97897662263774], [-77.24050286635749, 38.97900092628119], [-77.24064039224848, 38.97907995968052], [-77.24075039224849, 38.97914995968052], [-77.24089336556465, 38.97925185174241], [-77.24102080496206, 38.979365539936936], [-77.24119880496207, 38.97954353993694], [-77.24129062756587, 38.97964462080177], [-77.24134162756587, 38.979706620801764], [-77.24141899350872, 38.97981061164106], [-77.2414688847821, 38.97989403408834], [-77.24150846009516, 38.9799002254459], [-77.24167707438106, 38.97994086515271], [-77.24183949587257, 38.97999464872253], [-77.24199403712439, 38.98006101738182], [-77.24202303712438, 38.98007501738182], [-77.24216495694229, 38.98015140310569], [-77.24229640181734, 38.980238399207046], [-77.24233740181735, 38.98026839920704], [-77.24244014941242, 38.98035024830681], [-77.24249756435842, 38.98040005022129], [-77.24253827055652, 38.980425265868334], [-77.2425882705565, 38.98046026586834], [-77.24266278503134, 38.98051791147771], [-77.24278090501842, 38.98055873254279], [-77.24301390501842, 38.98064973254279], [-77.24311485316453, 38.98069522926742], [-77.24326426807964, 38.98074822372007], [-77.2433492088681, 38.9807737059566], [-77.24339652851764, 38.980785002990054], [-77.24360020978318, 38.980801603970946], [-77.24365881243688, 38.98080620846516], [-77.24372404817747, 38.98079337649434], [-77.24388721709312, 38.98077389522701], [-77.24405202865483, 38.980766590541485], [-77.24421698533686, 38.980771528810266], [-77.24438058829475, 38.98078866516279], [-77.24454135098448, 38.9808178438932], [-77.24469781266946, 38.98085879987504], [-77.24484855169331, 38.98091116097036], [-77.24487655169331, 38.98092216097036], [-77.2450388318072, 38.98099473023786], [-77.24519009842496, 38.98108050251946], [-77.24527209842496, 38.98113250251946], [-77.24539978191015, 38.98122203445236], [-77.24551542984318, 38.9813209735778], [-77.24555803263694, 38.98136561291639], [-77.2456292797039, 38.981387897794164], [-77.24576936200292, 38.981443692855734], [-77.24590235639492, 38.98150915170504], [-77.2459833563949, 38.98155315170504], [-77.24613561060308, 38.98164612022056], [-77.2461736106031, 38.98167212022055], [-77.24629561740298, 38.98176424521312], [-77.24640542663049, 38.98186523447663], [-77.24650197998321, 38.981974114712315], [-77.24658434691408, 38.98208983657103], [-77.24665173359982, 38.982211284766464], [-77.24667773359981, 38.98226528476646], [-77.2467225957463, 38.98237173429963], [-77.24675593834164, 38.982480715470416], [-77.24676693834164, 38.98252471547042], [-77.24679665711909, 38.982714983693675], [-77.2468046571191, 38.982839983693665], [-77.24680231350851, 38.98297534837952], [-77.24680578543776, 38.98301193717245], [-77.24682232882442, 38.98305679520165], [-77.24684937982525, 38.98310378984838], [-77.2468495130975, 38.9831040438986], [-77.24691285939025, 38.9832046830419], [-77.2469785712534, 38.983348165522784], [-77.24702305085549, 38.98349650168945], [-77.24703605085547, 38.983554501689454], [-77.24705862323331, 38.98370441713793], [-77.24705937521868, 38.983833178735196], [-77.24705988314871, 38.98383464226237], [-77.24711114802498, 38.98394770589363], [-77.24713681761739, 38.984008947724504], [-77.24715696497323, 38.98406122194509], [-77.24723234760573, 38.98421748386037], [-77.24726706754487, 38.98429688279454], [-77.24730828860132, 38.98440174337675], [-77.24734432931015, 38.984476445936856], [-77.24740195171356, 38.9846196593172], [-77.24740436586927, 38.984627087488605], [-77.24749436964679, 38.984813887781584], [-77.24751600504565, 38.98484759634421], [-77.24756772804434, 38.98494740398288], [-77.24756870890785, 38.98494953880343], [-77.24761617456836, 38.985005343025925], [-77.24770983320705, 38.98512936801274], [-77.24778596553877, 38.985260454792964], [-77.24780996553876, 38.98530845479296], [-77.24786795412939, 38.98544582985347], [-77.24790668992797, 38.985587248688674], [-77.24791739530689, 38.98564010649709], [-77.24797087386081, 38.98585014545518], [-77.24843349301973, 38.98696910554585], [-77.24862746100814, 38.987437612840914], [-77.24865912197863, 38.98748564297417], [-77.2487191302268, 38.98760233814373], [-77.24876490279743, 38.9877228761344], [-77.24879604143152, 38.987846208166594], [-77.24880600164857, 38.987898432007384], [-77.24884546377649, 38.98796200988013], [-77.24891938153159, 38.988100221220684], [-77.24899138153161, 38.98825922122067], [-77.24903833701748, 38.98838095143301], [-77.24906333701747, 38.98845895143301], [-77.24910143233404, 38.98861789966684], [-77.24910473500422, 38.98863846145212], [-77.24914428998888, 38.98869055250558], [-77.24922628998888, 38.98881355250558], [-77.24928126328842, 38.9889040930212], [-77.24932744321312, 38.98899755998166], [-77.24934944321312, 38.98904755998165], [-77.2494101876407, 38.98922373064363], [-77.24943907281454, 38.989337895854476], [-77.24950778241164, 38.98952901910162], [-77.24952570540096, 38.9895876841639], [-77.24954843270473, 38.989629742737556], [-77.24960736047416, 38.98975608857396], [-77.24962208057126, 38.98979334881976], [-77.24963502675685, 38.98981962196108], [-77.2496823586166, 38.989929626734224], [-77.24973335861661, 38.99006762673422], [-77.24973443947171, 38.990070563934644], [-77.2497824394717, 38.990201563934654], [-77.24980453565816, 38.990268294942865], [-77.24983011918327, 38.99035463934007], [-77.24986411410808, 38.990439947358965], [-77.24989983343035, 38.99054415731096], [-77.24992472678466, 38.990650256181375], [-77.24993872678465, 38.99072725618137], [-77.24995577904635, 38.99092267779871], [-77.24995504542892, 38.99103785573363], [-77.25021640568987, 38.99210077628531], [-77.25023033592811, 38.99211957534469], [-77.25033851405361, 38.992246567057244], [-77.25042657406998, 38.992362052787094], [-77.25071757406998, 38.99279105278709], [-77.25073106761646, 38.992813501065484], [-77.25083549655197, 38.9928628513776], [-77.25088149655195, 38.9928868513776], [-77.25100996450837, 38.992960784070114], [-77.25112912760068, 38.9930436151231], [-77.25123797134364, 38.993134639361166], [-77.25133556910491, 38.99323308185688], [-77.25137156910493, 38.993273081856884], [-77.25146139836109, 38.993384012865235], [-77.25153694602989, 38.993501211599245], [-77.25159557689425, 38.993619688758805], [-77.2518785192017, 38.99366383807102], [-77.25204844995343, 38.993697395689075], [-77.25209844995344, 38.99370939568907], [-77.25226479617712, 38.993756692547336], [-77.25242406419052, 38.99381696104645], [-77.25257458830387, 38.99388957087389], [-77.25271479427464, 38.993973762646505], [-77.25275379427464, 38.9939997626465], [-77.25282174314562, 38.994049653207156], [-77.25287359184344, 38.994068722982455], [-77.25288833881598, 38.994069036747824], [-77.25304573251626, 38.994077982360665], [-77.25320142610634, 38.99409803894618], [-77.25335412669807, 38.99412903995336], [-77.25341212669807, 38.99414303995336], [-77.25356477391718, 38.99418608628053], [-77.25371156907735, 38.99424006643407], [-77.2538512218698, 38.99430450593602], [-77.25389222186979, 38.994325505936025], [-77.25402000185534, 38.9943976582634], [-77.25413880552111, 38.99447856532782], [-77.25424764544317, 38.99456755467889], [-77.25434561701016, 38.99466388669114], [-77.25443190594189, 38.99476676071137], [-77.25445690594188, 38.99479976071137], [-77.2545347818534, 38.99491493280299], [-77.25459801518612, 38.995035413027864], [-77.25464601611351, 38.99516007757303], [-77.25467833689349, 38.995287763595144], [-77.2546853368935, 38.99532476359514], [-77.25470152773752, 38.99545199178466], [-77.25470214834245, 38.99557984122724], [-77.25468719312123, 38.99570716094605], [-77.25468509909392, 38.99571581662312], [-77.25468928491051, 38.99572546220052], [-77.25472787987421, 38.99579904993131], [-77.25486562918381, 38.99593438196144], [-77.25492462918379, 38.99600138196144], [-77.254999968496, 38.996094938911675], [-77.25506521119141, 38.99619298076755], [-77.25511991927517, 38.99629484934305], [-77.25513991927518, 38.99633684934305], [-77.25519857688012, 38.99648602110762], [-77.25523468306069, 38.99663946811718], [-77.25524168306069, 38.996683468117176], [-77.25525372387001, 38.9968014979677], [-77.25525240170852, 38.996919894582845], [-77.25523943115459, 38.997024056613355], [-77.25525079277408, 38.99706483652751], [-77.25526178453852, 38.997131911591666], [-77.25526453691545, 38.99713386431469], [-77.25529253691546, 38.99715586431469], [-77.25539014178065, 38.99723926324241], [-77.25544714178064, 38.997292263242414], [-77.25553683866494, 38.9973832708913], [-77.25560083866493, 38.997454270891296], [-77.25568958934858, 38.99756352359361], [-77.25576447895976, 38.99767888967753], [-77.25580347895978, 38.997746889677536], [-77.25585925203735, 38.99785686208674], [-77.25590242145898, 38.99797021500369], [-77.25592301837675, 38.99804914666132], [-77.2559664312734, 38.99810069539377], [-77.25602982326087, 38.99819006651468], [-77.25607382326089, 38.99825806651469], [-77.2561305384085, 38.998355092252446], [-77.25617721960404, 38.9984553024203], [-77.25637521960404, 38.9989393024203], [-77.25640549432812, 38.99902244263521], [-77.25642149432812, 38.99907244263521], [-77.2564514141047, 38.999186891313116], [-77.25646848415846, 38.99930292597426], [-77.25647052970997, 38.99932542704079], [-77.25647136459311, 38.999332940989056], [-77.25647772607135, 38.999461476809635], [-77.25646830653382, 38.99958989893052], [-77.25644319181961, 38.99971703705604], [-77.25643259318916, 38.99975766513942], [-77.25642693834166, 38.99978028452946], [-77.25642588085378, 38.99978372170984], [-77.25649702449088, 38.999975723814785], [-77.2565015752679, 38.99998823178624], [-77.2565065752679, 39.00000223178624], [-77.25651835875777, 39.000037019270245], [-77.25657476894052, 39.00021305794398], [-77.25658611927523, 39.000221546849765], [-77.25667750337132, 39.000295294329035], [-77.2567085033713, 39.000322294329045], [-77.25675529255548, 39.000364790230854], [-77.25681001221075, 39.00041662990426], [-77.25684072036483, 39.0004454769581], [-77.25696382029197, 39.000576428393465], [-77.25705882029197, 39.000691428393466], [-77.25715254366327, 39.00081985075016], [-77.25723054366327, 39.00094185075016], [-77.25732553851005, 39.00112203139132], [-77.25736853851005, 39.00122403139132], [-77.25741868489285, 39.00137024984208], [-77.25744668489286, 39.00147524984209], [-77.25747710642624, 39.00163982296336], [-77.25749110642624, 39.00177382296337], [-77.2574951846336, 39.001941191619196], [-77.25748918463358, 39.00204919161919], [-77.25746865164216, 39.00220581516547], [-77.25744665164217, 39.00231181516547], [-77.2574092107922, 39.00244742951572], [-77.25739635349963, 39.00248457280541], [-77.25734256700733, 39.00274322255514], [-77.2573179779705, 39.002839211198314], [-77.25727655231873, 39.00297499527914], [-77.25722190906467, 39.0032223667671], [-77.25721134994501, 39.00330332001784], [-77.25720756305374, 39.00348130390714], [-77.25720099378024, 39.00357834932736], [-77.25717699378025, 39.00378834932736], [-77.25716410809318, 39.00387162516536], [-77.25713810809319, 39.004004625165365], [-77.25710394029674, 39.00413543728346], [-77.25706094029674, 39.004266437283455], [-77.25702303603303, 39.004358581238215], [-77.2570477332913, 39.004453599201995], [-77.25705273329132, 39.00447959920201], [-77.25707139596895, 39.004649883820136], [-77.25707439596893, 39.00475788382013], [-77.25707037594627, 39.00488325696339], [-77.25705139253326, 39.00500779628091], [-77.25703239253326, 39.00509679628091], [-77.25697681176487, 39.00527830623505], [-77.25693781176487, 39.00537530623504], [-77.25689312384182, 39.00547307148695], [-77.25683889963291, 39.00556787128027], [-77.25682413865914, 39.005591214215535], [-77.25668432384275, 39.00586091164826], [-77.25664429881414, 39.005953652568216], [-77.25663643947168, 39.0059804360654], [-77.2565884394717, 39.00611143606539], [-77.25652196347772, 39.00625954894217], [-77.25646796347772, 39.00636054894217], [-77.25637852072354, 39.006503436496054], [-77.25629252072355, 39.006622436496045], [-77.25621498248914, 39.00671979598849], [-77.25612709783789, 39.006811680223215], [-77.2560766803324, 39.006855975584216], [-77.256057814572, 39.00701890715106], [-77.25602505646583, 39.007185020551766], [-77.25596705646585, 39.00739202055177], [-77.25592856589829, 39.00750542574703], [-77.25591856589826, 39.00753042574703], [-77.2559133370231, 39.00754327122792], [-77.2558723370231, 39.007642271227915], [-77.25578309339285, 39.007815586474756], [-77.25569685049852, 39.00795435913198], [-77.25567446707886, 39.00799704379275], [-77.2556397366025, 39.00805880951672], [-77.25543713606879, 39.00839589488746], [-77.2550085602159, 39.009289046964874], [-77.25500560045785, 39.009300294045474], [-77.2549659586828, 39.00942184310479], [-77.2549159586828, 39.009549843104786], [-77.25485955874348, 39.00967255505657], [-77.25478818698588, 39.00979045379871], [-77.25471918698587, 39.00989145379871], [-77.25461735667267, 39.01002206108293], [-77.254497181241, 39.01014286111558], [-77.25447249477828, 39.01016496411127], [-77.25444819132825, 39.01019390731086], [-77.2540953535526, 39.01065421319607], [-77.25404200143164, 39.01071948115518], [-77.25395955287289, 39.01081422467445], [-77.25393560331106, 39.01084601227469], [-77.25382816786855, 39.01099056177918], [-77.25373719659156, 39.011100316969085], [-77.25366819659156, 39.01117531696908], [-77.25366537635854, 39.0111783734147], [-77.2535096408569, 39.01134665632642], [-77.25343610168291, 39.01144777269066], [-77.25340976254054, 39.01149328415021], [-77.25335561204083, 39.01160261460157], [-77.25327053225764, 39.01175275539544], [-77.25324557496921, 39.01180329390448], [-77.25319936216778, 39.011888097066425], [-77.25315036216779, 39.01197009706643], [-77.25310646574609, 39.01203842107553], [-77.25296046574609, 39.012250421075535], [-77.25285529849475, 39.01238387658576], [-77.25268529849477, 39.012573876585755], [-77.25263080496204, 39.01263146006308], [-77.25254580496204, 39.01271646006309], [-77.25244526284122, 39.01280821681034], [-77.25218026284121, 39.01302921681034], [-77.25210553281316, 39.013087831048544], [-77.25186153281318, 39.013267831048545], [-77.25180932888641, 39.013304799677954], [-77.25155332888642, 39.01347879967796], [-77.25148903771783, 39.013520411521064], [-77.25139135665037, 39.01358059003583], [-77.25119476621464, 39.013712251520325], [-77.25104011189934, 39.01380456577702], [-77.25087310437037, 39.01388277281588], [-77.25072755009985, 39.01393459821046], [-77.25010553622229, 39.01426710686353], [-77.24963775205296, 39.01454106202958], [-77.24956509448025, 39.01460062434209], [-77.24944294935969, 39.01469144091028], [-77.24931001236027, 39.01477256490198], [-77.24920413336508, 39.014830918666384], [-77.24916399297835, 39.014858061213594], [-77.24913319151636, 39.01487697586918], [-77.24907507698025, 39.014927961047015], [-77.24853499479747, 39.01536407510944], [-77.24851721377385, 39.01538087915373], [-77.24838757962145, 39.01551810164675], [-77.24833011851499, 39.01561311607475], [-77.24832360004578, 39.01562582156557], [-77.24827917791858, 39.0157476525481], [-77.24827452475832, 39.01587738449739], [-77.2482485247583, 39.01609738449739], [-77.2482279867389, 39.016214525855325], [-77.24819433099933, 39.0163298155845], [-77.24814781662997, 39.01644236615545], [-77.24805681662995, 39.01663336615545], [-77.24803708717047, 39.01667285968659], [-77.24788908717048, 39.01695585968658], [-77.24781204865934, 39.0170835739281], [-77.24775704865934, 39.01716357392811], [-77.24764246755478, 39.0173076537148], [-77.2475804675548, 39.017375653714794], [-77.24750260544783, 39.017454690921625], [-77.24726560544782, 39.01767769092163], [-77.24714685971142, 39.017778530527316], [-77.24713765750322, 39.017785589755526], [-77.24712448568813, 39.0177980298031], [-77.24710157788508, 39.01785013382576], [-77.24704838039513, 39.01795625665744], [-77.2470382167275, 39.01797236169729], [-77.2470386264239, 39.01797539648541], [-77.24704011251458, 39.017980774718396], [-77.2470685512475, 39.01811761965033], [-77.24707876989615, 39.01825601380267], [-77.24707066031117, 39.01839449247714], [-77.2470443083206, 39.01853159008095], [-77.24703231699333, 39.01857763677761], [-77.24701843855591, 39.01866406159248], [-77.24698746518885, 39.01879994279278], [-77.2469387920362, 39.01893264643273], [-77.2468729296296, 39.019060780586734], [-77.24679056879839, 39.019183001258455], [-77.24675851430524, 39.01922062624959], [-77.24675741710807, 39.01922528365071], [-77.24674841710807, 39.01925428365071], [-77.24674677805653, 39.019259519136085], [-77.24673836194738, 39.01928617014839], [-77.24669148793643, 39.0195903916705], [-77.24668978434538, 39.01959774742198], [-77.24669349126481, 39.01963361826226], [-77.24669449126479, 39.01965361826226], [-77.24669194884854, 39.01979581637156], [-77.2466701592817, 39.01993701404081], [-77.24663929098183, 39.02004190938411], [-77.24663670676614, 39.0200755041881], [-77.2466075474638, 39.020253843140196], [-77.24658361445623, 39.020348976845284], [-77.24659289257649, 39.02039742925104], [-77.24661140152493, 39.02056708452838], [-77.24661458623156, 39.02068253014373], [-77.24664010590836, 39.02098603201424], [-77.24664717137905, 39.0210708141396], [-77.24664964962436, 39.02120711237411], [-77.24664664962437, 39.021271112374116], [-77.24663222541382, 39.0214023092968], [-77.24660141222093, 39.02153178436764], [-77.24655450429424, 39.02165830117293], [-77.24649194957796, 39.021780651548696], [-77.24641434543422, 39.021897667118026], [-77.24632243293875, 39.0220082304484], [-77.24621708980392, 39.02211128572253], [-77.24609932199708, 39.02220584882081], [-77.24597025413422, 39.0222910167191], [-77.24583111874044, 39.02236597611215], [-77.2456832444801, 39.02243001118013], [-77.24552804346877, 39.02248251042433], [-77.24536699778835, 39.02252297250668], [-77.24520164533406, 39.022551011037145], [-77.24503356512832, 39.022566358263624], [-77.24486436224208, 39.022568867628785], [-77.24469565246723, 39.0225585151696], [-77.24452904688674, 39.022535399746204], [-77.24142548217509, 39.02198184227402], [-77.24135819831767, 39.02203901156464], [-77.24124309114455, 39.02212805171778], [-77.24111777575175, 39.02220831584725], [-77.24098335295402, 39.022279098884525], [-77.24084100356875, 39.022339779046376], [-77.24069197804329, 39.0223898232968], [-77.24053758547056, 39.02242879202939], [-77.24037918208958, 39.022456342929026], [-77.23875418208958, 39.02267734292902], [-77.23858068627894, 39.02269396977821], [-77.2384059200696, 39.02269690324072], [-77.23823166411272, 39.0226861134282], [-77.23805969386054, 39.02266171027548], [-77.23789176147685, 39.022623942420424], [-77.23772957798454, 39.022573194670684], [-77.23757479583243, 39.02250998408296], [-77.23742899205885, 39.0224349546948], [-77.23732112310255, 39.022366343983705], [-77.23731882294157, 39.022368384040206], [-77.2371915234563, 39.02246068653831], [-77.23705296205158, 39.022542583599645], [-77.23690453759299, 39.02261324842126], [-77.23681253759301, 39.02265224842125], [-77.23667128470531, 39.0227058108328], [-77.2365243735296, 39.02274919080925], [-77.23637301355848, 39.02278203121128], [-77.23621845091058, 39.02280406166993], [-77.23606195807166, 39.02281510081251], [-77.23571678790591, 39.02282720281527], [-77.23558078140624, 39.02286628430573], [-77.23555107245494, 39.02287209389036], [-77.23547380027954, 39.02293301333792], [-77.23543580027955, 39.022960013337915], [-77.23530673834335, 39.023043172843664], [-77.23516795098071, 39.023116237708386], [-77.23502073762019, 39.02317852384549], [-77.23486647658072, 39.02322944808671], [-77.23478953628508, 39.02324825936631], [-77.23475764440339, 39.02327166297739], [-77.23463578202461, 39.02334625770279], [-77.23450583302402, 39.02341207259802], [-77.23436883910176, 39.023468580076184], [-77.23424683910176, 39.02351358007619], [-77.23411156222296, 39.02355811341311], [-77.23410647470185, 39.02355940509781], [-77.23398509310307, 39.02363251524997], [-77.23385234915654, 39.023704997904964], [-77.23371147337038, 39.023767501560776], [-77.2335637010714, 39.02381947812859], [-77.23341032806137, 39.023860471830645], [-77.23325269925408, 39.02389012319693], [-77.23324948962498, 39.0238904841303], [-77.23318828248708, 39.023969853287205], [-77.2330791857532, 39.02408262491934], [-77.23295552608165, 39.02418589822638], [-77.23283052608166, 39.024279898226375], [-77.23270277983508, 39.02436695406696], [-77.23256468959458, 39.02444385654522], [-77.23241758314542, 39.02450986621731], [-77.2322628749668, 39.02456434837748], [-77.2319828749668, 39.024650348377484], [-77.23183527282656, 39.02468980071427], [-77.23147227282657, 39.02477280071426], [-77.23130101079451, 39.02480469874361], [-77.2310180107945, 39.024845698743626], [-77.23088348810293, 39.02486096484666], [-77.23074784087943, 39.02486797379081], [-77.23055784087943, 39.02487197379081], [-77.23038660689032, 39.02486898622475], [-77.23021658964451, 39.024852852542814], [-77.2300675896445, 39.02483285254281], [-77.22993022483436, 39.02480991477817], [-77.22979570166402, 39.02477838898426], [-77.229587701664, 39.02472238898426], [-77.22955906910362, 39.02471446065533], [-77.22931821791398, 39.02464591070136], [-77.22921680202211, 39.02463254581639], [-77.22920338585793, 39.02463073555134], [-77.22875438585791, 39.024568735551334], [-77.22856456627542, 39.02453384491732], [-77.22847356627543, 39.02451284491732], [-77.2283514615118, 39.02448077529929], [-77.22823275989785, 39.02444172938279], [-77.22818875989785, 39.02442572938278], [-77.22805551890633, 39.024371679361415], [-77.2280167094707, 39.024352435613636], [-77.2278828990739, 39.02443400496511], [-77.22729191154076, 39.02515124892578], [-77.2272132429188, 39.02523886972848], [-77.22705124291879, 39.02540486972848], [-77.22694238350705, 39.025505768270264], [-77.22671138350707, 39.02569976827026], [-77.22660559818443, 39.025781282803386], [-77.22649120547933, 39.02585542655865], [-77.22630920547932, 39.025963426558654], [-77.22630430084305, 39.02596632628209], [-77.22608530084307, 39.02609532628209], [-77.22597656478234, 39.02615441971095], [-77.22586233521095, 39.02620686495763], [-77.22565033521094, 39.026295864957625], [-77.22553179620556, 39.02634117657801], [-77.2254091639356, 39.02637932770018], [-77.22487177259782, 39.02652828303271], [-77.22484341789388, 39.026539873276654], [-77.22474992552033, 39.02657534373885], [-77.22457892552032, 39.026635343738846], [-77.22443582951882, 39.026679705805705], [-77.22428823330294, 39.02671399904036], [-77.22413730455928, 39.02673795213673], [-77.22401530455927, 39.02675295213673], [-77.22382488216665, 39.02676803251762], [-77.22365788216668, 39.02677403251762], [-77.22352912943971, 39.0267749301342], [-77.22340064685932, 39.02676838219401], [-77.22322874513362, 39.02675461228833], [-77.22318185936403, 39.026768881870375], [-77.2230020143555, 39.02681496902969], [-77.22288306082989, 39.026839934584444], [-77.22135897862054, 39.02788494277381], [-77.22122425744108, 39.027968434101645], [-77.22107954387164, 39.02804110045368], [-77.2209262692646, 39.02810222309178], [-77.22076594964906, 39.028151197455955], [-77.2206001707358, 39.02818753914399], [-77.22043057223317, 39.02821088870264], [-77.22025883162878, 39.02822101518295], [-77.22008664759773, 39.02821781842456], [-77.2199157232009, 39.02820133004641], [-77.2197477490403, 39.02817171313396], [-77.21958438653732, 39.028129260626145], [-77.21942725149974, 39.02807439241793], [-77.2192778981399, 39.02800765120716], [-77.21913780370205, 39.02792969712677], [-77.2190543190399, 39.02787268892832], [-77.21852370654149, 39.02828873109018], [-77.21635799778787, 39.030040216928164], [-77.21634241459745, 39.03005265808676], [-77.21475385233082, 39.03130466988707], [-77.21550954348695, 39.03186690410724], [-77.21740610774675, 39.033258613710835], [-77.21762013044122, 39.03338183889855], [-77.21775526043722, 39.03346818562969], [-77.21787851082036, 39.033564694697446], [-77.21798862507595, 39.03367038220988], [-77.21801599392035, 39.0336995457326], [-77.21822861310203, 39.03385530853143], [-77.21838864661848, 39.033961997542406], [-77.21855190113499, 39.034051823171566], [-77.21866738108486, 39.03412122018608], [-77.2187749430207, 39.03419793463599], [-77.2188738233677, 39.03428142193065], [-77.21897282336771, 39.03437242193066], [-77.21907855865966, 39.034480167704906], [-77.21916984476364, 39.03459563456798], [-77.21924575771759, 39.03471765380965], [-77.21930552916037, 39.03484499039907], [-77.21934855410896, 39.03497635548534], [-77.21937439708171, 39.03511041944263], [-77.21938279650621, 39.03524582532824], [-77.21937366736678, 39.03538120261699], [-77.21924366736678, 39.036362202616985], [-77.21922036506132, 39.03648356713861], [-77.21918296921704, 39.036602778962376], [-77.21913178997319, 39.0367188494152], [-77.21908373872269, 39.036802212897534], [-77.2190398003131, 39.03713585510667], [-77.2190398003131, 39.037414], [-77.21903764302232, 39.03748123620677], [-77.21897664302232, 39.038431236206776], [-77.21896954254065, 39.03850314135181], [-77.21868914098025, 39.040604666827534], [-77.2186107435334, 39.0414231735048], [-77.21860520376275, 39.04168591691289], [-77.21862710204829, 39.042285739516664], [-77.21861920519028, 39.04245808205664], [-77.21849620519028, 39.04341508205664], [-77.21848206809457, 39.043498608166956], [-77.21838998121987, 39.043936455193865], [-77.2183883536019, 39.043956596966304], [-77.21839762980944, 39.04402721583665], [-77.2185987131796, 39.04487007463588], [-77.21859965812523, 39.04487406899696], [-77.21864692701598, 39.045075583741756], [-77.21865998858476, 39.04510219516226], [-77.21876393381564, 39.045256061457955], [-77.21883689910464, 39.04537861889544], [-77.2188937286717, 39.04550624424363], [-77.21892663980819, 39.04561403529103], [-77.21894356528853, 39.04563610025984], [-77.21901698467909, 39.04575803724997], [-77.21907439602894, 39.04588506693035], [-77.21909039602893, 39.04592706693035], [-77.21913008921882, 39.04605331971557], [-77.21915396418277, 39.046181960744114], [-77.21916179877975, 39.04631179309477], [-77.2191535201139, 39.04644160876184], [-77.21912920521287, 39.046570199894866], [-77.21908908031097, 39.04669637003687], [-77.21903351874438, 39.04681894525664], [-77.2189795187444, 39.04692194525665], [-77.21891320012048, 39.04703358227845], [-77.21883407581065, 39.047140049523314], [-77.21874280496206, 39.04724046006306], [-77.21862080496206, 39.047362460063056], [-77.21849727152451, 39.047473024229966], [-77.21835904129811, 39.047572499954995], [-77.21822421759215, 39.04765943545938], [-77.21821786770035, 39.0476742518736], [-77.21816202609517, 39.04778733441048], [-77.21809335705832, 39.04789605767731], [-77.21801241561992, 39.04799954289821], [-77.21793641561992, 39.0480875428982], [-77.21786080422909, 39.0481684366824], [-77.21777768885646, 39.04824474347121], [-77.21772368885645, 39.04829074347121], [-77.21760483087657, 39.04838264057505], [-77.21747511495155, 39.04846517001963], [-77.21733575543813, 39.048537559192155], [-77.21713503087697, 39.04863123065403], [-77.21713409065995, 39.04863262982705], [-77.21703251287559, 39.04875128256496], [-77.21703032534583, 39.048753566039004], [-77.21697144716988, 39.04890269191089], [-77.21689697568752, 39.04905698698344], [-77.21684244328326, 39.04913816288852], [-77.21680890330158, 39.04925610568125], [-77.21676121793934, 39.04939043377708], [-77.21669595646846, 39.04952021136861], [-77.21661381693552, 39.04964405033502], [-77.21651567791747, 39.049760626075916], [-77.21640258912413, 39.049868691679464], [-77.21627576017042, 39.04996709125955], [-77.21613654763809, 39.05005477231934], [-77.21598644056552, 39.05013079700888], [-77.21583344056553, 39.05019979700888], [-77.21568285174747, 39.05026025392858], [-77.21552539004414, 39.05030897039825], [-77.21546046576367, 39.050323527929244], [-77.21541436977743, 39.05035718574361], [-77.2152945174011, 39.05043040522715], [-77.2152335174011, 39.05046440522715], [-77.21508845932823, 39.05053703485874], [-77.21493483463254, 39.050598076088036], [-77.21477416746784, 39.05064692330782], [-77.21460805185825, 39.050683091891095], [-77.21454005185825, 39.05069509189109], [-77.21439686675093, 39.05071547911204], [-77.21425198701216, 39.050726438389155], [-77.21410643620092, 39.050727892296365], [-77.21401476713935, 39.05072580890861], [-77.21398407628818, 39.05081897054091], [-77.21395307628816, 39.05089897054091], [-77.2138910863113, 39.05103289782696], [-77.21381128394722, 39.051160989552294], [-77.21375868415461, 39.051226696584045], [-77.21377885155113, 39.05127903577974], [-77.21381591318924, 39.051393107354244], [-77.21384004403264, 39.05150925964774], [-77.21385106009136, 39.05162660703619], [-77.21384887737149, 39.05174425478338], [-77.21384087737151, 39.05185125478339], [-77.21382359375835, 39.05197823893263], [-77.21379093896454, 39.0521033799081], [-77.21374320625051, 39.05222555386571], [-77.21368082428586, 39.05234366360704], [-77.21360435329956, 39.052456648432866], [-77.21351448004881, 39.05256349366889], [-77.21341201165156, 39.052663239778205], [-77.21334301165152, 39.05272423977821], [-77.21322103200379, 39.052821684590945], [-77.21308704718759, 39.05290906404054], [-77.21294242262447, 39.052985487654574], [-77.21278863216425, 39.053050176610114], [-77.2126272430652, 39.05310247167054], [-77.21245990002228, 39.053141839903816], [-77.21234590002229, 39.05316383990381], [-77.21216684502414, 39.05319069816619], [-77.2120859132818, 39.05319607012917], [-77.21207975255291, 39.05320710381543], [-77.21200002819229, 39.05331930766259], [-77.21190695916029, 39.053425108112336], [-77.21180138802941, 39.05352354733207], [-77.21168427055619, 39.053613734131886], [-77.2115242705562, 39.05372573413188], [-77.21145866803823, 39.05376940356909], [-77.21128166803824, 39.05388140356909], [-77.21114718747799, 39.053958424752], [-77.21100379831479, 39.05402501036076], [-77.2109353584671, 39.05405018533625], [-77.21090424215164, 39.05416755701037], [-77.21085487974017, 39.054291748132925], [-77.2107903665039, 39.05441166033779], [-77.21071130287339, 39.05452617759117], [-77.21061842470104, 39.054634234070576], [-77.21051259641243, 39.05473482408451], [-77.21036759641244, 39.05485982408451], [-77.21024493573533, 39.054955456568074], [-77.21011058325439, 39.05504105087156], [-77.2099658897088, 39.055115746455755], [-77.20981230980365, 39.05517879235388], [-77.20965138758483, 39.05522955472155], [-77.2094847409156, 39.05526752320929], [-77.2093557409156, 39.05529152320929], [-77.20919532907897, 39.05531520976519], [-77.20903276322588, 39.055327036787766], [-77.20886948837286, 39.055326899148874], [-77.20870695583858, 39.055314798071976], [-77.20854661034342, 39.055290841121206], [-77.20838987716755, 39.05525524124528], [-77.20823814948194, 39.05520831488463], [-77.20809277596477, 39.055150479158634], [-77.20795504881316, 39.0550822481579], [-77.20781266134631, 39.055004132811504], [-77.20745541645242, 39.054809091031], [-77.207262940908, 39.05470405102352], [-77.20719457300171, 39.05472374611456], [-77.20716116541973, 39.054763565252685], [-77.20705028567902, 39.054881268047666], [-77.2069236967632, 39.05498895069044], [-77.20678288349919, 39.05508535011553], [-77.20664588349918, 39.05516935011554], [-77.20650538533665, 39.05524700062837], [-77.20635566395399, 39.05531340167927], [-77.20619820199556, 39.05536789571921], [-77.20604520199556, 39.0554138957192], [-77.20590206634652, 39.05545143528379], [-77.2057552710376, 39.05547912757283], [-77.20560593279815, 39.055496761920246], [-77.20534336410395, 39.055518703593854], [-77.20531364886432, 39.055523846616104], [-77.20524154943183, 39.055561921597295], [-77.20509155441906, 39.05563277291575], [-77.20493311469602, 39.05569145056098], [-77.20480311469602, 39.05573345056097], [-77.20466519556619, 39.05577276134532], [-77.20452349124349, 39.05580283738004], [-77.20437902107933, 39.0558234623129], [-77.20392902107932, 39.055872462312905], [-77.20377169677234, 39.05588392960861], [-77.20361368400448, 39.05588419187347], [-77.20345629825161, 39.05587324692408], [-77.20334379394902, 39.055857280460366], [-77.20330703400128, 39.05586126425043], [-77.2031320340013, 39.05587326425043], [-77.20295593809956, 39.05587833669365], [-77.20278009132875, 39.055869459149235], [-77.20260631436237, 39.05584672353305], [-77.2024364064438, 39.05581036524399], [-77.20229922373902, 39.05576894270424], [-77.20227286148749, 39.055783031194146], [-77.20218166614212, 39.05582233535757], [-77.20216131430536, 39.05584219995895], [-77.20204917390309, 39.05593283243879], [-77.20197292119751, 39.055983930849415], [-77.20194971444703, 39.05601366116425], [-77.20194093137906, 39.056023769978324], [-77.2019664943282, 39.05608944263542], [-77.20198249432819, 39.05613944263543], [-77.20201420205566, 39.056262856073516], [-77.20203097285778, 39.05638803297682], [-77.20203266042925, 39.0565138813258], [-77.20201925004801, 39.05663930324338], [-77.20199085870368, 39.05676320457258], [-77.20194773407694, 39.056884504421774], [-77.20193173407695, 39.05692250442176], [-77.20192716677458, 39.056933200357925], [-77.20191648659053, 39.05695786649726], [-77.20190855002926, 39.05705851652433], [-77.20189035590967, 39.05718739393371], [-77.20185632698838, 39.05731431421768], [-77.20180677831164, 39.05743810232401], [-77.20174216861055, 39.05755761219874], [-77.20166309605408, 39.05767173739665], [-77.20157029271105, 39.05777942132485], [-77.20148629271108, 39.05786742132486], [-77.20136885403014, 39.0579776890809], [-77.20135542467753, 39.057987871673156], [-77.20131704865939, 39.05805057392802], [-77.20121804865941, 39.05819457392802], [-77.20112160294133, 39.05831837179215], [-77.20100864460764, 39.05843340467044], [-77.20088047747056, 39.05853834480548], [-77.20081247747055, 39.058588344805486], [-77.20069957267113, 39.05866446478086], [-77.20057865639865, 39.058732730360646], [-77.20045062846928, 39.05879263353655], [-77.20031644162155, 39.05884372853031], [-77.20029043410148, 39.05885257108714], [-77.20025377770133, 39.05891755288739], [-77.20016906819319, 39.05904799848806], [-77.2000666995385, 39.05917053843871], [-77.19994787604163, 39.05928373113198], [-77.19981399558819, 39.05938624492525], [-77.19973099558818, 39.059443244925255], [-77.19967065148354, 39.059480904095494], [-77.19966339652498, 39.05952276164635], [-77.19962975675341, 39.059638603389054], [-77.19958313826828, 39.05975169051425], [-77.19952390320968, 39.05986114454253], [-77.19947090320969, 39.059948144542524], [-77.19939520742383, 39.06005878890385], [-77.19930662548678, 39.06016348180962], [-77.19930244908315, 39.060167539349514], [-77.19926991328528, 39.06025392750248], [-77.19920984521724, 39.06038712575124], [-77.19913219759506, 39.060514703642745], [-77.19903782256756, 39.06063526106516], [-77.1990348003131, 39.060638342277734], [-77.1990348003131, 39.060676], [-77.19902590398748, 39.06081240523038], [-77.19899930641212, 39.060947409022795], [-77.1989552808526, 39.061079624337786], [-77.1989322808526, 39.061136624337784], [-77.19887351130035, 39.06126063094704], [-77.19879941051637, 39.06137956119926], [-77.19871069142708, 39.06149227086203], [-77.19860820760212, 39.06159767555148], [-77.19849294504223, 39.06169476116516], [-77.1983660126928, 39.06178259363875], [-77.19822863177467, 39.06186032793275], [-77.19812263177465, 39.06191432793275], [-77.19798615354512, 39.06197710529365], [-77.19784286856229, 39.06202990824373], [-77.19769397771427, 39.06207229423533], [-77.19768269244285, 39.06207462228042], [-77.19759283824379, 39.06212790927995], [-77.19745454346477, 39.06219494287458], [-77.19734417849698, 39.06223781136484], [-77.19732310532217, 39.06226034505672], [-77.19728862747121, 39.0622987408453], [-77.19717589894861, 39.062411113802334], [-77.19710996656904, 39.062464167082446], [-77.19710456629541, 39.062550242112344], [-77.19707994254121, 39.062680236217204], [-77.19703916320276, 39.062807746174656], [-77.19698261605888, 39.06293155946701], [-77.19691083882772, 39.06305049872892], [-77.1968533503263, 39.06312570794642], [-77.19683482880457, 39.06315067173658], [-77.19682808645197, 39.06315875935969], [-77.19682451405328, 39.06316343294316], [-77.196809349469, 39.06318123484643], [-77.19673708579232, 39.06326791696116], [-77.19662426123938, 39.06337665468469], [-77.19649756874341, 39.06347571526946], [-77.19643843493614, 39.06351323438656], [-77.19640008601847, 39.06359631968604], [-77.19634762229617, 39.0636822922701], [-77.19633596935502, 39.0637104170769], [-77.19626477910577, 39.06383645400791], [-77.1961952763598, 39.06393172156031], [-77.19617001248174, 39.06402718254963], [-77.19610996553871, 39.06417054520715], [-77.1960719655387, 39.06424654520715], [-77.19599253847545, 39.06438255745837], [-77.195894248525, 39.06451089251084], [-77.19587818544214, 39.06452739001593], [-77.19586658929637, 39.06461010918907], [-77.19584257939324, 39.06473054704601], [-77.19582247323994, 39.06479328628962], [-77.19581479181939, 39.06491743654309], [-77.19579084040676, 39.065045675960015], [-77.19575116759587, 39.0651715321965], [-77.19569614031062, 39.06529384123975], [-77.19565814031061, 39.06536684123975], [-77.19558372511187, 39.06549119718074], [-77.19549344607495, 39.06560902200386], [-77.19538823881656, 39.06571909461862], [-77.19531923881657, 39.06578409461862], [-77.19520514052475, 39.06588146206981], [-77.19507936546361, 39.065969693217724], [-77.19494311631732, 39.06604794437994], [-77.19492808050914, 39.06605492594371], [-77.19490975455254, 39.066080403305335], [-77.19480980496196, 39.066191460063166], [-77.19476380496195, 39.066237460063164], [-77.19464699358163, 39.06634260016906], [-77.1945168847938, 39.066437819292425], [-77.19437486269324, 39.06652210449407], [-77.1942224381083, 39.066594559149664], [-77.19417961178846, 39.06661045995296], [-77.19411236644513, 39.066708499333316], [-77.19401897162452, 39.06681760721179], [-77.19391239242096, 39.06691913739671], [-77.1937936375994, 39.06701212891169], [-77.19364863759941, 39.06711512891169], [-77.19352792778024, 39.06719336677496], [-77.19339860209925, 39.067262771192425], [-77.1932617248631, 39.06732277098918], [-77.19311842252519, 39.06737287238718], [-77.1929698744153, 39.06741266306884], [-77.19295780966748, 39.06741542536801], [-77.19292980247748, 39.06745177176482], [-77.19282851742594, 39.06755799668953], [-77.19271433549912, 39.067655983555156], [-77.19266033549911, 39.06769798355516], [-77.1925365310006, 39.06778539825084], [-77.19240247041648, 39.067863117250994], [-77.19225940308628, 39.06793041627551], [-77.19210866228525, 39.06798666815026], [-77.1919516527994, 39.06803134865193], [-77.191789837834, 39.068064041393264], [-77.19170582915545, 39.06807442100451], [-77.19165216460861, 39.06813583550754], [-77.19154452918325, 39.06823642775475], [-77.19142485791343, 39.06832841980462], [-77.19134885791343, 39.06838141980462], [-77.19123112250267, 39.068456531869394], [-77.19110536325651, 39.068523307767485], [-77.19097255219074, 39.06858123137599], [-77.19068955219073, 39.068692231375984], [-77.1905221277541, 39.06874948564655], [-77.19034787700564, 39.068792683263084], [-77.19016874315075, 39.068821342495454], [-77.19003097518383, 39.06883178847404], [-77.18997946616017, 39.06886154607741], [-77.18984797805825, 39.068924216817294], [-77.18970984655687, 39.06897753885371], [-77.18964166363209, 39.0690009767341], [-77.18961327709319, 39.06903613089226], [-77.18950884442668, 39.0691409527816], [-77.18937884442668, 39.069258952781595], [-77.18928816190926, 39.06933381426432], [-77.18924570791518, 39.069455184456665], [-77.18918527081735, 39.069578677884394], [-77.18914343115493, 39.06964406532866], [-77.18914042849929, 39.069690333084125], [-77.1891162472388, 39.06981803369114], [-77.18907647285869, 39.06994334810246], [-77.18902147034801, 39.070065126372064], [-77.188761470348, 39.070563126372065], [-77.18868415031108, 39.0706914260489], [-77.1885899409726, 39.070812698321774], [-77.18847988422735, 39.07092560199723], [-77.1881935754568, 39.07118928155224], [-77.1879292199067, 39.071436930617764], [-77.18791586453742, 39.071449290532634], [-77.18785835748197, 39.0715018684119], [-77.18712760878554, 39.07255140456331], [-77.1872428009318, 39.07258962938518], [-77.18739013848025, 39.07265227445326], [-77.1875289868669, 39.07272572650879], [-77.187596561881, 39.0727694845193], [-77.18762004195638, 39.07276666634426], [-77.18779329216952, 39.07275953821643], [-77.18796658963085, 39.072765933337735], [-77.1881381951113, 39.072785787526136], [-77.18830638636267, 39.07281890152322], [-77.18841938636267, 39.07284590152322], [-77.18854076317717, 39.072878784841656], [-77.18875476317717, 39.072943784841655], [-77.18888230130518, 39.07298719633456], [-77.18900494612889, 39.07303843789994], [-77.18918794612891, 39.07312243789993], [-77.18927907674413, 39.07316730155068], [-77.18953907674414, 39.07330430155069], [-77.18968294558412, 39.07338893499109], [-77.18981472125797, 39.07348475179382], [-77.18992872125797, 39.07357675179381], [-77.18996804877143, 39.073609566033014], [-77.19001904877142, 39.07365356603302], [-77.19012482445709, 39.07375418585295], [-77.19021764687427, 39.07386226790267], [-77.19029665215423, 39.07397680629682], [-77.19036110501986, 39.074096735062945], [-77.19041040562882, 39.07422093806206], [-77.190444095156, 39.07434825937631], [-77.19046186006364, 39.07447751406659], [-77.19046353501938, 39.074607499200546], [-77.1904493393221, 39.07473489707639], [-77.19053477879494, 39.07473274606609], [-77.19070789866213, 39.07474190527782], [-77.19087897153821, 39.07476449796648], [-77.19097979333839, 39.074786071026885], [-77.19098288729744, 39.07478435590197], [-77.19113106873394, 39.0747182835295], [-77.19128689393887, 39.074663889021316], [-77.19144884739578, 39.07462170140465], [-77.19161535398635, 39.07459213098556], [-77.19178479430965, 39.07457546535846], [-77.19195552043202, 39.074571866609006], [-77.19212587191441, 39.07458136973774], [-77.19229419196148, 39.07460388231963], [-77.19245884353504, 39.07463918540301], [-77.19261822527562, 39.07468693563902], [-77.19277078707675, 39.074746668620975], [-77.19291504516103, 39.07481780340102], [-77.19304959651083, 39.07489964814028], [-77.193158502465, 39.07498054009276], [-77.19321591697108, 39.07498432477969], [-77.19374863884346, 39.07501930651616], [-77.19392038866832, 39.075037356035125], [-77.194088959864, 39.07506867178676], [-77.19425266419975, 39.07511294014565], [-77.19440986218613, 39.075169717766734], [-77.19455897949439, 39.07523843602542], [-77.19469852272331, 39.07531840671232], [-77.19482709435552, 39.075408828925625], [-77.19494340675357, 39.07550879709211], [-77.1950462950555, 39.07561731003637], [-77.19513472884096, 39.07573328100754], [-77.1952015217464, 39.075845009041075], [-77.19548859581727, 39.0758510210635], [-77.19560982426731, 39.07585687522218], [-77.1958078242673, 39.07587187522218], [-77.1959370016077, 39.07588549685291], [-77.19606449611793, 39.075906640201694], [-77.19649149611793, 39.075990640201695], [-77.1966615065758, 39.07603141862532], [-77.19682524311256, 39.07608555292762], [-77.19712224990637, 39.076198093963455], [-77.19718306699696, 39.07617692743376], [-77.19734798083445, 39.076134370904015], [-77.19751754517631, 39.07610488586721], [-77.19769005325414, 39.07608876910821], [-77.19786376866901, 39.07608618285201], [-77.19803694286948, 39.07609715313086], [-77.19820783275172, 39.0761215695222], [-77.19837471820496, 39.076159186260206], [-77.19853591942545, 39.07620962470948], [-77.19868981382473, 39.076272377176295], [-77.19883485236188, 39.07634681201886], [-77.1989695751357, 39.07643218000514], [-77.1990926260794, 39.076527621854346], [-77.19920276661026, 39.07663217688612], [-77.19929888809675, 39.07674479269038], [-77.19941108698382, 39.07689174344514], [-77.19943240664274, 39.0769195516959], [-77.19949852695669, 39.077005409417], [-77.19950512575583, 39.077014050948705], [-77.19955812575581, 39.077084050948706], [-77.19963493903626, 39.07719752741233], [-77.19969753860914, 39.077316172037584], [-77.19974535735751, 39.0774389099707], [-77.19974960611594, 39.07745529260092], [-77.2002190805199, 39.07807367232137], [-77.20062350898395, 39.07860723693202], [-77.20098427214131, 39.07908271279839], [-77.20105383983174, 39.07914712732657], [-77.20155388372771, 39.07961016797261], [-77.2016569336443, 39.07971572782013], [-77.20174615454084, 39.07982865515338], [-77.20182068294993, 39.07994785707743], [-77.20187979759606, 39.080072179972724], [-77.20192292637596, 39.080200420659644], [-77.20194965189532, 39.08033133804276], [-77.20195971550828, 39.08046366512195], [-77.20195301982064, 39.08059612125421], [-77.20192962963229, 39.08072742454763], [-77.2018897713102, 39.08085630426729], [-77.20183383059769, 39.08098151313327], [-77.20176234888112, 39.081101839391664], [-77.20156330303007, 39.081397742375614], [-77.20133324881348, 39.08179851142749], [-77.20131045032262, 39.0818366201091], [-77.20052445032263, 39.0830986201091], [-77.20051072553724, 39.08312016460866], [-77.20050552591661, 39.083128146922824], [-77.20051604057863, 39.08313687044493], [-77.20061831997067, 39.08324014741729], [-77.20070729220753, 39.08335063215989], [-77.2007821242837, 39.08346729025566], [-77.20084211558145, 39.08358902948934], [-77.2008867044302, 39.08371471007333], [-77.20091547336544, 39.083843155319], [-77.20092815303704, 39.08397316265352], [-77.20092462473113, 39.084103514878905], [-77.20090492148164, 39.08423299156814], [-77.20086922776088, 39.08436038049147], [-77.20081787775246, 39.08448448896586], [-77.20075135222255, 39.08460415502165], [-77.19997535222255, 39.08583315502165], [-77.19989362188262, 39.08594807886517], [-77.19979789951081, 39.08605626543675], [-77.19968909460775, 39.08615668680794], [-77.19956824097692, 39.08624838883086], [-77.19943648690212, 39.086330500204035], [-77.19929508423711, 39.086402240750985], [-77.19914537651114, 39.08646292883305], [-77.19898878616355, 39.086511987825915], [-77.19882680102847, 39.08654895159838], [-77.19866096019834, 39.08657346894132], [-77.19849283940022, 39.08658530690458], [-77.19833707085729, 39.08658442666925], [-77.19781741910226, 39.08744499645464], [-77.1978105808118, 39.08745618703327], [-77.19752459836398, 39.08791868968165], [-77.1972857816424, 39.08831573476606], [-77.19610681113082, 39.09027939075818], [-77.1960344589304, 39.09043742319592], [-77.19601957666384, 39.09050762867078], [-77.19603043244211, 39.090678489180995], [-77.19619265059279, 39.0915201696429], [-77.19619472678463, 39.091531256181234], [-77.19621072678464, 39.09161925618123], [-77.19622484430667, 39.09172930422151], [-77.19622549836085, 39.09175857136572], [-77.19682612073154, 39.09188947624139], [-77.1969916570253, 39.091932666143094], [-77.19715076292715, 39.09198860522475], [-77.19730182126818, 39.09205672491568], [-77.19744329667564, 39.09213633284028], [-77.1975737511788, 39.09222661985531], [-77.19769185882446, 39.092326668274126], [-77.19779641915423, 39.0924354611942], [-77.19788636940605, 39.092551892832965], [-77.19796079531616, 39.0926747797671], [-77.19801894041187, 39.09280287296102], [-77.19806021370039, 39.09293487046218], [-77.19808419567568, 39.093069430634216], [-77.19809064258247, 39.09320518579352], [-77.19807948889374, 39.093340756110535], [-77.19805084797673, 39.093474763634426], [-77.1980050109407, 39.093605846298765], [-77.19794244367806, 39.093732671765714], [-77.19786145642247, 39.093874946674184], [-77.19767127265584, 39.09430500185818], [-77.19748236041431, 39.09477342711012], [-77.19747742460072, 39.09478546794615], [-77.19673374922398, 39.09657068867577], [-77.19663907263238, 39.09679890909137], [-77.19656136216773, 39.096953097066525], [-77.19646336216772, 39.09711709706654], [-77.1964210444818, 39.097183123331426], [-77.19616604448179, 39.097555123331425], [-77.19609347275741, 39.09765120025781], [-77.1960109455716, 39.097742282600485], [-77.19551294557162, 39.09824628260048], [-77.19547343879105, 39.09828478748201], [-77.19516243879104, 39.09857678748201], [-77.19510951180746, 39.09862418814913], [-77.19411567410754, 39.099473451105865], [-77.19404487252866, 39.099559603469544], [-77.19398323076643, 39.09967096958665], [-77.19386943273922, 39.09994609305245], [-77.19385597834214, 39.09999909522273], [-77.19384890183487, 39.10002557186964], [-77.19375990183487, 39.10034257186963], [-77.19375747744091, 39.10035107516553], [-77.19366947744092, 39.10065507516553], [-77.19365144714625, 39.100711628202795], [-77.19358244714624, 39.1009096282028], [-77.19356293678725, 39.10096147603409], [-77.19347193678725, 39.10118647603409], [-77.19340378005784, 39.1013270804451], [-77.19332078005786, 39.10147308044511], [-77.19327731999381, 39.10154388120474], [-77.19283990644313, 39.10220616896693], [-77.19271487213722, 39.10242690854402], [-77.19259390447485, 39.102670394736215], [-77.1925226705223, 39.102847721809596], [-77.192491930484, 39.10293066191293], [-77.19233372834356, 39.1035076344251], [-77.1923110438964, 39.10365224777576], [-77.19230716104406, 39.10367533977934], [-77.19215516104406, 39.104522339779344], [-77.19214997966512, 39.10454922868127], [-77.19202113615916, 39.10517475898507], [-77.1919500806281, 39.10555826418003], [-77.19194314708676, 39.10559255304077], [-77.19174914708677, 39.106477553040776], [-77.19170255261568, 39.106633521789256], [-77.19141755261566, 39.107382521789255], [-77.19136891807183, 39.1074926205457], [-77.19130825078852, 39.10759904195972], [-77.19111625078854, 39.107900041959724], [-77.19106413133771, 39.10797561092736], [-77.19095589455236, 39.10812122444433], [-77.19085881058899, 39.10827624561166], [-77.19081840101097, 39.10833682445451], [-77.19047740101098, 39.10881782445451], [-77.19047322221799, 39.108823684378336], [-77.19032232072557, 39.109034058811844], [-77.19027685176121, 39.10910478831197], [-77.19027104542072, 39.10911373704296], [-77.18981925254226, 39.10980364921409], [-77.18990577374424, 39.109882474004166], [-77.19002578195654, 39.109849201935496], [-77.19013718825221, 39.109827534750735], [-77.19017187702974, 39.10975777600034], [-77.19027205929737, 39.109591119935196], [-77.19035605929736, 39.109473119935195], [-77.19042532361476, 39.10938411169682], [-77.19231732361476, 39.10715211169682], [-77.1924200174422, 39.10704325281955], [-77.19253619887922, 39.106942938018854], [-77.19281919887922, 39.10672193801885], [-77.19296831498869, 39.10661822267289], [-77.19313180579033, 39.10652857646516], [-77.19356607285337, 39.10631856206582], [-77.19420892004611, 39.105954529001345], [-77.19435390602231, 39.105880763680126], [-77.19450763807625, 39.10581863755965], [-77.19466857798375, 39.10576877226632], [-77.19483511539971, 39.10573166674617], [-77.19500558397107, 39.10570769227251], [-77.1951782780101, 39.10569708873099], [-77.19535146956129, 39.105699962219376], [-77.19552342569109, 39.10571628398588], [-77.19569242582747, 39.10574589071689], [-77.19585677897567, 39.10578848617107], [-77.19604477897568, 39.10584548617107], [-77.19618512653592, 39.105893713586944], [-77.19631943743724, 39.10595141665604], [-77.1964466575109, 39.1060181424831], [-77.1965657882422, 39.10609336735578], [-77.19815365195343, 39.107190273206676], [-77.19846301489108, 39.10740389240469], [-77.19887704855404, 39.10747655555637], [-77.19902214686992, 39.10750722657162], [-77.20314008150707, 39.108528962235425], [-77.20364101570576, 39.108652698969756], [-77.20365277146507, 39.10865563871939], [-77.2038808464714, 39.10871337199167], [-77.20495390922574, 39.10880363749066], [-77.20606062784519, 39.10887630579398], [-77.20622758971933, 39.1088936653662], [-77.2063915942596, 39.10892356360088], [-77.20655108985973, 39.10896571763824], [-77.20670456757135, 39.109019728669374], [-77.2068505753799, 39.1090850857093], [-77.20698773194167, 39.109161170431264], [-77.20711473965244, 39.10924726301658], [-77.20723039692373, 39.10934254896463], [-77.20733360955079, 39.10944612679868], [-77.20742340106452, 39.109557016594515], [-77.20749892196966, 39.109674169251264], [-77.20751381514415, 39.10970038123839], [-77.20820997307007, 39.11083582289701], [-77.20834754673828, 39.11085446754835], [-77.20844454673826, 39.11087146754834], [-77.20844522582347, 39.1108715912842], [-77.20857535748154, 39.110887657121935], [-77.20901833965645, 39.11095653323751], [-77.20903699999998, 39.11095653323751], [-77.20907021412953, 39.110956781081356], [-77.20927968222433, 39.11095990747083], [-77.20946836779035, 39.110564246946296], [-77.20946902247594, 39.11056287639648], [-77.20985802247596, 39.10974987639648], [-77.20987728142454, 39.10971512604496], [-77.21003031782448, 39.1093471508811], [-77.21004228745983, 39.10931940251438], [-77.21024028745983, 39.108876402514376], [-77.21026260679268, 39.1088293116704], [-77.21044860679268, 39.1084583116704], [-77.2104862460179, 39.108389014529564], [-77.21056696923993, 39.108251253342225], [-77.21048584556883, 39.108129646903464], [-77.21037984334006, 39.10797449818685], [-77.21030759926107, 39.10785496660093], [-77.21029924875069, 39.107836686733854], [-77.2100646841423, 39.107507757053135], [-77.20998859405275, 39.10738727300039], [-77.2099282896051, 39.10726149592377], [-77.20988436935377, 39.107131674229024], [-77.20985726923105, 39.10699909646689], [-77.20984725822039, 39.10686507854359], [-77.20985443568647, 39.10673095065975], [-77.20987873038905, 39.10659804410737], [-77.20991990119005, 39.10646767805609], [-77.20997753944691, 39.10634114645972], [-77.21005107306866, 39.106219705212986], [-77.21013977219422, 39.10610455968617], [-77.21024275643663, 39.105996852761095], [-77.2103590036214, 39.10589765348742], [-77.21048735993217, 39.10580794647177], [-77.2106265513629, 39.10572862210494], [-77.21077519636313, 39.10566046772433], [-77.21093181955058, 39.10560415979912], [-77.21109486635514, 39.105560257216034], [-77.21126271844878, 39.105529195732025], [-77.21143370980842, 39.10551128364917], [-77.21160614325206, 39.10550669875462], [-77.21177830728418, 39.10551548655592], [-77.21194849308337, 39.105537559829415], [-77.21607884257843, 39.106239390726984], [-77.2171021519023, 39.10639496702257], [-77.2171819445953, 39.10623639595045], [-77.21763458955677, 39.10514290609686], [-77.21765453189226, 39.105097515052414], [-77.21819353189224, 39.10393851505241], [-77.21819823645895, 39.10392852243122], [-77.21878362302131, 39.10270018629454], [-77.21894993868813, 39.10229136566102], [-77.21900781425862, 39.10216977420505], [-77.21908044205915, 39.10205307389783], [-77.21916714958682, 39.10194234533511], [-77.21926713396637, 39.101838613816845], [-77.2193794693845, 39.10174283985326], [-77.21950311566249, 39.101655910270985], [-77.21963692788776, 39.101578630001406], [-77.21977966701542, 39.101511714627314], [-77.21993001134112, 39.10145578375693], [-77.22008656873967, 39.10141135528662], [-77.22024788955537, 39.101378840605314], [-77.22041248002529, 39.10135854078529], [-77.22057881611092, 39.101350643794355], [-77.22074535761001, 39.10135522275532], [-77.22091056241835, 39.101372235268926], [-77.22107290080888, 39.10140152380646], [-77.22123086959634, 39.101442817168376], [-77.22126764996557, 39.101453990951434], [-77.2212697308845, 39.10145453223096], [-77.22204244182484, 39.101657828799794], [-77.22264394167178, 39.101774385347206], [-77.22329584110919, 39.101877500807824], [-77.22419490124766, 39.101971245906675], [-77.22435286205308, 39.101980460286995], [-77.22593418613698, 39.10202751766828], [-77.22606170053832, 39.10203498833839], [-77.22655270053833, 39.102077988338394], [-77.22660954150612, 39.102083708864235], [-77.22715454150611, 39.10214570886423], [-77.22734950664332, 39.10217688259563], [-77.22793850664333, 39.10229888259562], [-77.22797633432027, 39.10230707629378], [-77.22845833432027, 39.10241607629379], [-77.228609847313, 39.10245633628073], [-77.229157847313, 39.10262433628073], [-77.2292350505905, 39.10264970015007], [-77.2297080505905, 39.10281570015006], [-77.22986661191929, 39.10287918386593], [-77.2305296119193, 39.103179183865926], [-77.23062894417494, 39.10322770528119], [-77.23099394417494, 39.1034197052812], [-77.23105099082775, 39.10345103549827], [-77.23404899082776, 39.10516903549827], [-77.23411840487756, 39.1052111832824], [-77.23445259452949, 39.10540671978087], [-77.23533212538821, 39.10589961123526], [-77.23538867236273, 39.10593268578413], [-77.23609667236273, 39.106364685784136], [-77.23625118274761, 39.1064711207034], [-77.2362825237053, 39.1064954511837], [-77.23664474099526, 39.106738401805025], [-77.23671056480136, 39.106784896015235], [-77.23710456480136, 39.10707789601524], [-77.23717399490052, 39.10713255978803], [-77.23784099490054, 39.107688559788016], [-77.23788277586623, 39.10772467156301], [-77.23842277586621, 39.10820867156301], [-77.23845030765717, 39.10823397023537], [-77.23857130765718, 39.10834797023537], [-77.2385753060781, 39.10835175131379], [-77.23922155757032, 39.10896514256064], [-77.24090400317723, 39.110545831328146], [-77.24125999901828, 39.110859181834066], [-77.24156028666091, 39.11111480644125], [-77.24177643671501, 39.111295053605005], [-77.24397041738398, 39.11272407211343], [-77.24471813756699, 39.113200434243275], [-77.24556105179576, 39.113737643634586], [-77.24604335679017, 39.11403639177674], [-77.24631494855005, 39.114193079330526], [-77.2466584402627, 39.11436699918504], [-77.24720826140575, 39.11463944197763], [-77.24723704777948, 39.11465402015108], [-77.24729845742598, 39.11468579856956], [-77.24780879388183, 39.114889434451776], [-77.24832716153725, 39.11508550097429], [-77.24889602730528, 39.115270564677665], [-77.24964356802253, 39.11550523299942], [-77.2496977187117, 39.11542264465055], [-77.24978915377547, 39.115311571093564], [-77.24989410831614, 39.115207985602865], [-77.25001157660363, 39.11511288078957], [-77.25014043299448, 39.11502716799844], [-77.25027944271845, 39.11495166857494], [-77.25042727371057, 39.11488710599455], [-77.25058250937592, 39.11483409893019], [-77.25074366216394, 39.11479315532365], [-77.25090918782318, 39.11476466751831], [-77.25107750019896, 39.11474890849941], [-77.25124698643282, 39.114746029278244], [-77.25141602241776, 39.11475605744502], [-77.25158298836129, 39.11477889690454], [-77.25174628430719, 39.11481432879698], [-77.25326327093595, 39.11520668641415], [-77.25334950597166, 39.11522497869445], [-77.2533594438037, 39.11522711146442], [-77.2535114438037, 39.11526011146442], [-77.25351580086966, 39.11526106218211], [-77.25362980086966, 39.11528606218211], [-77.25379435927807, 39.115329186730605], [-77.25395254023925, 39.11538491632523], [-77.25410275350181, 39.11545269069587], [-77.25424348891653, 39.11553182848182], [-77.25437333161851, 39.115621534081825], [-77.25449097625129, 39.11572090565246], [-77.25459524009008, 39.11582894417479], [-77.25468507493218, 39.115944563497756], [-77.25475957763483, 39.1160666012578], [-77.25481799919497, 39.116193830564406], [-77.25485975227916, 39.11632497233454], [-77.25488441712827, 39.11645870815173], [-77.25489174577751, 39.116593693520606], [-77.25488166454926, 39.11672857138358], [-77.2548668003131, 39.11683499931455], [-77.2548668003131, 39.11685092876502], [-77.25491424252256, 39.11685476996663], [-77.25492714527834, 39.11685585268804], [-77.25533718370134, 39.116891470432414], [-77.25596288510644, 39.116910568876456], [-77.2560982527382, 39.11691884578682], [-77.25674357550996, 39.11697818581182], [-77.2573266335589, 39.117004855659474], [-77.25749133017335, 39.11701856289005], [-77.25765359046443, 39.1170444497821], [-77.25781193011461, 39.11708227952866], [-77.25796490067147, 39.11713170607243], [-77.25811110279771, 39.11719227727148], [-77.258249199072, 39.11726343903527], [-77.25837792622335, 39.11734454039336], [-77.2584961066872, 39.11743483945036], [-77.25860265937756, 39.11753351017252], [-77.25869660957643, 39.117639649944195], [-77.25877709785036, 39.11775228782467], [-77.25884338791225, 39.11787039343014], [-77.25891338791223, 39.11801339343013], [-77.25893100853153, 39.1180510653139], [-77.25907200853155, 39.118367065313905], [-77.25907302392606, 39.11836934754894], [-77.25931256788441, 39.118909319555016], [-77.25951010970849, 39.11935229213031], [-77.25951198320011, 39.11935651589321], [-77.25962970912204, 39.11962336131626], [-77.25967538153161, 39.119724221220686], [-77.25967991888564, 39.11973437014084], [-77.25975814798412, 39.119911623414616], [-77.25987537093135, 39.12017487833851], [-77.2598780845601, 39.120181020316856], [-77.25991008456009, 39.12025402031685], [-77.25995678388946, 39.12038044236963], [-77.25998741816348, 39.120509804891505], [-77.26000169544596, 39.120640875093315], [-77.25999947967834, 39.120772403912206], [-77.25998079197629, 39.12090313791484], [-77.25994581042843, 39.12103183124221], [-77.25989486839929, 39.12115725748244], [-77.2598284513523, 39.12127822135805], [-77.25974719222366, 39.12139357011669], [-77.25965186539041, 39.1215022045165], [-77.25954337929096, 39.12160308930165], [-77.25942276776794, 39.12169526306794], [-77.25929118021585, 39.12177784742484], [-77.25914987062778, 39.12185005536618], [-77.25901801021973, 39.12190391777819], [-77.25896986182538, 39.12199421247036], [-77.25888904656858, 39.122111509262524], [-77.25879375392833, 39.12222203087856], [-77.25868491351706, 39.12232469914217], [-77.25856358711029, 39.122418512489226], [-77.25843095828874, 39.12250255573833], [-77.25828832089209, 39.122576009018765], [-77.25813706639708, 39.12263815576857], [-77.2579786703432, 39.12268838972488], [-77.2578146779383, 39.12272622083822], [-77.25764668898455, 39.12275128005309], [-77.25747634227183, 39.12276332290826], [-77.25730529959077, 39.12276223192155], [-77.25713522952141, 39.122748017735894], [-77.25696779115563, 39.12272081901557], [-77.25630412943202, 39.122586090695734], [-77.25594846826979, 39.12251436071343], [-77.25594485086273, 39.12251362790976], [-77.25554262827325, 39.122431786092555], [-77.25539540587307, 39.122401943714145], [-77.25505134225207, 39.12233216180978], [-77.25498954675292, 39.122320310618164], [-77.25482019555547, 39.12228059392322], [-77.25465693430766, 39.12222764390472], [-77.2545014660674, 39.1221620129102], [-77.25435541259992, 39.122084385568655], [-77.25422029746038, 39.12199557164885], [-77.25409753010085, 39.12189649761221], [-77.25398839116771, 39.12178819694846], [-77.25389401914254, 39.121671799394775], [-77.25381539846606, 39.12154851915097], [-77.253753349269, 39.12141964221354], [-77.2537085188169, 39.121286512960836], [-77.25368567226012, 39.121201086705035], [-77.25363556111694, 39.12101452835271], [-77.25344408435079, 39.12086497253537], [-77.25343998997081, 39.12086176380871], [-77.2533236769364, 39.12077030398678], [-77.25307896135634, 39.120578311682095], [-77.25297355859453, 39.12049577933086], [-77.25297189602723, 39.12049447573373], [-77.25271777587376, 39.12029495170699], [-77.25264515900889, 39.120238286743586], [-77.25263310301456, 39.120250310241985], [-77.25259467864132, 39.120298201489796], [-77.2525913234621, 39.12030366718497], [-77.25190952913499, 39.12222808665668], [-77.25183836897385, 39.12238865948643], [-77.25177136897385, 39.12251365948643], [-77.2516957098727, 39.122636844987305], [-77.2515467098727, 39.122850844987305], [-77.25148516882412, 39.1229322805249], [-77.25134616882413, 39.1231022805249], [-77.2512970862051, 39.12315907180075], [-77.2511510862051, 39.12331907180075], [-77.2510688242024, 39.123402169990314], [-77.2508608242024, 39.12359616999031], [-77.25081966091957, 39.12363317523353], [-77.25053466091957, 39.12388017523352], [-77.25050145491386, 39.12390814835631], [-77.24899331465996, 39.125143145485325], [-77.2489565715029, 39.12517733703425], [-77.24889675414228, 39.125230134757494], [-77.2486630376959, 39.12542587228131], [-77.24850140820237, 39.125564164896105], [-77.24848486453756, 39.125579290532514], [-77.24842353505241, 39.12563244197723], [-77.2473295350524, 39.126531441977235], [-77.2473255347713, 39.12653471820692], [-77.24704253477131, 39.12676571820692], [-77.24695341888017, 39.126833409547515], [-77.24691855799958, 39.12685804806462], [-77.24689383540372, 39.126900581299886], [-77.24681106216894, 39.12701285058618], [-77.24671482692249, 39.12711842282469], [-77.24619282692248, 39.127636422824686], [-77.24618734235699, 39.12764183678438], [-77.24581216685876, 39.12801024016171], [-77.24594881221152, 39.128813104916844], [-77.24595827491896, 39.12888244784998], [-77.24600387373522, 39.129325530687034], [-77.24604764522525, 39.129505639605064], [-77.24606131299765, 39.12957050893248], [-77.24618331299767, 39.13025350893248], [-77.24619025982697, 39.130297755857214], [-77.24638925982698, 39.131766755857214], [-77.24639757989365, 39.131857421937795], [-77.24640402101743, 39.13199084521587], [-77.24641532302539, 39.132151333729155], [-77.24655077154787, 39.132620942678365], [-77.24658766087312, 39.132812266364276], [-77.24660066087311, 39.13294326636428], [-77.24660373480663, 39.13311279121373], [-77.24659173480663, 39.133303791213734], [-77.24656246603394, 39.13349316469986], [-77.24651511116699, 39.1336842170941], [-77.24649115422828, 39.13383182274868], [-77.2464687410439, 39.133936539506955], [-77.24643580250856, 39.134039558423844], [-77.24618480250855, 39.134710558423855], [-77.24617440819924, 39.13473730860387], [-77.24607240819924, 39.13499030860386], [-77.24601549484017, 39.1351109894684], [-77.24600939056208, 39.1351208944859], [-77.24600732576036, 39.135131093466306], [-77.24596422170846, 39.13525977088311], [-77.24587622170846, 39.13547777088311], [-77.24585399071358, 39.13552919760557], [-77.2452819928712, 39.136769192928185], [-77.2451449950934, 39.13706618811077], [-77.24512896553857, 39.13709954520743], [-77.24511996553856, 39.137117545207424], [-77.24504976240534, 39.13723964093227], [-77.24496666391036, 39.13735257156029], [-77.24495873670914, 39.13739508975168], [-77.24491845643963, 39.13752239090597], [-77.24486246707883, 39.1376460437928], [-77.24477646707884, 39.1378100437928], [-77.24477451784114, 39.13781374522718], [-77.24471951784113, 39.137917745227185], [-77.24469371621764, 39.13796404991429], [-77.24461623759964, 39.13809625549262], [-77.24470474517356, 39.13824095835157], [-77.24475891259925, 39.138339423556864], [-77.24499491259927, 39.138820423556865], [-77.245032442852, 39.138905297153045], [-77.24513944285201, 39.13917629715304], [-77.24517850994367, 39.13929388018383], [-77.24523950994366, 39.13951888018382], [-77.24526920162735, 39.13967091120969], [-77.24527643739836, 39.13982458440943], [-77.24527243739837, 39.13997658440943], [-77.24526282234025, 39.140093437129444], [-77.24524020539606, 39.14020919917067], [-77.24519720539604, 39.14037919917067], [-77.24515279998583, 39.14051632738984], [-77.24509016847855, 39.140649079413926], [-77.24501000070255, 39.140775993101705], [-77.24492100070255, 39.140899993101705], [-77.24483522534156, 39.1410073406625], [-77.24473689936258, 39.14110796211391], [-77.24462688802286, 39.1412009719988], [-77.24450615940947, 39.14128555184094], [-77.24437577592022, 39.141360957347516], [-77.24420705699846, 39.141449286665384], [-77.24401438084263, 39.14155054712685], [-77.24386719152105, 39.14190562239748], [-77.24385350651926, 39.14193728664098], [-77.24368250651924, 39.14231728664098], [-77.24363843097026, 39.14240522781891], [-77.24342743097029, 39.14278622781891], [-77.24338798911533, 39.14285245201204], [-77.24327498911535, 39.143029452012044], [-77.24324172061011, 39.143078959602825], [-77.24305455636897, 39.143343954518514], [-77.24302880022503, 39.143383708566766], [-77.2430136101201, 39.14343760893911], [-77.24297023707457, 39.14356251248933], [-77.24291166788572, 39.14368360360556], [-77.24283844254003, 39.14379976587196], [-77.24275123614845, 39.1439099283149], [-77.24265085272202, 39.144013075276916], [-77.24256385272201, 39.14409407527692], [-77.24245035801471, 39.14418991523404], [-77.24232549504694, 39.14427677630076], [-77.24214949504693, 39.144387776300746], [-77.24201096686949, 39.14446662464883], [-77.24186308784829, 39.1445344163724], [-77.2417073105482, 39.14459048557662], [-77.24085731054818, 39.14485748557663], [-77.24070847228694, 39.14489683989032], [-77.24056464240361, 39.144957155647845], [-77.24055958170527, 39.14495926945705], [-77.24003558170526, 39.145177269457044], [-77.2399234016084, 39.14521894560843], [-77.23957314752771, 39.14625803271441], [-77.2394519847674, 39.14666217428996], [-77.23943607494242, 39.146785664836194], [-77.23945197012301, 39.1469564098406], [-77.23951506128039, 39.14730200918042], [-77.23961947078169, 39.14733482286291], [-77.23976980487285, 39.14739599947697], [-77.23991172435954, 39.14746832768826], [-77.24004386725534, 39.14755111337051], [-77.24016496539872, 39.147643562038205], [-77.24027385662347, 39.14774478647118], [-77.24036949591195, 39.147853815229155], [-77.24045096542392, 39.147969601974566], [-77.24051748330501, 39.148091035514156], [-77.2405684111901, 39.148216950462974], [-77.24060326032959, 39.148346138428444], [-77.24062169627996, 39.14847735960721], [-77.24062354211333, 39.14860935468339], [-77.24060878011541, 39.148740856914046], [-77.24057755195558, 39.14887060428606], [-77.240254283253, 39.14992521854108], [-77.24019895346139, 39.15010868048174], [-77.24016388408374, 39.15022752670593], [-77.24014935210482, 39.15026774299858], [-77.24022755117085, 39.15065256471826], [-77.240233694372, 39.150685413919696], [-77.24040969437199, 39.151715413919696], [-77.2404248003131, 39.151893], [-77.2404248003131, 39.15196906129482], [-77.24062060251914, 39.152034286965765], [-77.24077374929487, 39.152092397629694], [-77.24091881563068, 39.152161936618995], [-77.2410543972728, 39.152242230790684], [-77.24117918178011, 39.15233250289076], [-77.24129196122861, 39.152431879078065], [-77.24139164390421, 39.15253939738317], [-77.24147726487064, 39.15265401702029], [-77.24154799531007, 39.15277462846215], [-77.24160315054623, 39.152900064180365], [-77.24164219667199, 39.15302910994713], [-77.24166475571776, 39.15316051658912], [-77.24167060931015, 39.153293012079516], [-77.24165970078593, 39.153425313851386], [-77.24163213574047, 39.153556141212995], [-77.24158818100564, 39.15368422774502], [-77.24152826206677, 39.153808333559574], [-77.24145295894398, 39.153927257302456], [-77.24136300057754, 39.15403984778233], [-77.2412592577716, 39.15414501511433], [-77.24114273476485, 39.15424174127029], [-77.24047859217715, 39.154741344027705], [-77.24043218341241, 39.15477646417399], [-77.24026285966715, 39.155005927042566], [-77.24020690800751, 39.155076614985234], [-77.24014590800749, 39.15514861498524], [-77.24003546474786, 39.15526488174038], [-77.23990964727476, 39.155371272340396], [-77.23976990403129, 39.15546656198938], [-77.2396178437776, 39.155549653688375], [-77.2394552170704, 39.15561959086439], [-77.23939421707043, 39.15564259086438], [-77.23923182388404, 39.15569605914001], [-77.23906328453201, 39.15573640141073], [-77.2388997239171, 39.15576174630444], [-77.2388356744702, 39.155809299416894], [-77.23876147882513, 39.15585446247407], [-77.23872756070524, 39.15595946117557], [-77.23867966661625, 39.15608254803184], [-77.23861690953827, 39.15620152169896], [-77.23853986113085, 39.15631529843576], [-77.23844922323441, 39.156422841840325], [-77.23834582147724, 39.156523172290704], [-77.23823059775464, 39.15661537586837], [-77.23810460164924, 39.15669861268312], [-77.2379689808702, 39.15677212452381], [-77.23782497079867, 39.15683524176486], [-77.23767388323452, 39.15688738946599], [-77.23751709444714, 39.1569280926094], [-77.23735603263883, 39.15695698042671], [-77.23719216493521, 39.15697378977636], [-77.23702698402103, 39.15697836754055], [-77.23490898402103, 39.156958367540554], [-77.23489284379689, 39.15695815658871], [-77.23435384379688, 39.15694915658871], [-77.23418817520238, 39.15694019352204], [-77.23402437170104, 39.15691892497972], [-77.23386393956231, 39.1568855465385], [-77.23370835405397, 39.156840365132744], [-77.23355904587618, 39.156783796232034], [-77.23341738800534, 39.156716360020646], [-77.2332846830688, 39.15663867661416], [-77.23316215136643, 39.15655146035714], [-77.23305091964922, 39.15645551325431], [-77.23295201075814, 39.15635171759565], [-77.23286633421858, 39.15624102784323], [-77.23279467787665, 39.15612446185435], [-77.23273770065451, 39.15600309152176], [-77.2327248842764, 39.15596472334781], [-77.23056829064735, 39.15644627159611], [-77.2303268461275, 39.15650228672472], [-77.23030563303128, 39.15650709372938], [-77.2291846330313, 39.15675509372939], [-77.22852275367629, 39.15690116958099], [-77.22898780361892, 39.157234231956764], [-77.22990257105528, 39.15784916956533], [-77.23103198442351, 39.158556935276096], [-77.23313212637892, 39.15969394236265], [-77.23326478366577, 39.15977343507826], [-77.23338695452202, 39.159862524119944], [-77.23349749689478, 39.15996037668359], [-77.23359537743428, 39.1600660780437], [-77.23367968115352, 39.16017864010424], [-77.23374961998151, 39.16029701063539], [-77.23380454013034, 39.16042008310974], [-77.23384392820658, 39.160546707046144], [-77.2338674160106, 39.160675698764386], [-77.23387478397846, 39.16080585245023], [-77.23386596323446, 39.16093595142739], [-77.23384103623484, 39.16106477953099], [-77.23380023599717, 39.16119113247625], [-77.23374394392191, 39.16131382911619], [-77.23367268622727, 39.161431722482966], [-77.23358712902996, 39.16154371050969], [-77.23348807211843, 39.161648746332624], [-77.23337644147642, 39.16174584807715], [-77.23332189725969, 39.16178890930088], [-77.23279034295719, 39.1622119628188], [-77.23270840058689, 39.16227304120102], [-77.23246340058691, 39.16244404120102], [-77.23235667430596, 39.1625127416344], [-77.2322432328495, 39.16257458571896], [-77.23216723284948, 39.16261258571896], [-77.23199023266173, 39.162690071812214], [-77.23180279084598, 39.16275090219241], [-77.23159140597588, 39.162808432656426], [-77.23096354770443, 39.16395656438172], [-77.23090802136639, 39.16404834919509], [-77.23084377769379, 39.1641366236059], [-77.2307287776938, 39.164281623605895], [-77.23063818082099, 39.16438481876443], [-77.230180180821, 39.16485781876444], [-77.23006838493936, 39.164961926522196], [-77.22994370140594, 39.16505675994137], [-77.22978370140595, 39.16516675994138], [-77.22966482892399, 39.16524148392938], [-77.229237828924, 39.16548648392938], [-77.22917304147134, 39.16552190696531], [-77.22881819276023, 39.16570664093851], [-77.22875812925842, 39.16581427150886], [-77.22856809909514, 39.16629109031305], [-77.22850711755054, 39.16642035029022], [-77.22842950043484, 39.16654409315484], [-77.22834350043485, 39.16666509315484], [-77.22824363349699, 39.16678916971524], [-77.228099633497, 39.16694816971524], [-77.2280198362216, 39.16702953153512], [-77.2276158362216, 39.167410531535126], [-77.22750040216279, 39.1675090330236], [-77.22737302433313, 39.16759817805589], [-77.22723494934759, 39.16767709419185], [-77.22708752851153, 39.16774500909901], [-77.22693220459583, 39.16780125811112], [-77.2267704977168, 39.16784529073318], [-77.22660399045925, 39.167876676028925], [-77.22643431238808, 39.16789510683831], [-77.22626312410014, 39.16790040278361], [-77.22609210097242, 39.16789251203474], [-77.22592291676551, 39.16787151181647], [-77.22575722724294, 39.1678376076527], [-77.22559665396663, 39.16779113135501], [-77.22544276842711, 39.16773253777529], [-77.22529707666368, 39.16766240035426], [-77.2251610045252, 39.167581405509324], [-77.2234820045252, 39.166475405509324], [-77.22337273945527, 39.16639692092725], [-77.2231192259996, 39.16619847391891], [-77.22307128198355, 39.16618288595838], [-77.22300311530155, 39.16615446264569], [-77.22289817021718, 39.16655926808044], [-77.22278072321737, 39.16702009825771], [-77.22273986023706, 39.1671475276569], [-77.22268324731, 39.16727125647887], [-77.2226114222684, 39.16739010927931], [-77.22252506746203, 39.16750295693694], [-77.22242500327586, 39.16760872738033], [-77.2223121803362, 39.167706415772756], [-77.22218767047967, 39.16779509405832], [-77.22205265657053, 39.16787391977862], [-77.22190842126328, 39.16794214407627], [-77.22175633481717, 39.16799911880914], [-77.22159784207868, 39.16804430270784], [-77.22143444875502, 39.168077266517855], [-77.22126770710985, 39.16809769707751], [-77.22109920121636, 39.16810540029313], [-77.21877020121637, 39.16812340029313], [-77.21861478120921, 39.16811916823323], [-77.21846047579652, 39.168104104882616], [-77.2183085292951, 39.16807833171194], [-77.21816016699952, 39.16804205655572], [-77.21740764349852, 39.16782873250239], [-77.21738700984686, 39.167850512468036], [-77.21620128950094, 39.16910027227568], [-77.21609083763369, 39.169205196672785], [-77.21596738917992, 39.1693009504106], [-77.21583219481117, 39.16938656339619], [-77.2156866241983, 39.169461168273806], [-77.21553215213517, 39.16952400921223], [-77.21537034359731, 39.16957444956214], [-77.21520283788702, 39.16961197830615], [-77.21503133202532, 39.1696362152359], [-77.21485756355929, 39.16964691480406], [-77.21468329295874, 39.169643968611986], [-77.2145102857806, 39.16962740650792], [-77.21434029478202, 39.16959739628458], [-77.21417504216274, 39.16955424197924], [-77.21401620211749, 39.169498380793506], [-77.21398120211748, 39.169484380793506], [-77.21380601899392, 39.16940384996249], [-77.21341058172891, 39.16919676311549], [-77.21181417328965, 39.168374642664546], [-77.21167427674428, 39.16829446582546], [-77.21154540979869, 39.168203785412246], [-77.21142886963338, 39.16810351421802], [-77.21132582934693, 39.16799466157716], [-77.21123732614753, 39.16787832320527], [-77.21116425091236, 39.16775567016966], [-77.21110733922004, 39.16762793710132], [-77.21106716394625, 39.1674964097671], [-77.21104412949711, 39.16736241212707], [-77.2110384677384, 39.167227293007535], [-77.21105023566167, 39.16709241252366], [-77.21107931481046, 39.166959128388484], [-77.21112541247275, 39.166828782246135], [-77.21118806462738, 39.16670268616677], [-77.21126664061494, 39.16658210943922], [-77.21136034948597, 39.16646826579428], [-77.21146760042986, 39.166362937114364], [-77.21076849765149, 39.16597359529327], [-77.21074784838457, 39.16597717730897], [-77.21057416469648, 39.1660001623072], [-77.21039837841155, 39.16600929836482], [-77.21022230878134, 39.16600449093073], [-77.21004777798974, 39.165985789758146], [-77.20987659229495, 39.16595338838967], [-77.2097105233359, 39.1659076221543], [-77.20955128979739, 39.165848964697034], [-77.20940053962286, 39.165778023077], [-77.20925983295953, 39.165695531484864], [-77.20885883295954, 39.16543453148486], [-77.20885541622155, 39.1654323017988], [-77.2088411408903, 39.1654229616535], [-77.20739177714273, 39.16519078576844], [-77.20722971770219, 39.165158404369876], [-77.20707243080457, 39.165114005749814], [-77.20692138463777, 39.16505800434527], [-77.2067779891358, 39.164990922899], [-77.20664358281792, 39.16491338757991], [-77.20651942029419, 39.16482612213816], [-77.20640666055444, 39.1647299411493], [-77.20630635614967, 39.16462574241069], [-77.20621944336709, 39.16451449856106], [-77.20614673349039, 39.164397248001386], [-77.20608890522682, 39.164275085202064], [-77.20604649837189, 39.16414915048655], [-77.20601990877053, 39.16402061938712], [-77.20590890877055, 39.16324761938712], [-77.20590621539017, 39.16322749465667], [-77.20587315530163, 39.16296106923733], [-77.20584521030116, 39.16275967250975], [-77.20578155406324, 39.16230114867089], [-77.20575290403912, 39.16210158643399], [-77.20575144448334, 39.16209104406622], [-77.20572744448332, 39.16191104406622], [-77.20571859329637, 39.16180072713032], [-77.20572139239631, 39.161690216895344], [-77.2057358229486, 39.1615802569624], [-77.20611068479873, 39.15955141689605], [-77.20612623525145, 39.159075400259795], [-77.20611286113305, 39.158838009658396], [-77.20611272330251, 39.15883551013156], [-77.2061088212036, 39.15876317854201], [-77.20571286792767, 39.15906014349895], [-77.20570611663021, 39.15906517967859], [-77.20570055246256, 39.15906930793201], [-77.205596983284, 39.15915264875539], [-77.20547290301266, 39.15924314712473], [-77.20533801256109, 39.15932373951161], [-77.20519361283581, 39.1593936486693], [-77.20504109645249, 39.159452200381914], [-77.20488193430518, 39.159498829966736], [-77.20471766138085, 39.15953308772007], [-77.20454986195566, 39.159554643254296], [-77.20438015431594, 39.159563288684154], [-77.20421017515119, 39.159558940631634], [-77.20404156376954, 39.15954164103011], [-77.20387594628794, 39.159511556719885], [-77.20371491994972, 39.1594689778392], [-77.20356003772041, 39.15941431502604], [-77.2034127933107, 39.15934809545794], [-77.20327460677085, 39.15927095776774], [-77.20314681079546, 39.159183645884475], [-77.20303063787077, 39.15908700185891], [-77.20292720838835, 39.15898195774252], [-77.20285437450171, 39.15889993759992], [-77.20194370282154, 39.15802748928512], [-77.2019396055008, 39.15802354881879], [-77.20118760550078, 39.15729754881878], [-77.19963061670478, 39.15579435234221], [-77.19893853474659, 39.155141140740575], [-77.19776698796011, 39.15415708029719], [-77.19738945763187, 39.15384047417535], [-77.19724302400822, 39.15369979140593], [-77.19722527269502, 39.153680176695225], [-77.1960770258834, 39.15366527729888], [-77.1950147395836, 39.15372496678368], [-77.1949817599349, 39.15372657396667], [-77.1943393204698, 39.15375309669688], [-77.19430652250614, 39.153754793143285], [-77.19396120902967, 39.15377692271186], [-77.19390918590123, 39.15408095951987], [-77.19388905544726, 39.15435200170367], [-77.19388925508304, 39.15435819041283], [-77.1938882024125, 39.154449870713094], [-77.19386820241247, 39.15481187071309], [-77.19386003073798, 39.154896925141415], [-77.19379629561266, 39.15536181664374], [-77.19372802191927, 39.15624845204043], [-77.19373378448752, 39.15729723946324], [-77.1937338003131, 39.15730299999999], [-77.1937338003131, 39.15731195032902], [-77.19375885164301, 39.15776380209451], [-77.19376744040378, 39.15789167919933], [-77.1937688321417, 39.157916949505015], [-77.1938228321417, 39.15917294950502], [-77.19382315779504, 39.15925470173009], [-77.19379916428043, 39.159939849868955], [-77.19380813793991, 39.160009395729794], [-77.19381679301861, 39.16014008905954], [-77.19380911313034, 39.16027081927886], [-77.19378517071486, 39.16040035328783], [-77.19374519160668, 39.16052746926965], [-77.19368955290477, 39.1606509682154], [-77.19361877941571, 39.16076968523341], [-77.19353353870348, 39.16088250053712], [-77.19343463479267, 39.160988350007294], [-77.19332300058468, 39.161086235229234], [-77.19319968905818, 39.161175232910225], [-77.193065863337, 39.161254503588424], [-77.19292278571903, 39.16132329955095], [-77.19277180576987, 39.16138097188669], [-77.19261434759294, 39.16142697660702], [-77.192451896397, 39.16146087977693], [-77.19228598448697, 39.161482361608115], [-77.19211817681057, 39.16149121947534], [-77.19195005619719, 39.16148736982761], [-77.1917832084279, 39.161470848976386], [-77.1913402084279, 39.16140984897638], [-77.19119187640598, 39.161384155781604], [-77.19104701025991, 39.16134844390656], [-77.18991952522651, 39.16102750833275], [-77.18972804071119, 39.16098859704086], [-77.18959967115961, 39.16097522521257], [-77.18869302243382, 39.160965466762484], [-77.18765, 39.160965466762484], [-77.18748181518818, 39.16095909743423], [-77.18747713174668, 39.1609585619487], [-77.18747518069904, 39.160958790419905], [-77.187303, 39.160965466762484], [-77.187126, 39.160965466762484], [-77.18694802799885, 39.160958332533795], [-77.18663848988632, 39.16093345004887], [-77.18638695203705, 39.160913565633905], [-77.18621643579361, 39.160893368654754], [-77.18621030908271, 39.160892147839085], [-77.18620142117678, 39.16089244162214], [-77.18603352779719, 39.160885292267544], [-77.1855125277972, 39.16084329226755], [-77.18544361219863, 39.160836647600185], [-77.18506961219862, 39.160794647600184], [-77.18491621856222, 39.16077188682602], [-77.18452721856222, 39.160699886826016], [-77.1843678516148, 39.16066403468612], [-77.18421362477191, 39.16061648241145], [-77.18382762477191, 39.16048048241145], [-77.18382136748315, 39.16047826611469], [-77.1836919815574, 39.16043219688354], [-77.18366755672436, 39.160423576354226], [-77.18353888681979, 39.16037922422803], [-77.18348156186052, 39.1603675846424], [-77.18331859568885, 39.16033511628635], [-77.18323939670684, 39.16032650776481], [-77.18321354869518, 39.160323543360114], [-77.18303954869518, 39.16030254336012], [-77.18287564031249, 39.16027639719489], [-77.18271573975477, 39.16023806589997], [-77.18256133960149, 39.16018790727587], [-77.18241388108899, 39.160126389524414], [-77.18227474065742, 39.16005408687832], [-77.18214521710243, 39.159971674241085], [-77.18202651945167, 39.15987992088711], [-77.18191975567925, 39.159779683281045], [-77.18182592236339, 39.15967189708309], [-77.18174589538394, 39.15955756841523], [-77.18168042174659, 39.15943776446963], [-77.18163011261, 39.159313603546984], [-77.18159733960287, 39.15919323061007], [-77.18159277303212, 39.15919213945889], [-77.1805187730321, 39.15889613945889], [-77.1803565723092, 39.158844100072315], [-77.1802019711478, 39.1587795584164], [-77.1800565563349, 39.15870317693027], [-77.17992182037118, 39.15861573957408], [-77.1797991461523, 39.15851814378262], [-77.17968979277522, 39.15841139125427], [-77.17959488261523, 39.15829657766982], [-77.17951538980603, 39.15817488144672], [-77.17945213024164, 39.158047551644046], [-77.1794057532021, 39.157915895142494], [-77.1793767346896, 39.15778126323094], [-77.17935517344073, 39.15763663894764], [-77.17933226496483, 39.157622935082486], [-77.1792064378746, 39.15753076031353], [-77.17909304445158, 39.15742928679623], [-77.17899321391157, 39.15731952504334], [-77.17890794040592, 39.15720256810508], [-77.17883807312136, 39.15707958068412], [-77.17878430782348, 39.15695178753703], [-77.17874717992802, 39.156820461277675], [-77.17872705916902, 39.156686909704014], [-77.1787241459168, 39.15655246277455], [-77.17873846918268, 39.1564184593641], [-77.17876988632999, 39.156286233930736], [-77.17881808449457, 39.15615710322674], [-77.17888258370034, 39.1560323531859], [-77.17934980194993, 39.15524467113694], [-77.17943860639288, 39.15509410420548], [-77.1787948102127, 39.15499063065596], [-77.17868576843566, 39.1549731202976], [-77.17865687644978, 39.15498778967475], [-77.17850347691851, 39.15504967717886], [-77.178342914615, 39.15509936242013], [-77.17817678802169, 39.15513635075576], [-77.17800675101644, 39.15516027394738], [-77.1778344964073, 39.155170893826984], [-77.17766173907981, 39.15516810466808], [-77.17749019892426, 39.15515193423819], [-77.1773215837134, 39.15512254352251], [-77.17715757210058, 39.1550802251211], [-77.17700548776473, 39.15503431286876], [-77.17654342616109, 39.1548983544438], [-77.17654122130587, 39.15489770434522], [-77.17615450970571, 39.15478344864516], [-77.1761072252598, 39.154804987098196], [-77.17607022525979, 39.1548199870982], [-77.17592441627467, 39.154872557140656], [-77.17577297218016, 39.154914384600396], [-77.17561719704533, 39.15494510930557], [-77.17493797863489, 39.15505325670297], [-77.17487085468515, 39.155094774426225], [-77.17483179379097, 39.155114282638124], [-77.17477222309614, 39.155156400920134], [-77.1747475645269, 39.155188210872765], [-77.17464908275856, 39.15529151096568], [-77.1745383915611, 39.1553870347615], [-77.17441649943663, 39.155473911947546], [-77.1742845169384, 39.15555135098999], [-77.17414364655257, 39.15561864634546], [-77.17404908996689, 39.15565465307046], [-77.17393285874735, 39.15571069793515], [-77.17377588021647, 39.155770285910705], [-77.17361198589792, 39.15581726778596], [-77.17344284293584, 39.1558511656581], [-77.1732701718639, 39.155871634715666], [-77.17319455292139, 39.15587758227294], [-77.17313832471713, 39.15589099830624], [-77.17299324605884, 39.155915274930905], [-77.17290494150241, 39.155923986601664], [-77.17257849104018, 39.156033741498455], [-77.17201205349848, 39.15622455202838], [-77.17184859177321, 39.1562721586486], [-77.17167980156123, 39.15630672156002], [-77.17150739733165, 39.15632788969346], [-77.17133313026261, 39.15633544803576], [-77.17119162673083, 39.15633047461299], [-77.1710915613178, 39.156457830593226], [-77.17099082596637, 39.15657234044309], [-77.17087548884693, 39.15667818208373], [-77.1707467731539, 39.1567742330239], [-77.1706060439666, 39.1568594746065], [-77.17045479377215, 39.15693300281182], [-77.17029462663692, 39.156994037845], [-77.17012724119485, 39.15704193240611], [-77.16993511690644, 39.157088318578474], [-77.16968088094018, 39.157414588068534], [-77.16958344833522, 39.15752654241503], [-77.16947208660211, 39.15763033588636], [-77.16934791697669, 39.157724923447056], [-77.16921218964993, 39.15780935275057], [-77.1690662711805, 39.15788277372786], [-77.16891163073572, 39.15794444714627], [-77.16874982529934, 39.157993752052406], [-77.16858248399518, 39.15803019202413], [-77.16841129168448, 39.1580534001688], [-77.16823797200199, 39.15806314281722], [-77.16806427000174, 39.15805932187642], [-77.16789193458706, 39.158041975817206], [-77.16772270090196, 39.15801127928683], [-77.16755827286094, 39.15796754135064], [-77.1674003059933, 39.157911202380184], [-77.16733972705906, 39.157886664077715], [-77.16672226015697, 39.15806409709556], [-77.16597072869317, 39.15834485144649], [-77.16549602899086, 39.15855422469922], [-77.16531706722648, 39.15862287774393], [-77.16345719185695, 39.1592354289046], [-77.16263901759756, 39.15956850739842], [-77.16237804691008, 39.15997736147546], [-77.16229289667268, 39.16009546553383], [-77.16219294103509, 39.16020632326675], [-77.16207918953856, 39.16030881502292], [-77.16195279106111, 39.16040190564654], [-77.16181502221389, 39.16048465493222], [-77.16166727444758, 39.160556227120985], [-77.16151103999887, 39.16061589934137], [-77.16134789681907, 39.1606630689103], [-77.16117949263688, 39.16069725942015], [-77.1610075283166, 39.16071812555041], [-77.16083374067959, 39.160725456555404], [-77.16065988496241, 39.160719178392746], [-77.16048771708931, 39.16069935447122], [-77.16031897593747, 39.160666185010314], [-77.16015536577451, 39.16062000501805], [-77.15999853904569, 39.160561280907444], [-77.15985007968423, 39.16049060578574], [-77.15971148711388, 39.16040869346414], [-77.15958416110483, 39.16031637124836], [-77.15946938763621, 39.160214571582955], [-77.15941238763622, 39.16015857158296], [-77.15940947546746, 39.16015570251647], [-77.15921188983673, 39.1599604974355], [-77.15916731863905, 39.15992422871584], [-77.15912755496004, 39.1598907564731], [-77.15876386805503, 39.159574029140984], [-77.15795507866034, 39.15887044027616], [-77.15792455612706, 39.158846422545054], [-77.1579213508996, 39.15884389374165], [-77.15766060227854, 39.15863762990707], [-77.15749737664227, 39.15853669532634], [-77.15706382445555, 39.158297320952975], [-77.15677588324063, 39.15815934912082], [-77.15673491036127, 39.15813876369939], [-77.15625299951878, 39.15790648267331], [-77.15611060345711, 39.15782993168672], [-77.155978739055, 39.15774270385876], [-77.15568073905499, 39.15752470385875], [-77.1555820454343, 39.15744637709318], [-77.15554604543429, 39.15741537709318], [-77.15554294877069, 39.15741270335185], [-77.15496194877069, 39.15690970335184], [-77.15495870794444, 39.15690688968625], [-77.15475996792857, 39.15673385733412], [-77.15454532007968, 39.156548441682546], [-77.15387838069117, 39.156046828114285], [-77.15373737206612, 39.1559271723143], [-77.15344751698906, 39.15564931124042], [-77.15308966195843, 39.155306450135676], [-77.15300716476776, 39.155220651244804], [-77.15293791192516, 39.155142316062204], [-77.15235788321432, 39.154617166341474], [-77.15208697989118, 39.15440911761766], [-77.15184935833649, 39.15428219293357], [-77.15128275765773, 39.15401919424718], [-77.15113311395855, 39.15394125170447], [-77.15083911395855, 39.153770251704465], [-77.15074114774127, 39.15370883187808], [-77.15062114774128, 39.15362783187808], [-77.15061137425315, 39.15362118466036], [-77.15008841779617, 39.15326280854088], [-77.14916672534561, 39.15265819404872], [-77.14908429007781, 39.152600506014714], [-77.14882029007781, 39.152403506014714], [-77.1487045064495, 39.15230827116891], [-77.14838235954349, 39.15201604502816], [-77.14826821414249, 39.15191281788293], [-77.14826599763258, 39.15191080939967], [-77.14732586954531, 39.15105722029953], [-77.14688382126508, 39.15067802048662], [-77.14482963162402, 39.15237489070808], [-77.14479340720243, 39.152403927782665], [-77.14359633847064, 39.15333509026335], [-77.14341751817828, 39.15348501581336], [-77.1433974999637, 39.1535259302344], [-77.1433981276586, 39.15352679767387], [-77.1436070352402, 39.15377066529972], [-77.14369551081263, 39.15388602043659], [-77.14376878465927, 39.1540076567844], [-77.14382612851523, 39.15413436540602], [-77.14386697244304, 39.15426488695128], [-77.14389091049706, 39.15439792417354], [-77.14389770475829, 39.154532154822974], [-77.1438872876989, 39.1546662447884], [-77.14385976285352, 39.154798861356824], [-77.1438154037901, 39.15492868645931], [-77.14375465139098, 39.155054429771134], [-77.14367810947097, 39.15517484153626], [-77.14358653877615, 39.15528872498863], [-77.1434808494227, 39.15539494824673], [-77.14336209185146, 39.15549245556329], [-77.14323144638753, 39.155580277818345], [-77.14309021150918, 39.155657542151204], [-77.14293979094224, 39.15572348063581], [-77.1427816797087, 39.15577743791311], [-77.14246067970869, 39.155872437913104], [-77.14243214258907, 39.15587916947653], [-77.14241243186154, 39.155888983256474], [-77.14224868339022, 39.1559610715482], [-77.14207585065675, 39.156018913262045], [-77.1418959735361, 39.15606182571561], [-77.14171117504522, 39.156089302430566], [-77.14163517504522, 39.15609730243055], [-77.14154675199887, 39.156103045704484], [-77.14141579763314, 39.156160699569575], [-77.14125598200151, 39.15621534842436], [-77.1410499820015, 39.15627634842436], [-77.14091737115055, 39.1563096803107], [-77.14086365296019, 39.15633176832731], [-77.14071596186768, 39.156437896079574], [-77.14058798738758, 39.15652133157612], [-77.14045028131233, 39.15659479061213], [-77.14030412359982, 39.15665759039658], [-77.14015087276469, 39.15670914721461], [-77.14001352291311, 39.15674357521886], [-77.13975467305214, 39.15685645073202], [-77.13962581595037, 39.15690726661473], [-77.13949196390773, 39.15694954948951], [-77.13936996390773, 39.15698354948951], [-77.13936502313187, 39.15698486420057], [-77.13934698480764, 39.15699461083833], [-77.13920540312462, 39.15705668165335], [-77.13905696706358, 39.157108153218694], [-77.13890298370671, 39.157148572291604], [-77.13874480898403, 39.157177582954205], [-77.13858383573339, 39.15719492974754], [-77.1385024233523, 39.15719770284688], [-77.1385012197306, 39.15719818465454], [-77.13841851694706, 39.15722361176718], [-77.13835211266486, 39.157256304181736], [-77.13820682507017, 39.15731372950271], [-77.13805524352684, 39.15736027512811], [-77.13789871020258, 39.15739552892311], [-77.13773861111025, 39.15741917873554], [-77.13757636383559, 39.157431015159865], [-77.1374394655186, 39.15743094646784], [-77.13739934652547, 39.157436129821484], [-77.13735334652546, 39.15744012982148], [-77.13717027053107, 39.157448447455934], [-77.13702201532425, 39.15744295031334], [-77.13697729105614, 39.15745122096647], [-77.13681501444371, 39.15746884603214], [-77.13667655914648, 39.157473594107614], [-77.13662756928879, 39.15748096227745], [-77.13645778624566, 39.1574932097531], [-77.13628727821305, 39.15749240686257], [-77.13611769812229, 39.15747856138922], [-77.13608093658264, 39.157472672384216], [-77.13607625668178, 39.1574736199029], [-77.13590204021804, 39.15749448697015], [-77.135726, 39.15750146676249], [-77.135681, 39.15750146676249], [-77.13549939383074, 39.15749403738291], [-77.13531979026546, 39.15747183116928], [-77.13514416982511, 39.15743509299353], [-77.13497446910799, 39.157384227974156], [-77.13481255943451, 39.15731979700889], [-77.13466138324023, 39.157251619509516], [-77.13455720330481, 39.15720529934803], [-77.13441712334819, 39.15712774071769], [-77.13428761735379, 39.15703975730052], [-77.13416996169529, 39.15694221623563], [-77.1340983462876, 39.156869580012895], [-77.13407986467558, 39.156866924093485], [-77.13392152426516, 39.15683179757675], [-77.13376818684151, 39.15678512981079], [-77.13362123845475, 39.15672734263564], [-77.13361876226331, 39.156726126438166], [-77.13358913941589, 39.15671889745927], [-77.13355113941589, 39.15670789745928], [-77.13340017053369, 39.15665773696389], [-77.13325598391309, 39.156596679835964], [-77.13311987509357, 39.156525274683375], [-77.13299306703429, 39.156444163092694], [-77.13287669912566, 39.156354073864314], [-77.13277181695165, 39.15625581646413], [-77.13271663928441, 39.15619282733249], [-77.13257046786009, 39.15611765417737], [-77.13252809708081, 39.15609064729452], [-77.13243070282114, 39.15606761755156], [-77.13234278992395, 39.15603894381049], [-77.13222835957178, 39.15602680272703], [-77.13219248604295, 39.15602996477099], [-77.13201296739155, 39.156031234971294], [-77.13183424431766, 39.15601803811079], [-77.13165823743513, 39.155990516007016], [-77.13148683816885, 39.155948964421114], [-77.13138614770388, 39.15591530857757], [-77.13130785562282, 39.155897430428396], [-77.13115495643945, 39.1558498311254], [-77.1310085594464, 39.15579114683711], [-77.13086998848713, 39.1557219082357], [-77.1307404966356, 39.15564274143425], [-77.1306212548649, 39.15555436232483], [-77.13051334145838, 39.15545757010495], [-77.13041773225888, 39.155353240050395], [-77.13033529184432, 39.15524231560036], [-77.13026676570956, 39.15512579982604], [-77.13021277352497, 39.15500474636005], [-77.13017380353281, 39.15488024986857], [-77.13016755338188, 39.15484665837008], [-77.13009822803197, 39.1547207998479], [-77.13007543053331, 39.15467733562781], [-77.13002161604695, 39.154569399143746], [-77.12949013985944, 39.15412571843264], [-77.12875358327672, 39.15351025357311], [-77.12875139787403, 39.153508424058444], [-77.12872180146387, 39.15348360126282], [-77.1282392086591, 39.1530807758638], [-77.12815174467823, 39.153001859191846], [-77.12794180821209, 39.15279692121298], [-77.12723487175565, 39.15210698322861], [-77.12436914607902, 39.14930925107067], [-77.12417259270988, 39.14911768636572], [-77.12413611085981, 39.149078674554254], [-77.12409724420293, 39.14905376191342], [-77.12396311085801, 39.14894622689811], [-77.12384515332313, 39.14882776824251], [-77.12375945545294, 39.148731039953375], [-77.1237129878327, 39.14868193587242], [-77.12369842264434, 39.14867334345914], [-77.12368546171662, 39.14866575993761], [-77.12365158109992, 39.14865025239165], [-77.12354111517912, 39.14861175669198], [-77.1233606323519, 39.14853867146534], [-77.12320363235189, 39.14846567146534], [-77.1230723812977, 39.14839816579151], [-77.12294954594358, 39.14832167039185], [-77.12283614014447, 39.148236816641905], [-77.12276414014447, 39.148177816641905], [-77.12264223178174, 39.148066378636486], [-77.12253657407604, 39.147945311515606], [-77.1224484132509, 39.14781604325551], [-77.1224014132509, 39.14773704325551], [-77.12234091118485, 39.14762162336311], [-77.12229437593535, 39.1475023472015], [-77.12226220573399, 39.14738023549226], [-77.12224467588152, 39.14725633322252], [-77.12224193639197, 39.147131700702424], [-77.12224493639197, 39.14705170070242], [-77.1222570642031, 39.146927064559996], [-77.12228398288907, 39.14680383902789], [-77.12232546082353, 39.14668308442111], [-77.12238114110254, 39.14656583979318], [-77.12245054461566, 39.146453113995406], [-77.12251656365515, 39.146357534191935], [-77.12245992348917, 39.146229693035046], [-77.12241778021082, 39.14608360393248], [-77.12240278021083, 39.14601360393249], [-77.12238733286937, 39.145922437932995], [-77.12237233286936, 39.14580243793299], [-77.12236514813965, 39.145627410507274], [-77.12237114813965, 39.145486410507274], [-77.12238357245056, 39.14536386988148], [-77.12240808526585, 39.14525274736459], [-77.12236331337705, 39.14505629140433], [-77.12231406165839, 39.14485928452969], [-77.12229094769874, 39.14473726632509], [-77.12228226968335, 39.14461411484257], [-77.12228810031769, 39.144490861860405], [-77.12243010031769, 39.143155861860414], [-77.12245725030616, 39.14300500565023], [-77.12250610996733, 39.14285749767412], [-77.12288410996733, 39.14193549767412], [-77.12294508909393, 39.14180903575366], [-77.12302203354533, 39.14168795918441], [-77.12311417018617, 39.141573484539784], [-77.12322057323053, 39.14146676205725], [-77.12334017354408, 39.141368864080825], [-77.12347176938681, 39.141280774286166], [-77.12361403848797, 39.141203377796664], [-77.1237655513323, 39.1411374522897], [-77.12392478552368, 39.14108366018261], [-77.1240901410822, 39.14104254197674], [-77.12446147745848, 39.14096593131657], [-77.12436974528144, 39.14069351454834], [-77.12433406729228, 39.14056054905565], [-77.1243157754613, 39.14042546432891], [-77.12431505566643, 39.14028963307224], [-77.1243319152221, 39.14015443557591], [-77.12436618280485, 39.14002124568999], [-77.12441751019432, 39.13989141686364], [-77.1244230743937, 39.139881156129604], [-77.12440702669599, 39.139779535716016], [-77.12440256275121, 39.13965140990605], [-77.12441376497915, 39.13952353373331], [-77.1244405320212, 39.13939706423089], [-77.1244625320212, 39.13931706423089], [-77.12449696202947, 39.13921251991251], [-77.12454203446129, 39.13911045479285], [-77.1246000344613, 39.13899445479285], [-77.12464702427737, 39.13890926985969], [-77.12468837812116, 39.138840892712025], [-77.12472188020708, 39.138749692589265], [-77.12477808436707, 39.138621472759105], [-77.12485055141107, 39.13849829203139], [-77.12493854884383, 39.13838139551422], [-77.12504118718917, 39.13827196479505], [-77.12515742898097, 39.13817110599718], [-77.12528609924973, 39.138079838599126], [-77.12542589739921, 39.13799908512976], [-77.1255568973992, 39.137931085129765], [-77.12570679652357, 39.1378615024928], [-77.12586493644538, 39.13780401379907], [-77.12597593382408, 39.13777382779947], [-77.12608226213214, 39.13771385981462], [-77.12619633083024, 39.13765485876388], [-77.12614121844636, 39.13763961818845], [-77.12544828833413, 39.13753275258975], [-77.12535150723083, 39.13751556998452], [-77.12500850723085, 39.13744656998451], [-77.12477313404257, 39.13738490909237], [-77.12455213404256, 39.137312909092365], [-77.12438625218212, 39.137250603002514], [-77.12422981382542, 39.1371749407485], [-77.12396281382544, 39.13702994074851], [-77.12383782605397, 39.13695526010659], [-77.12372208079334, 39.13687204836587], [-77.12356208079332, 39.13674604836587], [-77.12346288027926, 39.136660960234025], [-77.12295588027928, 39.13618696023402], [-77.12289285906981, 39.136124374083806], [-77.12277009633556, 39.13599475657758], [-77.12262381601182, 39.135879554124834], [-77.12255824671969, 39.13583410268369], [-77.122092679425, 39.13557507171197], [-77.12195539845236, 39.13549020124349], [-77.12182985076173, 39.1353949649762], [-77.12171732333937, 39.13529033917471], [-77.12125218112377, 39.13481044614889], [-77.12111519503783, 39.13467346006295], [-77.1210501734708, 39.13460397437591], [-77.12010764967226, 39.13352609862729], [-77.1181675200523, 39.13141600888178], [-77.11811979697795, 39.131361318287105], [-77.11750977790031, 39.130623942730296], [-77.11731535695495, 39.13043710366024], [-77.11699093851234, 39.13022555727973], [-77.11623227733462, 39.12973734936589], [-77.11608938237949, 39.12963433183622], [-77.11571138237949, 39.129329331836225], [-77.11559961713205, 39.12922981403864], [-77.11550091906501, 39.12912225599474], [-77.11543004936522, 39.12903641382314], [-77.11518317970803, 39.128737571606536], [-77.11509387445255, 39.12861601056924], [-77.1150212641076, 39.12848789509194], [-77.1147622641076, 39.127957895091946], [-77.11469220639397, 39.12777742767992], [-77.11448325351934, 39.127061570609435], [-77.11441489781669, 39.126861695073885], [-77.11418846205629, 39.12622787270521], [-77.11415899623928, 39.12613190557807], [-77.11399999623926, 39.125514905578065], [-77.1139777754886, 39.12540553665042], [-77.11383977548861, 39.12448153665042], [-77.11383115219488, 39.12440464923583], [-77.11377973750561, 39.12372043837113], [-77.11373052313716, 39.123174158881305], [-77.1136664026508, 39.12296683597537], [-77.1135204319414, 39.1226511128118], [-77.11347143842399, 39.122526538793814], [-77.11343813518333, 39.12239886573227], [-77.11342083351995, 39.12226928704522], [-77.11341969516033, 39.12213901396344], [-77.11343473074521, 39.12200926420856], [-77.11346579973022, 39.12188125061039], [-77.11351261169939, 39.12175616977016], [-77.11357472908006, 39.12163519087522], [-77.11365157123284, 39.12151944477019], [-77.11374241987927, 39.121410013386466], [-77.11384642581584, 39.121307919628826], [-77.11396261685185, 39.12121411781396], [-77.11408990689696, 39.12112948475001], [-77.11434890689695, 39.12097348475001], [-77.1143747755653, 39.12095820331088], [-77.11449133653059, 39.120890678337894], [-77.11531295078088, 39.12037272396035], [-77.1161569551839, 39.11975111983552], [-77.11671573415062, 39.1193200896378], [-77.1167420987538, 39.11930017955315], [-77.11740551421553, 39.11880970572888], [-77.11755492151447, 39.11868479142977], [-77.11757512689923, 39.11865376902086], [-77.11802307205213, 39.117868423119745], [-77.11846462504045, 39.11709423354692], [-77.11911264572502, 39.1158801825997], [-77.11911984377889, 39.11586689829772], [-77.11978429931553, 39.11465871480148], [-77.11980332653205, 39.11458811381384], [-77.12000611826035, 39.112726030888204], [-77.12003258207955, 39.112341878673874], [-77.12001735317237, 39.11145193941136], [-77.1200172574208, 39.11144500261804], [-77.12001097944089, 39.11084680081635], [-77.12000392081299, 39.11079716272339], [-77.1199761107292, 39.11071556610394], [-77.1197991628531, 39.11038478516438], [-77.11973706249611, 39.11024850881753], [-77.11960806249613, 39.10990850881753], [-77.11956542798266, 39.10976929780722], [-77.11954200921461, 39.10962735375543], [-77.11939367092502, 39.10808192085602], [-77.11925782673792, 39.107367099374954], [-77.11924256279713, 39.10725393512724], [-77.11922756279712, 39.107066935127236], [-77.11922448906262, 39.106958368148774], [-77.11923266125655, 39.10684996115084], [-77.11927066125654, 39.10655196115085], [-77.11929523425975, 39.10642306864583], [-77.11933569292412, 39.10629662553843], [-77.11939165890874, 39.106173814235554], [-77.1194626088591, 39.106055783182036], [-77.11954787930122, 39.1059436361212], [-77.11964667284595, 39.10583842177339], [-77.11975806564564, 39.105741124029116], [-77.11988101603323, 39.10565265274838], [-77.12001437426329, 39.10557383525231], [-77.12015689326351, 39.10550540858664], [-77.12030724029657, 39.10544801262936], [-77.12046400942285, 39.105402184107064], [-77.12062573464786, 39.105368351575805], [-77.1207821682137, 39.10534186282504], [-77.1211835111362, 39.105210274981594], [-77.12138139977732, 39.105156120479556], [-77.12160239977734, 39.10510712047956], [-77.12176458461501, 39.105077640480644], [-77.12257689704118, 39.104961719431536], [-77.12260379275054, 39.10495455459093], [-77.12284896535441, 39.10486334454485], [-77.12307648257476, 39.10479359308594], [-77.12335848257476, 39.10472459308593], [-77.12350962132136, 39.10469337076837], [-77.12366376361061, 39.10467288346971], [-77.12381965265713, 39.10466329823129], [-77.12412465265713, 39.104655298231286], [-77.12436857155777, 39.104662291551236], [-77.12532257155776, 39.10474229155125], [-77.12533474941098, 39.104743346677836], [-77.12545774941098, 39.10475434667784], [-77.1256200844074, 39.10477498240269], [-77.1257791709776, 39.10480750834789], [-77.12593357395528, 39.10485163108739], [-77.12608190042631, 39.104906952577146], [-77.12622281229437, 39.10497297374589], [-77.12635503835251, 39.10504909899743], [-77.12647738575099, 39.10513464158373], [-77.1265887507583, 39.10522882980022], [-77.1266881287183, 39.10533081394758], [-77.12677462311349, 39.105439673997154], [-77.12687217454805, 39.105576588291264], [-77.12693526231945, 39.105657489080464], [-77.1293500449325, 39.108688070306954], [-77.12942924179987, 39.10874217938883], [-77.12955391908484, 39.10884760427373], [-77.12966350595647, 39.10896273277771], [-77.12975676360472, 39.1090862634461], [-77.12993244694856, 39.10935017204991], [-77.13000288672062, 39.109428324205794], [-77.13010479522202, 39.10955598641341], [-77.13020379522203, 39.10969698641342], [-77.13027950614112, 39.10981903136397], [-77.13033907875663, 39.109946376178115], [-77.13038191050056, 39.1100777327823], [-77.13038991050055, 39.1101087327823], [-77.13041778595924, 39.11026179783196], [-77.13042294517523, 39.11041633978069], [-77.13042287721585, 39.11041802177502], [-77.13055492987345, 39.11068850204613], [-77.13060455668055, 39.11081121287222], [-77.13069071750324, 39.110838717644995], [-77.1308344774339, 39.11089739370438], [-77.1309024774339, 39.11092839370438], [-77.13107843386214, 39.11102030304653], [-77.13123864436055, 39.11112824679626], [-77.13132264436057, 39.11119224679627], [-77.13145078008758, 39.11130120141927], [-77.13156282149228, 39.11142041243411], [-77.13165742265944, 39.11154844779939], [-77.13174942265942, 39.11169044779939], [-77.13182639357274, 39.11182774684485], [-77.13186781997308, 39.111931913256136], [-77.13189116061073, 39.11194695424659], [-77.13201149462783, 39.11204154783775], [-77.13202981028246, 39.11205744444365], [-77.13207277450731, 39.11203971066326], [-77.13219943208304, 39.111975616761995], [-77.13235084971434, 39.111914562251265], [-77.13250925114231, 39.111865391660096], [-77.13267310023845, 39.1118285818298], [-77.1326795431505, 39.111827656271956], [-77.13269516229327, 39.11182288271042], [-77.13284504863927, 39.11178883097706], [-77.13299826765416, 39.11176542203529], [-77.13304057125613, 39.111761996518176], [-77.13304894935771, 39.1117597775137], [-77.13322249689706, 39.111728837138976], [-77.13339921010495, 39.11171192452456], [-77.13357722116956, 39.11170921843234], [-77.13385922116954, 39.111716218432335], [-77.13401816086441, 39.111725876145215], [-77.13417528567118, 39.11174686520105], [-77.13432926404893, 39.111779007729844], [-77.13435916765303, 39.11178761193149], [-77.13438462214457, 39.111785810222614], [-77.13462062214457, 39.11177781022261], [-77.13485022004312, 39.11178188673576], [-77.13496522004311, 39.111789886735764], [-77.1351109751317, 39.11180490168042], [-77.13520734688244, 39.11182139864605], [-77.13532332280366, 39.11182266614246], [-77.13547960152192, 39.11182988042093], [-77.13563440435865, 39.111848046200436], [-77.13564386559882, 39.11184984863121], [-77.13577247957446, 39.11182580863576], [-77.13591690647395, 39.11180381669085], [-77.13606321162018, 39.111791445012145], [-77.13615999226, 39.11178969389094], [-77.13629471133216, 39.11176519676061], [-77.13645218647086, 39.1117482110807], [-77.13648921400991, 39.111746887285676], [-77.13650886405748, 39.11174295727616], [-77.13667250550937, 39.11171670420329], [-77.1368386368951, 39.11170284330507], [-77.13700571180466, 39.11170150360364], [-77.13717217504538, 39.11171269756945], [-77.13724817504539, 39.11172069756945], [-77.13741729136203, 39.11174520761929], [-77.1375824481099, 39.11178265134546], [-77.1377181324598, 39.111825174367844], [-77.13772645170314, 39.1118266514556], [-77.13778592299091, 39.111842972289296], [-77.13836287870168, 39.11128309048366], [-77.1423793069279, 39.10738867509821], [-77.14332152913124, 39.10647545969027], [-77.14342690383448, 39.106382442087494], [-77.14354282162581, 39.1062973549666], [-77.14366830094937, 39.106220918818934], [-77.14380227928514, 39.1061537808821], [-77.14394362214615, 39.106096509659324], [-77.14409113268488, 39.10604959010553], [-77.14424356182786, 39.10601341952097], [-77.14489497397116, 39.10588400564183], [-77.14324873882161, 39.10134369367861], [-77.14322767420741, 39.101279619702744], [-77.14302348518737, 39.100588272442515], [-77.14299359513782, 39.1004580995131], [-77.14293776301761, 39.10011978536808], [-77.14284333010824, 39.10016919066504], [-77.14269533760292, 39.10023853793944], [-77.14253920153827, 39.10029606761481], [-77.14237647567806, 39.10034120719355], [-77.14220877936336, 39.10037350747617], [-77.14203778139796, 39.10039264703143], [-77.1418651834415, 39.100398435395014], [-77.14169270307566, 39.10039081496494], [-77.14152358075681, 39.10037004870971], [-77.1414781207749, 39.100431657504366], [-77.14139484515769, 39.10052522531526], [-77.14130171836622, 39.1006129914443], [-77.14101971836624, 39.10085699144431], [-77.1408998057715, 39.10095100943573], [-77.14076860891264, 39.101035412858074], [-77.1406273955176, 39.10110938613863], [-77.14047753010205, 39.10117221448899], [-77.14032046078428, 39.101223290811866], [-77.14015770529244, 39.10126212156741], [-77.13999083629896, 39.10128833154208], [-77.13982146622419, 39.101301667474374], [-77.13965123165593, 39.10130200050193], [-77.13948177753537, 39.101289327406796], [-77.13931474126238, 39.10126377064643], [-77.13915173687376, 39.1012255771705], [-77.13899433944694, 39.101175116034625], [-77.1388440698805, 39.10111287483424], [-77.13870238019801, 39.10103945499311], [-77.13857063951737, 39.10095556595189], [-77.13833463951737, 39.100789565951885], [-77.1382105298168, 39.100692932890944], [-77.13809963330672, 39.10058701869347], [-77.13800308987875, 39.100472912038526], [-77.13792189189095, 39.10035178581442], [-77.13785687396751, 39.10022488506278], [-77.13781398570192, 39.10010791761079], [-77.13780592811615, 39.10010734763657], [-77.13722992811617, 39.10004434763657], [-77.13715637211659, 39.10003504262887], [-77.13628759592692, 39.09991015605161], [-77.13624489182523, 39.09991323965382], [-77.1360722770731, 39.09991227556388], [-77.13590064316644, 39.099897945708925], [-77.13573169534581, 39.09987039246089], [-77.13556711216462, 39.09982988957055], [-77.1354085288121, 39.099776839447735], [-77.13525752086719, 39.09971176916327], [-77.13511558864455, 39.09963532521228], [-77.1351016835381, 39.09962611573338], [-77.13506581848507, 39.10010103845185], [-77.13504810659502, 39.10022968357535], [-77.13501461920605, 39.10035641396599], [-77.13496566505418, 39.100480061236524], [-77.13490169547087, 39.100599485424425], [-77.13482330022187, 39.10071358550178], [-77.13473120206996, 39.10082130952612], [-77.13462625011144, 39.10092166433888], [-77.13450941194795, 39.10101372472167], [-77.13438176476562, 39.1010966419264], [-77.13424448540404, 39.10116965150025], [-77.13409883950641, 39.10123208033351], [-77.13399719372822, 39.10126621702152], [-77.13411858709648, 39.10127259017336], [-77.1341213796513, 39.1012727385465], [-77.13467700295882, 39.10130261076733], [-77.134984625819, 39.10131848807623], [-77.13531310422053, 39.10133551281969], [-77.13555871748441, 39.101348335842864], [-77.13561649022138, 39.10135113129788], [-77.13563955426103, 39.101352367597606], [-77.13566710307845, 39.101353988116266], [-77.13581164843123, 39.101361646148206], [-77.13598070178932, 39.101377126688575], [-77.13614698529547, 39.10140544559429], [-77.13630889246967, 39.10144632927384], [-77.13646485911207, 39.10149938274632], [-77.13661337841481, 39.1015640934573], [-77.13675301551945, 39.10163983623077], [-77.1368824213793, 39.10172587930891], [-77.13700034579261, 39.10182139142177], [-77.137105649481, 39.10192544981819], [-77.13719731509595, 39.102037049180566], [-77.13727445704767, 39.10215511133737], [-77.13733633006079, 39.1022784956794], [-77.13738233637453, 39.10240601017938], [-77.13741203151773, 39.10253642290817], [-77.1374251286029, 39.10266847393659], [-77.13742150109795, 39.102800887507705], [-77.13740118404851, 39.10293238436203], [-77.13736437373944, 39.10306169409653], [-77.13731142579847, 39.10318756743818], [-77.13724285176045, 39.1033087883132], [-77.13723385176043, 39.10332278831319], [-77.13722736797179, 39.10333277044418], [-77.1371013679718, 39.103524770444196], [-77.13699070618233, 39.103670111987014], [-77.13666970618233, 39.10403711198701], [-77.13657827295003, 39.10413233015218], [-77.13647641109823, 39.104220908583656], [-77.13607941109822, 39.10453690858365], [-77.13597288508568, 39.10461483014004], [-77.13559188508567, 39.10487083014004], [-77.13551930864662, 39.10491698746165], [-77.13515221221147, 39.10513783424749], [-77.13489206163278, 39.105297627112314], [-77.13480690498842, 39.10534671828692], [-77.13460890498843, 39.10545371828692], [-77.13446502254615, 39.10552360415142], [-77.13431304368652, 39.10558220325788], [-77.13415442629035, 39.10562895348525], [-77.13402342629033, 39.10566195348525], [-77.1338556749282, 39.10569708544304], [-77.13368424390096, 39.10571896400829], [-77.13351085826199, 39.105727369024265], [-77.13333726273325, 39.1057222159141], [-77.1331652041488, 39.10570355653182], [-77.13299641387692, 39.10567157864059], [-77.13283259039797, 39.10562660402328], [-77.13267538221307, 39.10556908524449], [-77.1325263712559, 39.10549960109657], [-77.13238705697412, 39.105418850775365], [-77.13225884124101, 39.10532764684449], [-77.13222985175321, 39.105304846123744], [-77.13210455008127, 39.105401232025244], [-77.13208886792762, 39.105413143499], [-77.132026709093, 39.10545976262497], [-77.13157449724862, 39.10580533936191], [-77.13156542413296, 39.105812222404126], [-77.1314867009951, 39.10587150773018], [-77.13143096977682, 39.105913786585425], [-77.1313013455742, 39.10600274890093], [-77.13116096966179, 39.10608121448337], [-77.13101124036938, 39.106148401711735], [-77.13085364919878, 39.10620364131235], [-77.13068976596657, 39.106246383025706], [-77.13052122316651, 39.10627620108781], [-77.13034969970785, 39.1062927984713], [-77.13017690419117, 39.1062960098443], [-77.13000455788841, 39.106285803217276], [-77.12983437759674, 39.10626228026173], [-77.129668058537, 39.10622567529743], [-77.12950725746704, 39.10617635295824], [-77.12935357617825, 39.106114804559894], [-77.12920854553957, 39.106041643205884], [-77.12907361024803, 39.105957597680074], [-77.12895011443764, 39.10586350518708], [-77.12852648765536, 39.105506819429365], [-77.12799886112849, 39.105063133486304], [-77.1274579408209, 39.104608200515955], [-77.12688110837988, 39.10412334135844], [-77.12687111912693, 39.10411487267163], [-77.12680211912694, 39.10405587267163], [-77.1266951409329, 39.10395496459977], [-77.12660124189624, 39.1038464611329], [-77.12652130691968, 39.10373138480563], [-77.12645608930892, 39.10361082009505], [-77.12640620367347, 39.103485903200706], [-77.12612107376742, 39.102626774073954], [-77.12605004814725, 39.102685230485754], [-77.12591375342433, 39.102776321345935], [-77.12576606244187, 39.10285593448664], [-77.12560856492298, 39.10292321296424], [-77.12544295614681, 39.10297743260352], [-77.12527101870083, 39.10301800979258], [-77.12509460329333, 39.103044507764785], [-77.1250486590448, 39.10304950170485], [-77.12495191867792, 39.10308355915832], [-77.12478316943186, 39.103127381013834], [-77.12457016943186, 39.103173381013825], [-77.12440430512171, 39.103202462015915], [-77.1242355751594, 39.10321874793277], [-77.12422399638545, 39.10321941865443], [-77.1242062465121, 39.10322474668897], [-77.12399224651209, 39.103278746688964], [-77.12383885547612, 39.10331147831989], [-77.1236822518215, 39.10333312197163], [-77.12352375654228, 39.103343495074135], [-77.12336470658887, 39.1033425101275], [-77.12320644359056, 39.10333017544], [-77.12298272640021, 39.10330461973099], [-77.12247327987477, 39.103390151806956], [-77.12231635991263, 39.10341067860324], [-77.1221576808936, 39.103419912187064], [-77.12176968545994, 39.10342857616277], [-77.12174985161128, 39.10344514615437], [-77.12161780956586, 39.10353516744773], [-77.12147473233985, 39.103614324585976], [-77.12132209028991, 39.10368180409776], [-77.12120709028991, 39.10372680409776], [-77.12099001586276, 39.103797803769424], [-77.12071601586277, 39.103870803769425], [-77.12054121790719, 39.10390953074778], [-77.12036216624696, 39.1039337908365], [-77.12033719942623, 39.10393613147594], [-77.12018179178884, 39.10397046572141], [-77.11972679041507, 39.10409808078561], [-77.1196189575135, 39.10414406529044], [-77.11945653293573, 39.1041974246382], [-77.11814453293573, 39.10456842463821], [-77.11805868566842, 39.10459074190071], [-77.11705132788708, 39.10483003982816], [-77.11525587777521, 39.10784023341505], [-77.11519475472453, 39.107933112599476], [-77.11512457786534, 39.10802203317199], [-77.11417057786534, 39.109132033172], [-77.11406653103771, 39.109240819263526], [-77.11394895852766, 39.10934091773146], [-77.11381905105885, 39.1094313148217], [-77.11367812427814, 39.109511095031486], [-77.11352760543116, 39.10957945038126], [-77.11336901890789, 39.10963568859753], [-77.11320397080425, 39.109679240123874], [-77.11303413265627, 39.10970966388922], [-77.11286122451146, 39.10972665177481], [-77.11268699750896, 39.109730031734635], [-77.11251321614472, 39.109719769537925], [-77.11080584037522, 39.10955137083189], [-77.11080226750978, 39.10962892947211], [-77.11077796018765, 39.109765162903386], [-77.11073593073628, 39.10989875865643], [-77.11067661705623, 39.110028324810806], [-77.1106006371306, 39.110152511430094], [-77.11050878258644, 39.11027002462667], [-77.11040201044678, 39.110379640042645], [-77.11034901044678, 39.11042864004265], [-77.11024293327887, 39.11051816683065], [-77.11012690199054, 39.11059987714989], [-77.1100018641229, 39.110673103733035], [-77.10986884076713, 39.1107372485931], [-77.10972891822591, 39.11079178790677], [-77.1095299182259, 39.110860787906766], [-77.10934666158094, 39.11091488109004], [-77.10921143339756, 39.1109481189937], [-77.1092018991162, 39.110954664777395], [-77.10907552898543, 39.11102673074312], [-77.10890752898541, 39.11111373074312], [-77.10869988802928, 39.11120584266395], [-77.10845921175006, 39.11129609626866], [-77.10841823284962, 39.11131658571888], [-77.10827551558941, 39.111380692767966], [-77.10812561316983, 39.111433954896626], [-77.10794261316983, 39.111490954896624], [-77.10780646085831, 39.11152831939476], [-77.10766678176479, 39.11155673025328], [-77.1073237817648, 39.11161473025328], [-77.10717183542779, 39.111634960838245], [-77.10701817891083, 39.11164459796473], [-77.10686402971697, 39.111643565272594], [-77.10668708356171, 39.11163624336272], [-77.1066879419408, 39.11167884042585], [-77.10670028166032, 39.111830499559225], [-77.10681001350093, 39.11206104726477], [-77.10686670023568, 39.112204086773005], [-77.1069047002357, 39.112323086772996], [-77.10693953411942, 39.11246375109064], [-77.10695497868291, 39.11260649782742], [-77.1069629786829, 39.11280849782743], [-77.10696077428346, 39.112929621608046], [-77.1069445982216, 39.113050101900235], [-77.10691458122955, 39.11316896500259], [-77.10688358122954, 39.11326796500259], [-77.1068291834771, 39.11340809652134], [-77.10675557009603, 39.1135428098373], [-77.10670257009602, 39.1136268098373], [-77.10661460605924, 39.1137495873272], [-77.10651068193631, 39.11386456667976], [-77.10639192866348, 39.11397049665211], [-77.10633092866347, 39.114019496652105], [-77.10620254395182, 39.11411267310884], [-77.10606269431067, 39.11419525689059], [-77.1059128170355, 39.11426639924797], [-77.10571381703552, 39.114350399247975], [-77.10558068375597, 39.11440024271463], [-77.10559059151333, 39.114420343777915], [-77.10563882396418, 39.11456355667332], [-77.10565482396419, 39.11462455667332], [-77.10568054639643, 39.11475488754907], [-77.10568977384744, 39.11488655055572], [-77.10568241795578, 39.115018284897715], [-77.10565854916096, 39.115148829096405], [-77.10561839602885, 39.11527693306987], [-77.10560239602884, 39.11531893306988], [-77.10555266872323, 39.115431088288055], [-77.10549045482674, 39.115539405370654], [-77.10541623664803, 39.11564304459749], [-77.10535523664801, 39.11572004459749], [-77.10526345553545, 39.11582456726201], [-77.10515947314238, 39.115921927193575], [-77.10504420719695, 39.1160112651126], [-77.10491520719695, 39.1161022651126], [-77.10477171630588, 39.11619311047156], [-77.10461658987165, 39.11627152846049], [-77.1044515979752, 39.11633662428553], [-77.10427862326787, 39.11638765516629], [-77.10397262326788, 39.116463655166285], [-77.10393284482342, 39.11647208850283], [-77.1039332236039, 39.11647471296964], [-77.1039742753867, 39.11654359080777], [-77.10402817818657, 39.116661719265586], [-77.10406773927151, 39.116783233983725], [-77.10409261626809, 39.11690708333753], [-77.10409961626809, 39.11695708333753], [-77.10410969481362, 39.11708812685849], [-77.10410333650225, 39.117219311551956], [-77.10408060168567, 39.117349392242375], [-77.1040417061576, 39.11747713423317], [-77.10398701910566, 39.11760132502614], [-77.103917059607, 39.11772078583028], [-77.103856059607, 39.11781278583028], [-77.1037676380502, 39.11793100160791], [-77.10366426946892, 39.11804163380254], [-77.10354701894809, 39.118143542486735], [-77.10344001894809, 39.118227542486736], [-77.10331039156807, 39.11831948753227], [-77.10316947550481, 39.118400758437325], [-77.10301871638625, 39.118470521460964], [-77.10285966081814, 39.118528060919154], [-77.10265157625246, 39.118593582356795], [-77.10208778889258, 39.1188249022876], [-77.10192804223348, 39.11888256983874], [-77.10176159457346, 39.118927316366786], [-77.10159016704402, 39.118958679175805], [-77.10141553227048, 39.11897633396251], [-77.10123949604217, 39.11898009816976], [-77.10106387864003, 39.11896993287423], [-77.10089049601423, 39.118945943188905], [-77.10072114100643, 39.11890837717618], [-77.10055756481125, 39.118857623282786], [-77.1004014588682, 39.118794206323095], [-77.10025443737158, 39.11871878205238], [-77.10011802057903, 39.11863213038604], [-77.09914925602038, 39.117950050870576], [-77.0985661220329, 39.117586153698106], [-77.09823748230286, 39.117396553853865], [-77.09820179380655, 39.11738090582087], [-77.09806478383405, 39.117314090337054], [-77.0977241414519, 39.11713019599193], [-77.09674677685454, 39.11667577555184], [-77.09663025616443, 39.11663049894082], [-77.09656846808217, 39.11660526716515], [-77.09637341365345, 39.11652167240998], [-77.09531898774763, 39.11615607670289], [-77.09393218945223, 39.11571379517708], [-77.09374947029977, 39.115645548479556], [-77.09367397480892, 39.11561299104913], [-77.09315216472342, 39.115443893836485], [-77.09305532499471, 39.11540976167104], [-77.09215807408397, 39.1150673140953], [-77.08929548190831, 39.11411607087491], [-77.08710815338468, 39.11339595038836], [-77.08710282817117, 39.11339418903444], [-77.08646438413001, 39.11318203836242], [-77.0845449435793, 39.11254988130278], [-77.08449928595755, 39.112534237084624], [-77.08325528595753, 39.112091237084634], [-77.08313247007774, 39.11204281800347], [-77.08220147007773, 39.11163881800346], [-77.08211364984331, 39.111598018089616], [-77.08116064984331, 39.111125018089616], [-77.08106843778799, 39.11107592421597], [-77.08037869620341, 39.11068269852424], [-77.07991626073553, 39.11046821232641], [-77.07987768490807, 39.110480909269555], [-77.07974684334569, 39.11051471006904], [-77.07922984334569, 39.11063071006904], [-77.07898688319041, 39.11067080171751], [-77.07850288319041, 39.110722801717515], [-77.07827737499859, 39.11073543769551], [-77.0776903749986, 39.11073843769551], [-77.07767043950423, 39.1107384503001], [-77.07743039303539, 39.11073752704444], [-77.07695866364482, 39.11074417112037], [-77.07691098305517, 39.110745070754135], [-77.07684110417043, 39.11074529193924], [-77.07624793314204, 39.1107378566478], [-77.07613175981076, 39.11074947398093], [-77.07596111702064, 39.11075990240553], [-77.07578998463606, 39.11075717290658], [-77.07562003445364, 39.11074131214861], [-77.07545292672097, 39.110712475075786], [-77.0752902939177, 39.11067094339817], [-77.07513372480781, 39.11061712283979], [-77.07498474891887, 39.110551539175034], [-77.0748448216001, 39.11047483309237], [-77.07471530980497, 39.110387753935456], [-77.07459747873752, 39.11029115238277], [-77.07449247949239, 39.11018597213732], [-77.07440133780987, 39.11007324070758], [-77.07432494405535, 39.10995405936971], [-77.07426404452133, 39.10982959240923], [-77.07421923413689, 39.10970105574699], [-77.07419095065585, 39.109569705060906], [-77.07417947038019, 39.10943682351912], [-77.07418490546105, 39.109303709244784], [-77.07429890546105, 39.10821370924477], [-77.07430139786324, 39.10819204315802], [-77.07442636530206, 39.107196302605395], [-77.07448885271458, 39.106696403305094], [-77.0745356415084, 39.106238263032466], [-77.0745364585347, 39.10623054399057], [-77.07459945460782, 39.10565557983121], [-77.07471245068602, 39.10462361564787], [-77.07471589051814, 39.10459565039767], [-77.07478689051814, 39.104075650397675], [-77.0747874740545, 39.10407143961305], [-77.07485045523468, 39.10362357344288], [-77.07519643644932, 39.10115870727506], [-77.07520163072603, 39.10112552161943], [-77.07522063072604, 39.10101552161942], [-77.07523635294032, 39.10094056673262], [-77.07527935294033, 39.100766566732624], [-77.07528076271693, 39.10076092692615], [-77.0755727627169, 39.09960592692614], [-77.07557755295689, 39.09958764827458], [-77.0757205529569, 39.09906064827459], [-77.07576896531826, 39.0989202101885], [-77.07615515478153, 39.09800127731177], [-77.07653009772861, 39.097064404366506], [-77.07665867331058, 39.09670180272531], [-77.0770535532583, 39.095530880795884], [-77.0771751878552, 39.09513074747254], [-77.07704863603215, 39.09513814852497], [-77.07657563603213, 39.095146148524954], [-77.07641689234876, 39.095143167874646], [-77.07614189234876, 39.09512816787465], [-77.07591276313144, 39.09510362308651], [-77.07543976313143, 39.09502762308651], [-77.07529865200752, 39.09500009517042], [-77.07515965200751, 39.09496809517043], [-77.07515530701464, 39.09496709007061], [-77.0746064310033, 39.09483951348418], [-77.07436309484532, 39.09478447316274], [-77.07412862358251, 39.09473203866093], [-77.07410492832152, 39.09472659705286], [-77.07293577647378, 39.09445103265494], [-77.07258262586971, 39.09436846504891], [-77.07257752978907, 39.09436726692303], [-77.07221504251987, 39.094281570204494], [-77.07211656627551, 39.094258844917334], [-77.0720947951077, 39.09425369949306], [-77.0720327951077, 39.094238699493054], [-77.07197539818462, 39.09422395362938], [-77.07156739818461, 39.094112953629384], [-77.07145614726002, 39.09408261288628], [-77.07124897689363, 39.094014046600584], [-77.07082097689364, 39.09384604660059], [-77.07065825345643, 39.09377331281763], [-77.06994925345643, 39.093415312817626], [-77.0697917675747, 39.093325589411364], [-77.06937933877568, 39.09306159513181], [-77.06924591300893, 39.092976597976694], [-77.0691576944825, 39.09291640226577], [-77.0691526041221, 39.09291268408947], [-77.06894664867563, 39.092824574807565], [-77.06881861204047, 39.09278153115243], [-77.06864829486848, 39.092751505632755], [-77.0683856350146, 39.09270570373653], [-77.06837077302207, 39.09270334631702], [-77.0677491096613, 39.0926707497363], [-77.0670266870195, 39.09267425664233], [-77.06675138985253, 39.092684971801525], [-77.06678958615773, 39.09276989037292], [-77.0668397646476, 39.09290309040455], [-77.0668720656102, 39.09303960019954], [-77.0668861462906, 39.09317797121279], [-77.06688185727464, 39.09331673514925], [-77.0668592440743, 39.093454419544486], [-77.0668185466448, 39.093589563389365], [-77.06676019683843, 39.09372073263326], [-77.06621224373812, 39.09477364251396], [-77.0661092906052, 39.09497155241998], [-77.06410235038231, 39.09882292030066], [-77.06408992554866, 39.09886049063103], [-77.06406678118817, 39.098931508942634], [-77.06405599562635, 39.09941685922497], [-77.06408065295376, 39.1008874222324], [-77.06407459855382, 39.10101893376324], [-77.06405208573199, 39.1011493586161], [-77.06401332921115, 39.10127745282421], [-77.06395869864346, 39.10140199465006], [-77.06388871508459, 39.10152179623803], [-77.06380404602403, 39.10163571494398], [-77.06370549901877, 39.101742664233555], [-77.06359401399087, 39.1018416240453], [-77.06347065426274, 39.1019316505199], [-77.06333659641541, 39.102011885002405], [-77.0631931190664, 39.10208156223201], [-77.06064211906642, 39.103189562232004], [-77.06062653759287, 39.1031962484213], [-77.05980128798198, 39.103546082495484], [-77.05937678262548, 39.10372758829044], [-77.05931453191783, 39.103754267165144], [-77.05930687755995, 39.10375752807339], [-77.05845511635755, 39.104118227869094], [-77.05857793417064, 39.104420053199995], [-77.0587648434181, 39.104878830443795], [-77.05876706432169, 39.104884322458375], [-77.05887273752441, 39.105147602275395], [-77.05887789677591, 39.105148140154846], [-77.05904710122128, 39.10517947665497], [-77.05921141246154, 39.10522386089599], [-77.0593691730929, 39.10528084517505], [-77.05951879178743, 39.10534985469304], [-77.05965875934469, 39.10543019335248], [-77.05978766391513, 39.105521050779124], [-77.06031366391512, 39.10593105077913], [-77.06042924540374, 39.10603059535267], [-77.0605315326263, 39.10613858886041], [-77.06058703191754, 39.106211368255515], [-77.0617226583485, 39.10707149615094], [-77.06180271180861, 39.10710470439872], [-77.06196022551644, 39.107188563656834], [-77.06210492272292, 39.107285399871635], [-77.06221192272294, 39.107365399871625], [-77.06231966176192, 39.10745356930213], [-77.06241674088298, 39.10754894036457], [-77.06487474284357, 39.11020146764268], [-77.06572364669857, 39.11109505064795], [-77.06580124080654, 39.11118393612295], [-77.06587724080654, 39.11127893612295], [-77.065969691852, 39.11141023938589], [-77.06604285095773, 39.11154871232771], [-77.06608885095771, 39.111651712327706], [-77.0661342367966, 39.1117707716929], [-77.06616534230078, 39.111892576541926], [-77.06618190326174, 39.112016092270935], [-77.06620490326173, 39.112325092270936], [-77.06620640308599, 39.112457116541854], [-77.0661912897351, 39.11258862125315], [-77.06615970830863, 39.112718343860365], [-77.06611196201213, 39.112845038928604], [-77.06604850924603, 39.11296749008963], [-77.06596995920476, 39.11308452171991], [-77.06587706602801, 39.11319501022751], [-77.06577072156036, 39.11329789483937], [-77.06565194678888, 39.11339218778562], [-77.06552188204104, 39.113476983782824], [-77.06538177603653, 39.113551468725426], [-77.0652329738987, 39.1136149275018], [-77.06507690424033, 39.11366675085981], [-77.06491506544789, 39.113706441256106], [-77.0647490112959, 39.11373361763295], [-77.0645803360295, 39.11374801907663], [-77.0644106590585, 39.1137495073224], [-77.0618240772635, 39.113673519608284], [-77.0609257365435, 39.11364746676248], [-77.06040148249538, 39.11364746676248], [-77.06033016288764, 39.11365431666832], [-77.06032840643353, 39.11365448465843], [-77.06026978594484, 39.11366006756212], [-77.06014059817565, 39.113672891348024], [-77.05982846586156, 39.113744760469096], [-77.05735224133409, 39.11471556916805], [-77.05501220402773, 39.11563879481752], [-77.0548778301282, 39.11568632229131], [-77.05473747729859, 39.115730450691885], [-77.05435664240368, 39.115890155647826], [-77.0543522254873, 39.11589200148827], [-77.05363126613524, 39.116192246771135], [-77.05308145773202, 39.11646411095788], [-77.05270871956145, 39.11666475831986], [-77.05206266885793, 39.117122836210555], [-77.05038344625326, 39.118435557919064], [-77.05037137441893, 39.11844490266004], [-77.0494649683668, 39.11913968086739], [-77.04940555825283, 39.11918545587324], [-77.04928622309097, 39.11926923498626], [-77.04879022309098, 39.11958623498626], [-77.04868352060043, 39.11964921533437], [-77.04833252060044, 39.11984021533437], [-77.0482473824079, 39.1198837008014], [-77.04789638240787, 39.120051700801405], [-77.04782754814707, 39.120082971451005], [-77.04704954814709, 39.120417971451005], [-77.04700177235004, 39.120437790670756], [-77.04639077235002, 39.12068179067076], [-77.04630588757244, 39.12071345152463], [-77.04613888757245, 39.12077145152462], [-77.04611497099904, 39.120779590246855], [-77.04609997099904, 39.12078459024686], [-77.04609392264135, 39.12078659580195], [-77.04590292264133, 39.12084959580195], [-77.04576906960382, 39.120888756639665], [-77.04563152042553, 39.12091919136424], [-77.04520352042553, 39.12099919136424], [-77.04500154017516, 39.12102721961977], [-77.04436854017518, 39.121085219619765], [-77.04420308742696, 39.12109415773603], [-77.04378308742695, 39.121101157736035], [-77.04361361187773, 39.121097523766174], [-77.04241837560684, 39.12102622238738], [-77.04226922545125, 39.121027922104254], [-77.04220190820975, 39.121046909018524], [-77.04204339800968, 39.12111419682425], [-77.04105573664532, 39.12164063896658], [-77.04091920406881, 39.121706392754454], [-77.0405682040688, 39.121858392754454], [-77.04043033483151, 39.12191199008894], [-77.04028688728482, 39.121955838021215], [-77.04007288728482, 39.12201283802122], [-77.03989707346261, 39.122051734147284], [-77.0397169700247, 39.12207599562529], [-77.0392209700247, 39.122121995625285], [-77.03909173151233, 39.12213017776084], [-77.03896206844806, 39.12213081320528], [-77.03850459580602, 39.12211972295941], [-77.03706813857774, 39.122133366379494], [-77.03701940334068, 39.12213329566918], [-77.03589040334067, 39.12211929566918], [-77.035785279501, 39.12211550391333], [-77.03506627950101, 39.12207250391332], [-77.03485404841753, 39.12204946563134], [-77.03444576825777, 39.12198489577639], [-77.03431348985535, 39.121964319136026], [-77.03412990732382, 39.12192752880858], [-77.03348090732382, 39.121767528808576], [-77.03332125969723, 39.12172133364107], [-77.03316821660567, 39.12166315936837], [-77.03302325852195, 39.12159356874327], [-77.03288778770803, 39.12151323495546], [-77.03276311465008, 39.12142293511932], [-77.03265044538145, 39.12132354275651], [-77.03255086981602, 39.12121601934583], [-77.03246535120483, 39.121101405022365], [-77.03239471681805, 39.12098080851561], [-77.0323396499422, 39.12085539642412], [-77.03230068327052, 39.120726381930346], [-77.03227819374973, 39.12059501306481], [-77.03227239893378, 39.12046256063324], [-77.03228335487923, 39.120330305923275], [-77.03231095560295, 39.12019952830991], [-77.03235493410749, 39.12007149287933], [-77.03241486496374, 39.11994743819104], [-77.03249016842648, 39.11982856429654], [-77.03258011604252, 39.1197160211306], [-77.03268383769745, 39.11961089738722], [-77.03280033003271, 39.119514209988125], [-77.0332603300327, 39.11916820998813], [-77.03326213207232, 39.119166856501046], [-77.03342322829519, 39.119046034333905], [-77.03347726090637, 39.11899444387465], [-77.0336418918883, 39.118798589775466], [-77.0338498760749, 39.1185296727217], [-77.03400803932033, 39.1182884191077], [-77.03455644659678, 39.11725697760761], [-77.03458752682776, 39.11717985258999], [-77.0345904236522, 39.117172733334634], [-77.03478017190638, 39.11671085831591], [-77.03488559077147, 39.11639169361406], [-77.03506991090092, 39.1152587764547], [-77.03507363749998, 39.11523726334916], [-77.03521235963399, 39.11448242359934], [-77.03534101725127, 39.11338324004304], [-77.0353516619978, 39.11302486690929], [-77.03535175589839, 39.113021851686575], [-77.03537649457505, 39.11226256461128], [-77.03535509282278, 39.11174427000193], [-77.0353541996869, 39.111701], [-77.0353541996869, 39.10939366380298], [-77.03534317285893, 39.109267222842135], [-77.03533919968692, 39.109176], [-77.03533919968692, 39.108627], [-77.03534826724467, 39.10848929170856], [-77.03541626724466, 39.10797429170856], [-77.03544896803619, 39.10781784701299], [-77.0355179680362, 39.10757784701299], [-77.03557119295331, 39.10743185897058], [-77.03575419295329, 39.10701985897058], [-77.03579818221095, 39.106931102849146], [-77.03615984124535, 39.10627172449912], [-77.03774350107848, 39.10337634642038], [-77.03774486061086, 39.103373867693094], [-77.03824412662506, 39.102466111303656], [-77.03823796479472, 39.102463465935855], [-77.03809432875843, 39.102386169749295], [-77.03796142861422, 39.10229801056422], [-77.0378406159207, 39.10219988493579], [-77.03773311931043, 39.1020927907752], [-77.03764003199497, 39.10197781720122], [-77.03756230064722, 39.101856133464096], [-77.03750071577406, 39.101728977054655], [-77.03745590367703, 39.10159764111932], [-77.03742832008311, 39.10146346130915], [-77.03741824551, 39.101327802196664], [-77.0374257824134, 39.101192043398484], [-77.03767986865132, 39.099086361448336], [-77.03763025195832, 39.09885212450228], [-77.0376288446627, 39.09884537404305], [-77.03762140326545, 39.09880909723134], [-77.03757476270351, 39.09858755456226], [-77.0375585761854, 39.09851328700856], [-77.03755614159579, 39.09850181656713], [-77.037499420224, 39.09822721310048], [-77.03749434208405, 39.09820821385277], [-77.03744043769206, 39.0981550059499], [-77.03735432915146, 39.09805190424955], [-77.03720130797481, 39.09784898486314], [-77.03692293739711, 39.09753326104495], [-77.03683975900174, 39.097429050449335], [-77.03676910588183, 39.09731938588366], [-77.03671156361563, 39.097205176255834], [-77.03666760911759, 39.097087368143576], [-77.03655941209361, 39.09673883182866], [-77.03643105868181, 39.09642146483101], [-77.03638660869089, 39.096288087596776], [-77.0363863193849, 39.09628661232172], [-77.03632029970208, 39.09625814518253], [-77.03618054175331, 39.09618308748107], [-77.03605090366358, 39.09609774040754], [-77.0359326319614, 39.09600292461241], [-77.03582686388235, 39.09589955179217], [-77.03573461643403, 39.09578861592295], [-77.03565677661713, 39.09567118370298], [-77.03559409289646, 39.09554838429584], [-77.03554716800419, 39.09542139847301], [-77.03551645314421, 39.095291447260266], [-77.03546013802827, 39.09496349452618], [-77.03531847614728, 39.094986019443176], [-77.0351462020077, 39.09499967809324], [-77.03497303599036, 39.09499988210932], [-77.03480070947917, 39.09498662945158], [-77.03463094546429, 39.09496005262546], [-77.034465441315, 39.0949204173568], [-77.0343058518088, 39.09486811993507], [-77.03403085180881, 39.09476511993507], [-77.03398599249935, 39.09474599943796], [-77.03392378473077, 39.09474418881684], [-77.03374628300844, 39.09477304238708], [-77.03358628300843, 39.09479204238708], [-77.03341940938974, 39.09480546300181], [-77.0332516498189, 39.09480625758591], [-77.03308457857737, 39.0947944186829], [-77.03291976348724, 39.09477005739084], [-77.03265276348723, 39.094720057390845], [-77.03249054695685, 39.09468307774658], [-77.03233373660959, 39.094633969360544], [-77.03218382639365, 39.094573200093365], [-77.03204224451898, 39.094501348900025], [-77.03191033985054, 39.09441910031422], [-77.03184933985055, 39.09437710031421], [-77.03173722378192, 39.09429218087834], [-77.03158881926042, 39.09427482287329], [-77.03149681926043, 39.0942598228733], [-77.0313427955514, 39.094228902832796], [-77.03119306780208, 39.094187117257434], [-77.03114944698245, 39.094171293374316], [-77.03113007769309, 39.09417987684949], [-77.03099058850037, 39.09423534720294], [-77.03084522778781, 39.094280783223404], [-77.03069518493942, 39.094315813140014], [-77.03054168764984, 39.09434015032772], [-77.03038599187903, 39.094353595652485], [-77.0303211910548, 39.0943546066163], [-77.03030923284976, 39.094360585718825], [-77.03019646787043, 39.09441238903138], [-77.03007899439368, 39.094457414421676], [-77.02990544007051, 39.09451770171288], [-77.02987376971842, 39.09452914492094], [-77.02985076971842, 39.09453714492094], [-77.02969181075771, 39.094585275784915], [-77.02952753750066, 39.09462100613237], [-77.02935954355738, 39.094643989344256], [-77.02918945863226, 39.094654002461084], [-77.02915363197359, 39.09465336080647], [-77.02913675231363, 39.09466190548858], [-77.02905975231363, 39.09469590548858], [-77.02890495520695, 39.094756501501784], [-77.02874315013334, 39.09480475768281], [-77.02857595708873, 39.0948401908897], [-77.02840505001359, 39.09486244636442], [-77.0282321400333, 39.09487130128465], [-77.02790414003329, 39.094875301284645], [-77.02773902563015, 39.09487118344673], [-77.02757516673263, 39.09485484323464], [-77.02741405438411, 39.0948264293371], [-77.02725715463554, 39.09478620030795], [-77.02717338807498, 39.09476121729866], [-77.0271092997733, 39.094766467655596], [-77.02693472206653, 39.094767018263155], [-77.0267609601627, 39.09475389032175], [-77.02663096016269, 39.09473889032176], [-77.0264914077785, 39.09471698514608], [-77.02634071622566, 39.09472588882689], [-77.02617972924325, 39.09472373241302], [-77.02601969544087, 39.09470995213674], [-77.02589769544086, 39.09469495213675], [-77.02573539847812, 39.094668749076725], [-77.02557706448916, 39.0946305934781], [-77.02542414393918, 39.09458083487648], [-77.02527803770197, 39.0945199291002], [-77.02514008422676, 39.094448434094595], [-77.02501154727709, 39.09436700481073], [-77.02489360435354, 39.09427638720557], [-77.02478733590705, 39.0941774114084], [-77.02464233590705, 39.0940284114084], [-77.02454022172306, 39.09391114732943], [-77.0244544925746, 39.093786190664915], [-77.02438609578819, 39.09365492221429], [-77.02433578716376, 39.09351879252363], [-77.02430412262302, 39.093379305856836], [-77.02428912262303, 39.093284305856834], [-77.02427741993591, 39.09317057453152], [-77.0242781249314, 39.093056480603664], [-77.02427840097243, 39.09305408742432], [-77.02422910273907, 39.092893760995814], [-77.02417946342273, 39.09276720801348], [-77.02417075131953, 39.092757730510115], [-77.02407561149585, 39.09262471935437], [-77.02403761149583, 39.09256371935438], [-77.02397028761388, 39.09244036776116], [-77.02391904438991, 39.09231242289595], [-77.02388438869393, 39.09218115031941], [-77.0238666633211, 39.09204784850808], [-77.02386604360113, 39.091913836010605], [-77.02388253566396, 39.09178043840531], [-77.02390553566396, 39.091658438405304], [-77.02393613560706, 39.091535940655284], [-77.02398116910119, 39.091416170829035], [-77.02404024990417, 39.091300156165545], [-77.02407042098308, 39.09125393054089], [-77.02406999165966, 39.091253144225355], [-77.02402318806541, 39.091141104890255], [-77.02398718806542, 39.091040104890254], [-77.02395501915954, 39.09093307888225], [-77.02392601915953, 39.090815078882244], [-77.023903092486, 39.090690500341], [-77.02389520342821, 39.09056480089347], [-77.02390242080233, 39.09043907701379], [-77.02392468165128, 39.09031442538923], [-77.02396179179406, 39.09019193335376], [-77.02399079179408, 39.090112933353765], [-77.02404049360034, 39.08999974933313], [-77.02405020434941, 39.08990800763963], [-77.024081141442, 39.08977668944379], [-77.02408360371219, 39.08976853848042], [-77.02331719116967, 39.089226176529806], [-77.02146076793424, 39.08834857775169], [-77.02132399329066, 39.08827676281486], [-77.02119662358119, 39.088195145723226], [-77.02115836408849, 39.08816544491874], [-77.02113592289219, 39.08816896630567], [-77.02102921095289, 39.08818167010797], [-77.02085142762353, 39.08820603635108], [-77.02066965852845, 39.0882233001059], [-77.0204865627517, 39.08822553368695], [-77.02031303814805, 39.08821333435518], [-77.02028579106445, 39.08821393187895], [-77.02007462428202, 39.08820853078482], [-77.01991823025482, 39.088197070877655], [-77.01958316928207, 39.08819544041064], [-77.01950695508563, 39.08819319736934], [-77.01805661651606, 39.08824252861321], [-77.01579393638183, 39.08847945348849], [-77.01404563340702, 39.08872417674924], [-77.01379295668218, 39.08874481259593], [-77.01234889057133, 39.08877983658742], [-77.01153195050996, 39.08892198583044], [-77.0114525625986, 39.08893429114576], [-77.01046856259862, 39.08906829114576], [-77.01045004062817, 39.089070732962334], [-77.00914804062816, 39.08923673296234], [-77.00911545103365, 39.0892406404983], [-77.00802045103364, 39.089363640498306], [-77.00799628016905, 39.08936622048235], [-77.00679028016904, 39.089488220482345], [-77.00668548331853, 39.08949630946167], [-77.00559848331855, 39.08955430946167], [-77.00559377803549, 39.08955455551781], [-77.0046177780355, 39.089604555517816], [-77.0045563175183, 39.089606851747305], [-77.00368420581597, 39.08962736053314], [-77.00316887920583, 39.089649173299705], [-77.00233060637385, 39.08970801638688], [-77.00230636780468, 39.08970958439693], [-77.0008936103653, 39.089793208618616], [-76.99992266557948, 39.08987118124004], [-76.99972411818983, 39.089896595305916], [-76.99970688578739, 39.089898731731395], [-76.99562664071162, 39.0903882016391], [-76.99088436491132, 39.09101352381088], [-76.99065131845099, 39.091031754059294], [-76.99057231845097, 39.09103375405929], [-76.99039870989462, 39.0910313728069], [-76.99022628041737, 39.091015477014004], [-76.9900567633964, 39.09098622647581], [-76.98998670538246, 39.09096825053348], [-76.98985680815824, 39.09094761595794], [-76.98970380815823, 39.09091761595793], [-76.9895249058683, 39.09087440794966], [-76.98935304807846, 39.090816418070965], [-76.98919024552453, 39.090744324803275], [-76.98903840299607, 39.0906589716377], [-76.98894140299609, 39.090597971637706], [-76.98892986662648, 39.09059065280928], [-76.98890486662646, 39.09057465280928], [-76.98878070318723, 39.09048701364359], [-76.98866801206356, 39.09039044423066], [-76.9885678492315, 39.090285849477475], [-76.98848115327034, 39.09017420949281], [-76.98840873656758, 39.09005657040299], [-76.98835127770641, 39.089934034549174], [-76.9883093151071, 39.08980775015779], [-76.98830131510711, 39.08977775015779], [-76.98827441499672, 39.089642822738504], [-76.98827199247908, 39.089606967021766], [-76.98825974598631, 39.08959443675785], [-76.98817536987119, 39.08948928508685], [-76.98810377051197, 39.08937854509244], [-76.98808234640329, 39.08934122567732], [-76.98772840371923, 39.089145690907806], [-76.9876469111232, 39.08909559867126], [-76.9875778447328, 39.089064079280035], [-76.98744263116318, 39.088987869865605], [-76.98738163116317, 39.088949869865615], [-76.98725406631821, 39.08886205477813], [-76.9871382051945, 39.08876491436271], [-76.9870351685198, 39.088659388261206], [-76.98694595297064, 39.08854649723047], [-76.98688233209717, 39.08844477753431], [-76.98680176347358, 39.08835909967604], [-76.98672300240803, 39.08825772527922], [-76.98670034446982, 39.08822176246766], [-76.98667262510786, 39.088200788770756], [-76.98656708420673, 39.08810433980866], [-76.98647364985887, 39.08800060579014], [-76.9863931477851, 39.08789050345873], [-76.9863262894179, 39.08777500583756], [-76.98631587031738, 39.08775127208032], [-76.98620311770938, 39.08767853159227], [-76.98616944666739, 39.08765203231677], [-76.98615137821233, 39.08764914057559], [-76.98598164092434, 39.08760746307248], [-76.98581829806965, 39.08755245011895], [-76.98566307504572, 39.087484682819145], [-76.98551761147985, 39.087404877001894], [-76.98538344390978, 39.0873138756594], [-76.98533187385485, 39.08727089057046], [-76.98524887495617, 39.087239869449846], [-76.98522119620334, 39.087228033141066], [-76.98513700000001, 39.08723146676248], [-76.984794, 39.08723146676248], [-76.98464165627266, 39.08722624299026], [-76.984490493738, 39.087210612175966], [-76.98434168443032, 39.087184695512654], [-76.98426568443034, 39.087168695512645], [-76.98412553817298, 39.087134161738014], [-76.98398966102594, 39.08709050436435], [-76.98385903208107, 39.08703803797418], [-76.98375654718107, 39.08699248912974], [-76.98372761489992, 39.08698732265096], [-76.98367946158349, 39.086976732041414], [-76.98363700899597, 39.086979088919286], [-76.98347242320243, 39.08697603181411], [-76.9833089542038, 39.08696082835184], [-76.98314807931101, 39.08693361593003], [-76.98298007931099, 39.08689861593004], [-76.98282846823233, 39.086861145429715], [-76.98268191569132, 39.08681300872689], [-76.98254165822215, 39.086754611974065], [-76.98240887924449, 39.08668644789271], [-76.98228469907842, 39.086609091615934], [-76.98217016549167, 39.0865231958358], [-76.98206624485911, 39.08642948529632], [-76.98173767439289, 39.086104104834625], [-76.98168455525472, 39.08606566335305], [-76.9815626778252, 39.085968079860045], [-76.98145407056711, 39.085861430017154], [-76.98135984099783, 39.085746801381106], [-76.98128095001897, 39.08562536287201], [-76.98121995001898, 39.08551836287201], [-76.9812159499335, 39.085510286721714], [-76.98119610964204, 39.08551428216306], [-76.98101790684667, 39.085535118520255], [-76.98083788602482, 39.08554143379612], [-76.98065799636812, 39.0855331596114], [-76.980480185648, 39.08551038555561], [-76.98030637912603, 39.08547335821686], [-76.98013845870794, 39.085422478512], [-76.98006145870794, 39.08539547851201], [-76.97991010380852, 39.085335286772555], [-76.9798773814084, 39.08531894256261], [-76.97979809263077, 39.0853020805724], [-76.97960009263078, 39.0852530805724], [-76.97945402409066, 39.08521122041221], [-76.97931337646483, 39.085159324168366], [-76.97917928606637, 39.08509781111834], [-76.9791677931595, 39.08509139136184], [-76.97910334923853, 39.08508975814563], [-76.97905734923854, 39.08508675814562], [-76.97889706975533, 39.08507041447042], [-76.97879775839513, 39.08505283560615], [-76.9787515686849, 39.085051414384296], [-76.97850328420225, 39.085029741461085], [-76.97842728420225, 39.08501874146109], [-76.97839250117848, 39.085012455451995], [-76.97832134814149, 39.085014441273806], [-76.97817607093803, 39.08500899371191], [-76.97803189358565, 39.08499408035041], [-76.97792442325354, 39.08497936715018], [-76.97779755138781, 39.08498446671728], [-76.97761821074562, 39.0849771856985], [-76.97744080343507, 39.08495549323224], [-76.97726723717396, 39.0849196225846], [-76.97709937837607, 39.084869959484145], [-76.97703718982656, 39.08484555606755], [-76.97695723662389, 39.08483045933462], [-76.97679820045133, 39.08478733190556], [-76.9766453004155, 39.084732388698555], [-76.9764999825956, 39.08466614934873], [-76.97643898259558, 39.084635149348735], [-76.97631709990608, 39.08456717523733], [-76.97620323184384, 39.08449125191776], [-76.97609823219315, 39.08440794866407], [-76.97601811162343, 39.08433226956101], [-76.97592805310448, 39.08430051971242], [-76.97577598375487, 39.084231657751104], [-76.97563367945799, 39.084151145458705], [-76.97550260911989, 39.084059813906336], [-76.97523560911988, 39.08385381390634], [-76.97512323594864, 39.08375835748553], [-76.97502315357957, 39.083654951627686], [-76.97493628566923, 39.08354455066174], [-76.97486343391843, 39.0834281734742], [-76.9748052706733, 39.083306894105924], [-76.97476233272037, 39.08318183183979], [-76.97473501633243, 39.08305414087093], [-76.97472357361141, 39.082924999654665], [-76.9747281101618, 39.0827956000306], [-76.97474858411593, 39.082667136223186], [-76.97478480652042, 39.08254079382023], [-76.97483644308001, 39.082417738831204], [-76.97490301724277, 39.082299106926136], [-76.97498391459816, 39.08218599295458], [-76.9750783885474, 39.082079440841284], [-76.97518556719386, 39.08198043395184], [-76.97526051096254, 39.08192335796578], [-76.97526782787043, 39.08188474861797], [-76.9753112258073, 39.08175160758183], [-76.97535094620441, 39.081667036571645], [-76.97535171519736, 39.081652891972105], [-76.97534887274672, 39.08164103408495], [-76.97533461931116, 39.08149566116054], [-76.97534063540692, 39.0813499409885], [-76.97536263540694, 39.0811519409885], [-76.97538482449653, 39.081024020468504], [-76.97542264302471, 39.08089833886228], [-76.97547574394424, 39.08077604950544], [-76.97554363996679, 39.080658274604126], [-76.97562570803458, 39.08054609493689], [-76.97572119503805, 39.08044053993684], [-76.97573708916399, 39.0804246458109], [-76.97573929375548, 39.08039009107575], [-76.97576766255749, 39.080249244667556], [-76.97581499810408, 39.08011151870105], [-76.97588077051194, 39.07997845490763], [-76.97591177051193, 39.07992445490763], [-76.97598093483907, 39.07981709671351], [-76.97606210948572, 39.079714956296094], [-76.976148661472, 39.079625064252355], [-76.97615965111824, 39.0795994417018], [-76.97612298826168, 39.07955859791773], [-76.97603751405454, 39.07943873467047], [-76.97602475117318, 39.07942882114079], [-76.97601101628952, 39.07942304894818], [-76.97587520015443, 39.07935235139713], [-76.97576920015443, 39.079291351397124], [-76.97564546392493, 39.079213036053424], [-76.97553151315586, 39.07912619497679], [-76.97542831449294, 39.079031564841095], [-76.9753367433717, 39.07892994839494], [-76.9752527433717, 39.07882694839495], [-76.97517585697818, 39.07872266000811], [-76.9751112240092, 39.07861345430677], [-76.97506759969258, 39.078518195224035], [-76.97506330421633, 39.07851321839638], [-76.97496765029607, 39.078388322531744], [-76.97488984777895, 39.0782561349606], [-76.9748777783572, 39.07822793865584], [-76.97480772238265, 39.07816662595242], [-76.9747108858714, 39.078063728026756], [-76.97462698592489, 39.07795416768741], [-76.97455677412985, 39.077838926390314], [-76.97450087945283, 39.07771903648222], [-76.9744598026057, 39.07759557195272], [-76.9744308026057, 39.077487571952716], [-76.97441884419611, 39.077429811169274], [-76.97440343932485, 39.077409029535], [-76.97433514791842, 39.077292600233534], [-76.974322866649, 39.077268719987444], [-76.97429583851445, 39.07721875889024], [-76.97428988026694, 39.07720760562397], [-76.97427302858598, 39.07717565764552], [-76.97418248074287, 39.07712846497941], [-76.97404545055272, 39.07703990988638], [-76.97399245055271, 39.077001909886384], [-76.97387946944919, 39.07691301814053], [-76.97377756295435, 39.07681636171474], [-76.9736876082915, 39.07671277263909], [-76.97363213601824, 39.076642025392026], [-76.97361691746208, 39.07663189968869], [-76.97349690997936, 39.07653424998852], [-76.97346690997935, 39.076507249988516], [-76.97334434253942, 39.07638302324542], [-76.97324112823135, 39.0762485702123], [-76.97316412823136, 39.0761335702123], [-76.97307861931246, 39.07598444755814], [-76.97301692128872, 39.075828372058005], [-76.9729789212887, 39.07570637205801], [-76.9729436285765, 39.07555647911451], [-76.97293031344282, 39.075404444151346], [-76.97293914618518, 39.07525221166101], [-76.97295514618519, 39.075130211661005], [-76.9729869314133, 39.074976476150965], [-76.97304129901077, 39.07482662026882], [-76.97308035601682, 39.07473874200521], [-76.97310594377375, 39.07468054240124], [-76.97319709524378, 39.07439361342604], [-76.97316975734034, 39.074337669744985], [-76.97312717024235, 39.07421871075188], [-76.97309875870879, 39.0740972177827], [-76.97308476135942, 39.07397421121965], [-76.97308529575369, 39.07385072415711], [-76.97310029575368, 39.07361372415711], [-76.97311926928217, 39.073470450187784], [-76.97315778920783, 39.07332957048415], [-76.97321178920784, 39.07317357048415], [-76.97322971281096, 39.07313004640384], [-76.97322909080299, 39.07312422106062], [-76.97323238469397, 39.072987379767305], [-76.97325350227297, 39.07285150434748], [-76.9732922256714, 39.07271799661848], [-76.97334815538262, 39.07258823397035], [-76.97335109283885, 39.072582417033985], [-76.9733501996869, 39.07257], [-76.9733501996869, 39.072505], [-76.97336039168202, 39.07235902656222], [-76.97339084770347, 39.07221477129086], [-76.97344120927156, 39.0720739321288], [-76.97346420927155, 39.0720209321288], [-76.97353153773939, 39.071889119919305], [-76.97361630121945, 39.07176354479686], [-76.97371756047579, 39.07164559821764], [-76.97375182475722, 39.07161357308821], [-76.97373261802761, 39.07153510451161], [-76.97371738715748, 39.07139989087518], [-76.97371191684077, 39.071285014224074], [-76.97366270457242, 39.0712309961213], [-76.9735830971969, 39.07112402792845], [-76.97351642282831, 39.07101183379776], [-76.9734404228283, 39.07086683379776], [-76.97338472135179, 39.07074385406656], [-76.97334455777201, 39.07061726110219], [-76.9733203081907, 39.070488240352574], [-76.9733121996869, 39.070358], [-76.9733121996869, 39.070086999999994], [-76.97332321149659, 39.06993528726908], [-76.97333821149661, 39.06983228726908], [-76.9733651512962, 39.069703452257876], [-76.97340798581084, 39.06957724984685], [-76.97346631309055, 39.069454864292524], [-76.9735395858046, 39.06933744403486], [-76.97362711637747, 39.06922609092049], [-76.97378711637747, 39.06904309092049], [-76.97388762288547, 39.068939280463226], [-76.97400051586952, 39.06884348701953], [-76.974124745029, 39.068756601804374], [-76.97425915459705, 39.068679433154955], [-76.97440249409333, 39.06861269901031], [-76.97455342995788, 39.06855702023201], [-76.97484109320423, 39.06846384396198], [-76.97491847718854, 39.068429284124335], [-76.97524280025308, 39.06826911366135], [-76.9752499202667, 39.06815190615016], [-76.97527301316748, 39.06802594550051], [-76.9753073831534, 39.067914816580604], [-76.97524828903907, 39.067837609639916], [-76.97517881758415, 39.067723867691576], [-76.97512329681497, 39.0676055761931], [-76.97508221168104, 39.06748376836868], [-76.97503621168103, 39.06731576836868], [-76.97501203164475, 39.06720496404668], [-76.97500914956727, 39.06717856968988], [-76.97497724657318, 39.067122954253094], [-76.97492160192289, 39.06699076897971], [-76.97488376742403, 39.06685482465631], [-76.97477899916453, 39.0663548330438], [-76.97471264536159, 39.06618325149276], [-76.97467714593216, 39.066075528134895], [-76.97465318403646, 39.06596589398502], [-76.97464092288877, 39.06585509580623], [-76.97463392288874, 39.06573309580622], [-76.97463419676163, 39.06560830718203], [-76.97464930646431, 39.065484073402246], [-76.97467912240695, 39.065361459970234], [-76.97472338887012, 39.065241518492336], [-76.97482938887012, 39.06499751849235], [-76.97488282084478, 39.06488993833594], [-76.97494788076558, 39.06478630743754], [-76.97502409199241, 39.064687385014864], [-76.97508509199241, 39.06461538501486], [-76.97518627454969, 39.064507921175526], [-76.97530060056746, 39.06440875630459], [-76.9754269526136, 39.064318859647905], [-76.97556409571247, 39.064239109863024], [-76.97571068941582, 39.064170286431086], [-76.97589468941582, 39.06409328643109], [-76.97602993074848, 39.06404244528278], [-76.97617032525758, 39.06400091317554], [-76.97631481687807, 39.06396900251906], [-76.97646231872596, 39.06394695334927], [-76.97646505307408, 39.063946639571625], [-76.97651361014908, 39.06392003693053], [-76.976663601632, 39.063854144822486], [-76.976740601632, 39.06382414482249], [-76.97686094149711, 39.06378164692602], [-76.97706608545766, 39.06371642555593], [-76.97706679500568, 39.06371480936124], [-76.97713579500568, 39.06358880936125], [-76.97721531016934, 39.063462365839726], [-76.97731134532715, 39.063343066815236], [-76.97766934532716, 39.06294606681524], [-76.9777852377576, 39.06283131023701], [-76.97781254202926, 39.06280709701496], [-76.97790626397533, 39.062610464696746], [-76.97797509105156, 39.06248572751347], [-76.97805969892583, 39.06236701146301], [-76.97815922891135, 39.06225552139662], [-76.97827267087654, 39.06215238882894], [-76.97839887349693, 39.06205866045419], [-76.97841653660156, 39.06204796464745], [-76.9784288841361, 39.06198636266202], [-76.97845741841031, 39.06187503614756], [-76.97849789463686, 39.061765973446725], [-76.97852889463685, 39.06169397344674], [-76.97859202576923, 39.06156854311898], [-76.97867093702182, 39.06144864398734], [-76.978692897666, 39.06142217746537], [-76.978628044114, 39.06137851884039], [-76.97851799094273, 39.06128947084173], [-76.97846345550099, 39.061236362037334], [-76.97843890971032, 39.061227804097854], [-76.97836990971032, 39.061200804097865], [-76.97821574848216, 39.06113257041471], [-76.97807136512125, 39.06105242636557], [-76.9779382739843, 39.06096121253675], [-76.97781787099017, 39.06085988561935], [-76.97771141897883, 39.06074950837499], [-76.97758941897884, 39.06060850837498], [-76.97751166283811, 39.06050972717739], [-76.97744509780833, 39.060406114867185], [-76.97742404397468, 39.06036480753699], [-76.97734215433586, 39.060321856348935], [-76.9772138024944, 39.06023956598059], [-76.97712180249441, 39.06017456598059], [-76.9770035350555, 39.0600825163239], [-76.9768972335618, 39.059982017813496], [-76.97680388985161, 39.05987400814337], [-76.97672437486159, 39.05975949508981], [-76.9766594305005, 39.05963954710848], [-76.97660966272697, 39.059515283365265], [-76.97658666272696, 39.05944628336527], [-76.97655592358495, 39.05933487519923], [-76.97653739173121, 39.05922184465066], [-76.9765311996869, 39.059108], [-76.9765311996869, 39.05908026030565], [-76.97645530257445, 39.05891328665826], [-76.97643430672025, 39.058864107154314], [-76.97620530672023, 39.05829110715431], [-76.97616206046482, 39.05816000233641], [-76.9761359369218, 39.058026183191004], [-76.9761271996869, 39.057891], [-76.9761271996869, 39.057815], [-76.97613375387301, 39.057710576809384], [-76.97610405474826, 39.05758311163532], [-76.97609023242028, 39.057453527905125], [-76.97609252711466, 39.057323510904006], [-76.97611091746306, 39.057194271358874], [-76.97612591746304, 39.05712127135888], [-76.97617033000613, 39.05696519364831], [-76.97623461892923, 39.05682223814637], [-76.97623505920131, 39.05681768386598], [-76.97620753339291, 39.056771213954356], [-76.97615314343605, 39.05665034632729], [-76.97611374604328, 39.05652600711295], [-76.97609074604325, 39.056435007112945], [-76.97606792439572, 39.056317597501625], [-76.97605847625174, 39.056199080489336], [-76.97606247498489, 39.05608037646986], [-76.9760961996869, 39.05570762976341], [-76.9760961996869, 39.055434999999996], [-76.97610564461556, 39.05529446304382], [-76.9761338763796, 39.05515545901441], [-76.97618058703709, 39.0550195041179], [-76.97624526708489, 39.054888081301605], [-76.97630307481403, 39.05479957691754], [-76.97633500473302, 39.05467869679954], [-76.97638599226568, 39.054551258692534], [-76.97645293330713, 39.05442837056451], [-76.97653517106806, 39.05431123812733], [-76.97663189867602, 39.05420101062117], [-76.97674216709201, 39.054098769538705], [-76.97686489442198, 39.054005518014165], [-76.97699887653168, 39.053922170981096], [-76.97714279886111, 39.053849546195515], [-76.97729524932217, 39.053788356212564], [-76.97745473215338, 39.05373920139527], [-76.97761968259542, 39.05370256402412], [-76.9777884822437, 39.0536788035652], [-76.97795947492737, 39.05366815314327], [-76.97813098295867, 39.05367071725453], [-76.9783013235935, 39.053686470741305], [-76.97846882554165, 39.05371525903889], [-76.97863184536457, 39.05375679969208], [-76.97865170672225, 39.0537627232549], [-76.97907301683234, 39.05384633585864], [-76.97920943739577, 39.053878110914795], [-76.97934204157379, 39.053918499240986], [-76.9794560415738, 39.05395749924099], [-76.97960845703302, 39.054016765891724], [-76.97975264949173, 39.05408739948311], [-76.97999664949172, 39.054220399483114], [-76.98014240593633, 39.05430925269504], [-76.98027513680378, 39.054409706398836], [-76.9804327920157, 39.05454250605933], [-76.98054929594437, 39.054636562144516], [-76.98065447649915, 39.05474007610422], [-76.98074613988229, 39.05485109846628], [-76.98082340702291, 39.05496856450326], [-76.98088553691318, 39.05509134769154], [-76.98093193371454, 39.05521827051488], [-76.98096215247207, 39.05534811575712], [-76.98096221805751, 39.05534874305791], [-76.98122798733297, 39.055523273711685], [-76.98125309846387, 39.05554008681071], [-76.98143728792316, 39.055665816137264], [-76.98209576566747, 39.05605512829726], [-76.98219862738074, 39.056120947416254], [-76.98331019200012, 39.05688982600383], [-76.98418697461808, 39.05671754765251], [-76.98433968368472, 39.05669317249816], [-76.98449459118297, 39.05667958082086], [-76.98499059118296, 39.05665358082086], [-76.98516337552353, 39.05665124738631], [-76.98530660575334, 39.05666045935201], [-76.98762891987981, 39.05643216116653], [-76.98786408819689, 39.05642160673879], [-76.9897436254114, 39.05643688212957], [-76.98976212891388, 39.056426800368044], [-76.98990957600556, 39.05636215480702], [-76.99006442889174, 39.05630901628731], [-76.99022520862849, 39.05626789231573], [-76.99039037966656, 39.05623917565249], [-76.99055836451706, 39.05622314056007], [-76.99327536451706, 39.05606814056007], [-76.99351956903986, 39.056067641943464], [-76.99716491569113, 39.05626064195987], [-76.99730611611498, 39.05624410914467], [-76.99748084773393, 39.05623753656337], [-76.99765554009142, 39.05624471320629], [-76.9978284106646, 39.05626556584454], [-76.9979976955197, 39.05629988170233], [-76.9981616673108, 39.05634731062808], [-76.99831865290537, 39.05640736866735], [-76.99846705045651, 39.05647944300097], [-76.99860534574785, 39.05656279819806], [-76.99873212764423, 39.056656583720304], [-76.99884610249077, 39.05675984260062], [-76.99894610731288, 39.056871521207796], [-76.99903112168305, 39.056990479997616], [-76.99903488156372, 39.05699727733344], [-76.99941984544014, 39.0568691377995], [-76.99955278534767, 39.05682982904674], [-76.99968942227001, 39.05679913994125], [-76.99982883476382, 39.05677727744221], [-77.00088683476383, 39.05664627744221], [-77.00096363358361, 39.056638134865324], [-77.00152963358359, 39.056588134865315], [-77.00166256325473, 39.05658040925776], [-77.00194756325473, 39.05657240925777], [-77.00216360166506, 39.05657684380509], [-77.00302960166506, 39.05663684380509], [-77.00317310405337, 39.05665151073116], [-77.0038521040534, 39.05674351073115], [-77.003977921373, 39.05676433102698], [-77.00410140546101, 39.056792360136384], [-77.00470440546101, 39.056948360136396], [-77.00489073471515, 39.057006086917276], [-77.00506723685342, 39.05708018804765], [-77.00734000600816, 39.05817107724597], [-77.00752756822614, 39.058261040716914], [-77.00778844378884, 39.05817669213798], [-77.00795576980163, 39.058130267831174], [-77.00812832785745, 39.058097425093365], [-77.00830430223557, 39.058078509508185], [-77.00864730223556, 39.05805550950819], [-77.00867595176467, 39.05805468665665], [-77.00867849912945, 39.0579721099862], [-77.00869727945451, 39.05784774572959], [-77.00873081619132, 39.057725274940175], [-77.0087618161913, 39.05763327494017], [-77.00881036247212, 39.05751259774346], [-77.00887323380992, 39.05739599271313], [-77.00894987652542, 39.05728448673667], [-77.0090396156611, 39.05717906179651], [-77.00911845494919, 39.057103026852545], [-77.00915423697084, 39.05699875883746], [-77.00921536355423, 39.056872754188234], [-77.00929235124126, 39.05675212682334], [-77.00936930373564, 39.056656817552735], [-77.00927846918985, 39.05651287209766], [-77.00920643931858, 39.05638156588095], [-77.00920040957651, 39.05636625908343], [-77.00916182234934, 39.05633370340367], [-77.009060994552, 39.056230190579264], [-77.0089734437726, 39.056119605464815], [-77.0088999834533, 39.05600297551657], [-77.00884129612052, 39.05588138435384], [-77.00879792704356, 39.05575596169105], [-77.00877027916839, 39.05562787284143], [-77.0087586093739, 39.05549830788995], [-77.00876302608519, 39.055368470636246], [-77.00876470341335, 39.05535102642338], [-77.0087572957152, 39.0552872214581], [-77.0086896139265, 39.05516302866138], [-77.00862026803863, 39.05501106476005], [-77.00857475040888, 39.05485374343825], [-77.00854375040888, 39.05470574343825], [-77.00852446261088, 39.05457167666833], [-77.00852250060106, 39.0544367811987], [-77.00852581294228, 39.05437032735302], [-77.00844242734986, 39.05418391034799], [-77.00838659825233, 39.05403034733506], [-77.00835449463175, 39.05387272561547], [-77.00832915766165, 39.053672030141705], [-77.00821585741947, 39.05332275284342], [-77.00817804931262, 39.053169079550635], [-77.00814704931263, 39.052986079550635], [-77.0081321996869, 39.05281], [-77.0081321996869, 39.05265], [-77.00815063146567, 39.05245393091241], [-77.00818163146566, 39.05228993091241], [-77.00821366301935, 39.05216308732676], [-77.00825966301936, 39.05201808732676], [-77.00830238102982, 39.05190593243457], [-77.00827192195581, 39.0518343574698], [-77.0082342735022, 39.05170346341608], [-77.00821353691315, 39.05157030553021], [-77.0082099176664, 39.05143620326676], [-77.00822345162493, 39.051302485438136], [-77.00825400468142, 39.05117047704738], [-77.00830127408722, 39.051041486158795], [-77.00836479145222, 39.05091679093643], [-77.00844392738617, 39.05079762697879], [-77.00853789773515, 39.05068517507536], [-77.00859089773516, 39.05062817507535], [-77.0086867450733, 39.05053420486313], [-77.00879295446116, 39.05044724011627], [-77.00887513967743, 39.05039094665198], [-77.00883801147553, 39.050348828425356], [-77.00875384159355, 39.05022886967341], [-77.00868572219377, 39.05010289394251], [-77.00863435406994, 39.049972197236464], [-77.00860026568323, 39.04983812412717], [-77.00858380772561, 39.04970205392204], [-77.00858514951206, 39.04956538647408], [-77.00860427723863, 39.04942952778052], [-77.00862727723866, 39.04931852778052], [-77.00866302571369, 39.04918770532956], [-77.00871526640023, 39.049060284766405], [-77.00881877323226, 39.04884530903835], [-77.00893802529095, 39.048511715044114], [-77.00894562167517, 39.04848439659189], [-77.00892185957113, 39.04846524087997], [-77.00871613051638, 39.048283002067194], [-77.00856907194967, 39.04826609878366], [-77.00838897229752, 39.048258479183], [-77.0081770303952, 39.04823926956287], [-77.00794635323825, 39.048207052082844], [-77.00757965851327, 39.04819891974015], [-77.00742686884455, 39.04819025705873], [-77.00727566088094, 39.04817112232507], [-77.00712721784627, 39.04814166527121], [-77.0069827013285, 39.04810211640278], [-77.00684324218994, 39.048052785195324], [-77.00658324218993, 39.047949785195314], [-77.00644971668196, 39.047890952891514], [-77.00632340852141, 39.04782315504837], [-77.00620530936108, 39.047746923950726], [-77.00609634640443, 39.04766285809343], [-77.00599737512606, 39.04757161748246], [-77.00589137512605, 39.04746461748246], [-77.00580238758401, 39.04736596057481], [-77.00572508643904, 39.047261511240194], [-77.00566009017956, 39.0471521051804], [-77.0056079188423, 39.047038617756094], [-77.00556991884231, 39.046942617756095], [-77.00552743844139, 39.046812615800796], [-77.00550178063452, 39.04667997172077], [-77.00549319968691, 39.046546], [-77.00549319968691, 39.046451], [-77.00549946941253, 39.046336444752185], [-77.00551823319216, 39.04622271896486], [-77.00554167034163, 39.046116635025164], [-77.00556556843843, 39.045855349167006], [-77.00558084969613, 39.0457485908764], [-77.0056070118023, 39.045643118911535], [-77.0056990118023, 39.04533811891153], [-77.00574592223582, 39.04521100481399], [-77.00580862182173, 39.045088081002866], [-77.00584662182172, 39.04502308100287], [-77.00592127500096, 39.04490989049194], [-77.0060093155304, 39.04480268268625], [-77.0060927541175, 39.044719553874465], [-77.00610497109477, 39.044703639654074], [-77.00626143814048, 39.044405136989205], [-77.0063435935621, 39.04427028648644], [-77.00644441041086, 39.04414333171262], [-77.00651341041088, 39.04406633171262], [-77.00659557099553, 39.043981919514685], [-77.00668599662131, 39.04390278759335], [-77.00680020296011, 39.043810423996945], [-77.00693902660555, 39.04366880992645], [-77.00705505001952, 39.043562372341974], [-77.00718460090663, 39.04346584343629], [-77.00732628944476, 39.04338025877164], [-77.00746386524078, 39.0433136665831], [-77.00747656367164, 39.043206869523615], [-77.0074945204289, 39.04310142263083], [-77.00753450865433, 39.04292147561639], [-77.00753097301191, 39.042769442991926], [-77.00752830905883, 39.04272748573102], [-77.00752838357705, 39.04272203021192], [-77.00680721240644, 39.0425295980043], [-77.00670612812166, 39.04249985164634], [-77.00655412812166, 39.04245085164635], [-77.0063677054701, 39.04238030526799], [-77.0061934522298, 39.04229293244925], [-77.00608645222978, 39.04223193244925], [-77.00594230644988, 39.04214008916565], [-77.00572130644989, 39.041983089165655], [-77.00558801117478, 39.04187737515549], [-77.00547043089479, 39.04176091814281], [-77.00537143089481, 39.04165091814281], [-77.00529059255892, 39.04155223934238], [-77.005221062688, 39.04144847545851], [-77.00516336567325, 39.04134040907381], [-77.00510936567325, 39.04122540907382], [-77.00505735261079, 39.041094275657365], [-77.00502275204616, 39.04095970594054], [-77.00500592288874, 39.04082309580605], [-77.00499892288875, 39.04070109580605], [-77.00499820695163, 39.04059504922886], [-77.00500821149656, 39.04048928726942], [-77.00502321149655, 39.04038628726941], [-77.00505386327133, 39.04024421164979], [-77.00510383442719, 39.04010549422538], [-77.00517255376073, 39.039971720628145], [-77.00519755376075, 39.039929720628145], [-77.0052050002308, 39.03991737477885], [-77.00524900023079, 39.039845374778864], [-77.00533967427054, 39.03971580684262], [-77.00544800979462, 39.03959472836807], [-77.00557270813151, 39.039483590782794], [-77.0057017081315, 39.03938059078279], [-77.00585488656371, 39.03927209644717], [-77.00600788656372, 39.03917609644717], [-77.0061236878476, 39.039109425614676], [-77.00624621003739, 39.03905047389745], [-77.00722221003737, 39.038623473897445], [-77.00732675523403, 39.03858130902232], [-77.00810499882863, 39.03829311063154], [-77.00806618017045, 39.038267594996675], [-77.00801502571709, 39.038242976915996], [-77.00787203229328, 39.03816618769004], [-77.00773964736287, 39.03807863677709], [-77.00761920341894, 39.037981205402694], [-77.00754320341895, 39.03791320540268], [-77.00743114611471, 39.037801601623904], [-77.00733476258506, 39.03768146308069], [-77.0072551175582, 39.03755411691773], [-77.0072241175582, 39.037497116917734], [-77.00717010420556, 39.03738391956049], [-77.00712933153159, 39.03726741447783], [-77.00710212694193, 39.03714853720877], [-77.00708870889022, 39.03702824234108], [-77.00708070889023, 39.03687924234108], [-77.00708601870961, 39.03670354143676], [-77.00711701870962, 39.03643254143675], [-77.00713729930189, 39.036314556630856], [-77.00717088333434, 39.03619842482688], [-77.00721750871807, 39.03608505231441], [-77.00727681158975, 39.03597532384962], [-77.00734832915134, 39.03587009575059], [-77.00739432915132, 39.03580909575059], [-77.00748258169841, 39.035703671909616], [-77.00752934937465, 39.03565780951987], [-77.00751496236877, 39.03557343913833], [-77.0075075578746, 39.0354734041941], [-77.00749955787461, 39.0351674041941], [-77.00750264819298, 39.035055006964235], [-77.00751776962838, 39.034943201373856], [-77.00754481691996, 39.03483276570556], [-77.00757581691995, 39.03472976570556], [-77.0076180195753, 39.03461335332385], [-77.0076734689287, 39.03450035455919], [-77.00774171818603, 39.03439167992151], [-77.0077729041981, 39.034347201510855], [-77.007704324709, 39.03428950765495], [-77.00764841090997, 39.034259384568266], [-77.00752936240066, 39.034182128911716], [-77.00743412083142, 39.03411447455564], [-77.00724325822313, 39.03399870543257], [-77.0070857711001, 39.033890619207966], [-77.0066277711001, 39.03353561920797], [-77.00658456862787, 39.03350090973536], [-77.00597456862786, 39.032992909735356], [-77.00588125615513, 39.03290845874904], [-77.00579722561798, 39.032818300524895], [-77.00557622561799, 39.032559300524895], [-77.00549606314, 39.03245551887156], [-77.00529706314, 39.03216951887156], [-77.00523442784335, 39.03206991711596], [-77.00518252995218, 39.03196664552813], [-77.00514172091607, 39.03186040345746], [-77.00514148823298, 39.031859692237454], [-77.00485516011068, 39.03144704288469], [-77.00469835485674, 39.03144075390392], [-77.00445846206051, 39.031458450913476], [-77.0043187497922, 39.031464340046185], [-77.00417888249738, 39.03146143443045], [-77.00402588249739, 39.03145343443045], [-77.0038705279843, 39.03143980827925], [-77.0037173858587, 39.03141533657716], [-77.00356770416714, 39.031380218758684], [-77.00342270275506, 39.0313347410199], [-77.00334670275505, 39.031307741019894], [-77.00317515441596, 39.03123751712117], [-77.00301476701244, 39.03115281635646], [-77.00286754995388, 39.031054699897055], [-77.00274554995389, 39.03096369989706], [-77.0026404295799, 39.03087808371981], [-77.00254537492404, 39.03078561779012], [-77.00242337492405, 39.03065561779012], [-77.00233074899118, 39.030546103065305], [-77.00227617424079, 39.03047418680544], [-77.00209234117442, 39.03045078160664], [-77.00193628753271, 39.03042512223627], [-77.00178392984449, 39.03038840058171], [-77.00163656049173, 39.03034092813628], [-77.00149542954256, 39.03028310758748], [-77.00097642954258, 39.030046107587474], [-77.00079217168107, 39.02994907217156], [-77.00048402037122, 39.029763261531], [-76.99999150474942, 39.0294896417411], [-76.99956170406469, 39.029305796361506], [-76.99940398121795, 39.029229488300864], [-76.99924398121794, 39.02914248830086], [-76.99906276356363, 39.02902913425397], [-76.99863576356363, 39.028723134253966], [-76.99851619394096, 39.028628569781134], [-76.99827504026831, 39.028418054484916], [-76.9973419023364, 39.027611528216866], [-76.99719791090973, 39.02746881702984], [-76.99668330143575, 39.026881262911964], [-76.99640469242479, 39.02656370855539], [-76.99631205169743, 39.0264455024262], [-76.99623548907077, 39.02632052381458], [-76.99617581283334, 39.02619009214727], [-76.9961336530003, 39.026055584420114], [-76.99608445007647, 39.025854146808825], [-76.99602051025886, 39.02579142174404], [-76.99589851025885, 39.02565442174403], [-76.99579449046554, 39.02552190310914], [-76.99570249046555, 39.02538790310913], [-76.99562352418458, 39.02525626805257], [-76.99556322940079, 39.025118783690395], [-76.99542614007393, 39.02474060623698], [-76.99514416945817, 39.024052294127856], [-76.99511180284664, 39.02397926177361], [-76.99507313963707, 39.02387971088013], [-76.99504445900013, 39.02377813643587], [-76.99503235726841, 39.02372569559846], [-76.99502644286122, 39.0237145580784], [-76.99497331508607, 39.02360012808655], [-76.99493366967943, 39.02348243588056], [-76.99485334661341, 39.02319089290022], [-76.99468403532039, 39.02258734793804], [-76.99466283509565, 39.02249714334893], [-76.99457083509566, 39.022013143348936], [-76.99456688053615, 39.021991080340904], [-76.99441196446175, 39.02107126614915], [-76.99421279535655, 39.02019724250297], [-76.9942047595575, 39.02015874554247], [-76.994143076845, 39.019833570373315], [-76.99409971216345, 39.0198102680407], [-76.99396971216343, 39.0197342680407], [-76.99384295254623, 39.01965254792442], [-76.99372673794419, 39.01956183240019], [-76.99362211843008, 39.01946294114038], [-76.99353003930766, 39.01935676769036], [-76.99342303930766, 39.019219767690366], [-76.99335472118597, 39.01912256115675], [-76.99284951949815, 39.01925065053653], [-76.99237412538542, 39.01937415498642], [-76.99054577321147, 39.01985619325063], [-76.99053614015656, 39.01985870848108], [-76.98957314015655, 39.020107708481085], [-76.98956627410894, 39.02010947143926], [-76.98800527410894, 39.02050747143926], [-76.98790164704619, 39.02053113546764], [-76.9870956470462, 39.02069413546764], [-76.98705661785147, 39.02070165323711], [-76.98632461785147, 39.02083565323711], [-76.98623376487721, 39.02085029814622], [-76.98553876487719, 39.02094729814622], [-76.985488095817, 39.0209537682191], [-76.98462509581702, 39.021053768219105], [-76.98445621682959, 39.02106679588008], [-76.98350221682959, 39.02110379588009], [-76.9834473435422, 39.0211052460514], [-76.9827379549259, 39.021115237440355], [-76.98191856628043, 39.021127228493704], [-76.9817612087879, 39.02112396388209], [-76.98142320878789, 39.021104963882095], [-76.98133979940954, 39.02109869362119], [-76.97969479940951, 39.02094369362119], [-76.9796060838039, 39.020933514713974], [-76.9787050838039, 39.02081151471397], [-76.9785819550462, 39.02079123055608], [-76.97792885232934, 39.02066418321906], [-76.97680685914139, 39.0204513228093], [-76.97638219664273, 39.02037121601977], [-76.97622512711918, 39.02034376697682], [-76.97593505633007, 39.02030271080359], [-76.97590815609918, 39.02029873219193], [-76.97573315609918, 39.02027173219194], [-76.97568437467429, 39.0202636361452], [-76.97316125046906, 39.01981523203626], [-76.97253216153906, 39.01974593215414], [-76.97242448307803, 39.019787975513076], [-76.97226929126258, 39.01983466940404], [-76.9721090564544, 39.01986955948089], [-76.97194525783323, 39.01989232366196], [-76.97177940747756, 39.01990275180366], [-76.97161303640605, 39.01990074764042], [-76.97156059606843, 39.01989815158411], [-76.97073625260153, 39.019893430258406], [-76.97065919146708, 39.019891653670136], [-76.97046581710198, 39.019883840564475], [-76.9699785177318, 39.019866184790196], [-76.9692481785657, 39.019879195582945], [-76.96754013365951, 39.01998896467388], [-76.96530007208855, 39.02022607962501], [-76.96457366943662, 39.02032905624617], [-76.96397529179616, 39.020424231272436], [-76.96319982626123, 39.02056130367232], [-76.96209698082166, 39.02077252826224], [-76.96058567533564, 39.02108440051698], [-76.95963232269318, 39.02129516236149], [-76.95951429791721, 39.02131780376496], [-76.95824027127505, 39.021525597040174], [-76.95665725780165, 39.02190944447085], [-76.95664751250506, 39.02191178302798], [-76.95439451250505, 39.02244678302798], [-76.95438268019099, 39.02244955687506], [-76.953051680191, 39.02275755687506], [-76.95303012984098, 39.0227624257115], [-76.95201566453842, 39.02298608735301], [-76.95151056167991, 39.023098231128465], [-76.95152641998314, 39.02310697895701], [-76.95157041998314, 39.023133978957], [-76.95162136296742, 39.0231664811349], [-76.95171636296742, 39.0232294811349], [-76.95182596725209, 39.02330877768123], [-76.9519263628942, 39.02339514126291], [-76.9519753628942, 39.023441141262914], [-76.95204112343383, 39.023506913519206], [-76.95207112343384, 39.0235389135192], [-76.95215045916102, 39.023631313394546], [-76.95221461191854, 39.02372129282619], [-76.952220180769, 39.02372886646284], [-76.95227988755973, 39.02381755829809], [-76.95233096553862, 39.023909454792694], [-76.95234325151962, 39.02393402675465], [-76.95236116999813, 39.02396771349425], [-76.95240833752455, 39.0240673230823], [-76.95244528084339, 39.02416951257097], [-76.9525402808434, 39.024478512570965], [-76.95257826675964, 39.02465080704292], [-76.95259126675964, 39.02474680704292], [-76.9525996932479, 39.02483982726173], [-76.95260369324791, 39.02492682726173], [-76.95260324791997, 39.0250320410697], [-76.95259225332218, 39.02513690709998], [-76.95257825332217, 39.02522690709998], [-76.95254824837016, 39.0253618653926], [-76.95250079074583, 39.02549375658477], [-76.95247879074586, 39.02554475658477], [-76.95246716035878, 39.025568968184956], [-76.95256531897861, 39.02564556165348], [-76.95266641056219, 39.02573158379164], [-76.95275756910515, 39.02582408185714], [-76.95280483321045, 39.0258765975297], [-76.95284579416573, 39.02589876254879], [-76.95297194714531, 39.02597393601313], [-76.95308871363505, 39.02605778977382], [-76.95318271363506, 39.02613178977382], [-76.95334364669853, 39.02627805064788], [-76.95341964669853, 39.026358050647886], [-76.95349545200408, 39.02644470497559], [-76.95356237069116, 39.0265356819964], [-76.95361937069116, 39.02662068199641], [-76.95364812890982, 39.0266655861472], [-76.95377212890983, 39.0268685861472], [-76.95378103003972, 39.0268833890408], [-76.9538390300397, 39.02698138904079], [-76.95390222404265, 39.0271035485994], [-76.95394979121895, 39.0272299242582], [-76.95396679121895, 39.02728492425819], [-76.95399279269603, 39.02738586556432], [-76.95400881374024, 39.027488056819855], [-76.95401481374024, 39.02754405681985], [-76.95402011082348, 39.02769401935826], [-76.95400395025283, 39.027843510634966], [-76.95396653234356, 39.027990677659375], [-76.95393753234357, 39.02807867765937], [-76.95389068101184, 39.028197698369], [-76.95382991353308, 39.028312847240315], [-76.95375574849382, 39.02842314159884], [-76.95371374849383, 39.02847914159884], [-76.953615759556, 39.02859553924584], [-76.95350286562919, 39.028703453671504], [-76.95337627055618, 39.028801734131896], [-76.95331627055617, 39.0288437341319], [-76.95319354636342, 39.02892203012087], [-76.95306212546984, 39.02899125582657], [-76.953041381941, 39.02900014541312], [-76.95299990918785, 39.02903284508387], [-76.95277328675914, 39.02924381267376], [-76.95265036936789, 39.02937240317538], [-76.95253624080661, 39.02951506387697], [-76.952527396786, 39.0295260016471], [-76.95252160599324, 39.02953308774877], [-76.95250620036279, 39.02956025466697], [-76.95245843712165, 39.02971597059949], [-76.95248751008212, 39.02971876013276], [-76.95261530457456, 39.02973573982056], [-76.95265905522679, 39.02974093057591], [-76.952843424579, 39.02977086559926], [-76.95302252566984, 39.02981620162362], [-76.95319424018024, 39.02987640243694], [-76.95340524018022, 39.02996140243694], [-76.95355933835272, 39.030031542574186], [-76.95370333703707, 39.030113653861925], [-76.9538357059225, 39.030206863682544], [-76.9543334724712, 39.03059551836097], [-76.95442463255134, 39.030655076279984], [-76.95446884623787, 39.03068742116049], [-76.95457440661889, 39.030631359221], [-76.95471347547267, 39.03057125337603], [-76.95483247547267, 39.03052525337603], [-76.95498186102611, 39.03047418596727], [-76.95513676052609, 39.03043428436778], [-76.9552957989058, 39.03040590279019], [-76.95545756435705, 39.030389293182154], [-76.95564056435705, 39.030377293182156], [-76.95571546714572, 39.030374900213886], [-76.95577456761096, 39.03034736187112], [-76.95594256761096, 39.03027836187112], [-76.95609779496007, 39.03022205862737], [-76.95625941072804, 39.03017796039076], [-76.95642583429442, 39.030146498447], [-76.95659543801801, 39.030127980497454], [-76.95670943801801, 39.03011998049745], [-76.95689138124065, 39.03011468959117], [-76.95707303286996, 39.03012429058182], [-76.95725238510039, 39.03014867734909], [-76.95733638510036, 39.030163677349094], [-76.95749457766512, 39.03019814616039], [-76.95764786090267, 39.03024412261275], [-76.9577948555088, 39.0303011929916], [-76.9578898252311, 39.03034728729498], [-76.95818818830338, 39.0301332781803], [-76.95824476743685, 39.03009443478457], [-76.95882776743686, 39.029711434784566], [-76.95885740803841, 39.029692396807434], [-76.9589864080384, 39.02961139680744], [-76.95906576269856, 39.02956443868453], [-76.95913576269854, 39.02952543868452], [-76.95929686878407, 39.02944574912848], [-76.95946826903771, 39.02938034098462], [-76.95964788063812, 39.02933000907955], [-76.95983352098118, 39.02929536503646], [-76.9599675209812, 39.02927636503647], [-76.96011536411977, 39.0292604882942], [-76.96026441512308, 39.02925457469573], [-76.96041356701859, 39.02925866816018], [-76.9605617120845, 39.029272738286224], [-76.96073971208449, 39.02929573828622], [-76.96094081123525, 39.029331410838466], [-76.96105981123526, 39.029358410838476], [-76.96122467332941, 39.02940294302043], [-76.96138293819746, 39.0294601589789], [-76.96153299870997, 39.02952947770401], [-76.96159299870996, 39.02956047770401], [-76.96172254285905, 39.029634365976754], [-76.96172928390874, 39.02963901611388], [-76.9617762582304, 39.02964093409796], [-76.96195552536625, 39.02966305538196], [-76.96213083218485, 39.02969965409052], [-76.96220983218487, 39.02971965409052], [-76.96239477243613, 39.02977578371092], [-76.96257024212817, 39.02984801200943], [-76.96279124212816, 39.02995201200943], [-76.96284424024273, 39.029977982183624], [-76.96304624024273, 39.03008098218362], [-76.9631831153194, 39.03015847065193], [-76.96330961390576, 39.030245986076764], [-76.9634245274641, 39.03034269235634], [-76.96352675813729, 39.03044766558161], [-76.96361532923754, 39.03055990286309], [-76.96368939457739, 39.030678331912156], [-76.96374824655399, 39.03080182128556], [-76.96379132290942, 39.03092919119485], [-76.96381821210228, 39.03105922477789], [-76.96382865723959, 39.03119067972441], [-76.96382255853094, 39.031322300144765], [-76.96379997424195, 39.031452828568426], [-76.96376112013762, 39.031581017957535], [-76.96370636742091, 39.03170564362081], [-76.96363623918641, 39.03182551491399], [-76.96355140542279, 39.031939486614924], [-76.96352523254316, 39.03197099100707], [-76.96301046470576, 39.032679273420385], [-76.96300486484432, 39.032686920026535], [-76.96282186484433, 39.032934920026534], [-76.9628188855626, 39.032938941466355], [-76.96265308659883, 39.033161848962095], [-76.96262981781778, 39.033194626909356], [-76.9622143361161, 39.03375912936387], [-76.9621047303935, 39.03391257737551], [-76.96201677053223, 39.0340228541808], [-76.96191558304773, 39.03412603503152], [-76.96187124398404, 39.03416699588083], [-76.96186389346086, 39.034175513153734], [-76.96177001813818, 39.03428584085251], [-76.96175425822658, 39.034304341957096], [-76.96172713035324, 39.03433733531658], [-76.96159443042254, 39.03450050708323], [-76.96154892544853, 39.03455269224545], [-76.9610323753861, 39.03530255226577], [-76.9609928887048, 39.03535681926738], [-76.96092025421538, 39.03545146420812], [-76.96062658343874, 39.03589151577438], [-76.95956606011728, 39.03753701818871], [-76.95955329226635, 39.03755643493889], [-76.95906029226637, 39.03829143493889], [-76.95896619051102, 39.03841515341359], [-76.95804861569185, 39.039486656906114], [-76.95794904029955, 39.03960316011513], [-76.95794757160738, 39.0396048756378], [-76.95705343670573, 39.04064755074963], [-76.95517718585928, 39.04319705032829], [-76.95462246610268, 39.043964512070424], [-76.95405643455685, 39.04474755571255], [-76.95403508055394, 39.044776263878404], [-76.95392157523564, 39.04492461732074], [-76.95369006898501, 39.04522797033882], [-76.95368903906942, 39.045229318096524], [-76.95357346354852, 39.04538036123759], [-76.95340694335825, 39.04575131469718], [-76.95338408298986, 39.04579929372814], [-76.95332708298986, 39.04591229372814], [-76.95322767364706, 39.04607605463718], [-76.95269467364707, 39.04682005463717], [-76.95269357442997, 39.046821586657714], [-76.95255057442998, 39.047020586657716], [-76.95254934159827, 39.04702229934671], [-76.95241291937784, 39.047211498046565], [-76.95225266917345, 39.047434454852656], [-76.95140984244495, 39.048608213546935], [-76.95061266296845, 39.04971767995809], [-76.95051169965548, 39.049859812777306], [-76.95041412202691, 39.0499814146587], [-76.94999612202692, 39.0504454146587], [-76.94979683174209, 39.05066662687535], [-76.94952959034322, 39.050964193539315], [-76.94931629066606, 39.05121661368129], [-76.94922651806435, 39.051323950487685], [-76.94914202214444, 39.05141624283491], [-76.94906009740033, 39.05149144998942], [-76.9489180301069, 39.051676634982805], [-76.9489097248328, 39.0516873476083], [-76.94878672483283, 39.0518443476083], [-76.94875859549954, 39.05187905237775], [-76.94861359549954, 39.05205205237775], [-76.94861217054789, 39.05205374970045], [-76.94801211430915, 39.05276733009246], [-76.94787747161905, 39.05298956291968], [-76.94779624801009, 39.05310795266859], [-76.94770029181116, 39.05321946882637], [-76.94759055483857, 39.0533230052331], [-76.94746812560405, 39.05341753488223], [-76.94733421851735, 39.05350212010775], [-76.94719016184031, 39.05357592188519], [-76.94703738451133, 39.05363820815409], [-76.94687740197143, 39.05368836107956], [-76.94671180113214, 39.0537258831807], [-76.94654222463443, 39.05375040226531], [-76.94637035455497, 39.05376167512175], [-76.94619789572108, 39.053759589931396], [-76.94602655880016, 39.05374416737784], [-76.94585804333094, 39.0537155604417], [-76.9456940208655, 39.053674052883174], [-76.94553611838847, 39.05362005642732], [-76.94525611838849, 39.05351105642731], [-76.945149770064, 39.053465972231784], [-76.94416437803993, 39.05301277089006], [-76.94391948308719, 39.05290444509344], [-76.94365654618775, 39.05299036087856], [-76.9436452586907, 39.05299401270799], [-76.94287725869069, 39.05324001270799], [-76.94285996366249, 39.05324546791402], [-76.94228386926079, 39.05342437390207], [-76.94213270240805, 39.05348864552314], [-76.94187934325123, 39.05361432236081], [-76.94165622096908, 39.05375244567834], [-76.9415218472996, 39.053827756544344], [-76.94137884283265, 39.05389273660796], [-76.94122851524011, 39.05394679167377], [-76.94107223915859, 39.053989427447476], [-76.94091144361923, 39.05402025405593], [-76.94074759898034, 39.05403898961218], [-76.94058220348205, 39.054045462793205], [-76.940416769546, 39.05403961440647], [-76.94025280994524, 39.05402149793122], [-76.94009182397114, 39.05399127902944], [-76.93993528372343, 39.05394923403102], [-76.93978462064888, 39.05389574740693], [-76.93964121245176, 39.05383130825346], [-76.93950637049583, 39.053756505819806], [-76.93928937049581, 39.0536235058198], [-76.93921964949489, 39.05357842345674], [-76.93908777222714, 39.05348850713782], [-76.93904246055615, 39.053461603333176], [-76.93899269218092, 39.05343241226693], [-76.93888541467345, 39.0533870747489], [-76.9388205617385, 39.05335824037513], [-76.93861220222543, 39.05326090454421], [-76.9385413647296, 39.05323412021743], [-76.93843182204189, 39.05320070041441], [-76.9381425289675, 39.0531137293952], [-76.93781525505173, 39.05302347602153], [-76.93764162968644, 39.052982526642914], [-76.93759307961436, 39.05297046645925], [-76.93718707961436, 39.05286446645925], [-76.93708952973557, 39.052836435399755], [-76.93672352973557, 39.05272143539975], [-76.93664955781253, 39.05269662078325], [-76.93657955781252, 39.05267162078326], [-76.93645796059538, 39.05262359683013], [-76.93629221854972, 39.05255161742744], [-76.93591753907822, 39.0523935495254], [-76.93577347960822, 39.05232551756942], [-76.93563860036082, 39.05224691349973], [-76.93551417848451, 39.05215848160482], [-76.93540139210874, 39.05206105923115], [-76.9353013091884, 39.05195556885451], [-76.93521487739152, 39.051843009345205], [-76.93514291512598, 39.051724446509965], [-76.93508610379017, 39.05160100299996], [-76.9350449813209, 39.051473847680676], [-76.93501993709975, 39.05134418456404], [-76.93501120826623, 39.051213241407915], [-76.93501887747212, 39.051082258090624], [-76.93504287209903, 39.05095247487077], [-76.93508296494596, 39.05082512064346], [-76.93513877638061, 39.05070140130403], [-76.93520977793403, 39.05058248832976], [-76.9352952973047, 39.05046950768723], [-76.9353028905954, 39.05046050823159], [-76.93559365498278, 39.05008317321755], [-76.93566109385014, 39.04999563238012], [-76.93556360578117, 39.050053238966335], [-76.93550073250327, 39.05009131714873], [-76.9354624175657, 39.05011386499326], [-76.9343954175657, 39.05072386499326], [-76.93436963657065, 39.05073832236769], [-76.93430963657066, 39.050771322367694], [-76.93424266203924, 39.050806366320835], [-76.93388283126018, 39.05098531442332], [-76.93360986906514, 39.05112610545023], [-76.93354469546055, 39.05115812020016], [-76.93334569546057, 39.05125112020017], [-76.93329571280871, 39.05127360541263], [-76.9329167128087, 39.05143760541263], [-76.93282952616967, 39.051472851220836], [-76.93239254161135, 39.051637429820715], [-76.93216752427548, 39.051729223896366], [-76.93192636355938, 39.05183630645315], [-76.93177112798278, 39.05189740770006], [-76.9317225830069, 39.051914188679376], [-76.93165041961691, 39.05194194382937], [-76.93148341208936, 39.0519978924654], [-76.93041941208936, 39.0523038924654], [-76.93041381559408, 39.05230549346854], [-76.93029081559409, 39.052340493468535], [-76.93014609406806, 39.05237616196507], [-76.92999791394628, 39.05240183212224], [-76.92980324646726, 39.052428648560685], [-76.9286535786293, 39.05258846337743], [-76.92860730438865, 39.05259439403562], [-76.92777230438867, 39.052692394035624], [-76.92767100844335, 39.0527019175207], [-76.92729278215658, 39.05272870854934], [-76.92699005406568, 39.05277858594647], [-76.92659717707265, 39.052856363625295], [-76.9262126009293, 39.05298718255929], [-76.92620865047137, 39.052988872477414], [-76.92618158752919, 39.053004677235656], [-76.92615531445875, 39.05301972181157], [-76.92599393608603, 39.05311032019626], [-76.92577846168972, 39.053234816514134], [-76.92567491630926, 39.05329022385647], [-76.92540191630927, 39.05342522385647], [-76.92535775271689, 39.0534463476589], [-76.92509175271687, 39.05356934765891], [-76.92492703676511, 39.053636478132375], [-76.92462903676511, 39.05374247813238], [-76.92452134537665, 39.05377742165292], [-76.92423234537665, 39.053862421652916], [-76.9241169657268, 39.05389279383045], [-76.9238509657268, 39.05395479383044], [-76.92369954924331, 39.0539843710255], [-76.92321354924329, 39.0540613710255], [-76.92320292855663, 39.05406302682918], [-76.92303992855663, 39.054088026829184], [-76.92300329787071, 39.05409332717962], [-76.92285629787072, 39.05411332717962], [-76.92267642909843, 39.05413031235407], [-76.92260142909844, 39.05413431235408], [-76.92257311112, 39.05413564142375], [-76.9222982088246, 39.0541467861114], [-76.92217346247608, 39.05415422132423], [-76.92186764903374, 39.054173887783534], [-76.921827305653, 39.05417611349604], [-76.92098963174466, 39.05421468407742], [-76.9208596822587, 39.054221763037745], [-76.92067893267334, 39.05425114870653], [-76.92041042284235, 39.0543025079695], [-76.92040525327707, 39.0543034902281], [-76.92028915276482, 39.05432540323869], [-76.91976582602604, 39.054526131302886], [-76.91880046080499, 39.054939584535006], [-76.91789515831191, 39.05533259922423], [-76.91713029391346, 39.055681735087695], [-76.91696684844186, 39.0557617003453], [-76.9168581603655, 39.055810689009064], [-76.9164227091859, 39.05599087570409], [-76.91601467134053, 39.05617524142778], [-76.9159642227082, 39.05619716843231], [-76.91566162527113, 39.05632358249319], [-76.91540802645386, 39.05642999454593], [-76.91529054976029, 39.05647491562618], [-76.9151690479929, 39.05651280451864], [-76.91513556228075, 39.056522120092694], [-76.91503801156362, 39.05656022584158], [-76.9149378155373, 39.056596301057006], [-76.9148258155373, 39.056633301057005], [-76.91461495942366, 39.05669077652493], [-76.91299095942367, 39.05704377652493], [-76.9129259765513, 39.05705685070317], [-76.9128989765513, 39.057061850703164], [-76.91272447631128, 39.05708689480403], [-76.9125475984121, 39.05709791402736], [-76.91230643239204, 39.0571032903399], [-76.91195883367183, 39.05713391213193], [-76.91190548104672, 39.057137962585664], [-76.91107448104673, 39.05719096258566], [-76.91100370203633, 39.05719434335488], [-76.91069682060426, 39.05720409970099], [-76.91063754785267, 39.057208077738004], [-76.91040592414441, 39.05723436127937], [-76.91029466312044, 39.05724414050741], [-76.91019866312041, 39.057250140507406], [-76.91006, 39.05725446676249], [-76.91004966227312, 39.05725446676249], [-76.91003062628205, 39.05725621172834], [-76.9098841763827, 39.05726475765141], [-76.90955079786185, 39.057273176300924], [-76.90933007243034, 39.05729123565442], [-76.90910028070023, 39.057319959620685], [-76.90895380767842, 39.05734428170917], [-76.90874796803973, 39.05739492479488], [-76.90872176726091, 39.057403994295235], [-76.90845951714827, 39.057507694503165], [-76.908056605507, 39.05766901809918], [-76.90774427019281, 39.05783713933003], [-76.90770036512517, 39.05786000962042], [-76.90692836512517, 39.05824900962042], [-76.90692224471142, 39.058252079419745], [-76.90628987112302, 39.05856779499667], [-76.9060501305965, 39.0587019458328], [-76.90595615503358, 39.058750988442455], [-76.90561124483143, 39.058918539607006], [-76.90552487353594, 39.05897101836884], [-76.9053923753682, 39.059044011382774], [-76.90525167463905, 39.05910702984534], [-76.90489467463904, 39.059250029845344], [-76.90485448430367, 39.059265618951784], [-76.90451348430368, 39.05939361895178], [-76.90450899467852, 39.059395298018], [-76.9041949946785, 39.059512298018014], [-76.9041459261382, 39.05952985499903], [-76.9037409261382, 39.059668854999025], [-76.90351180086967, 39.05973293781789], [-76.90271380086966, 39.05990793781789], [-76.90259680341043, 39.05993020912755], [-76.90228180341043, 39.05998120912755], [-76.9022778221372, 39.05998184992204], [-76.9020278221372, 39.06002184992204], [-76.90191792399749, 39.060036581494586], [-76.90122592399749, 39.06011158149459], [-76.9010695327908, 39.060122935702154], [-76.9006385327908, 39.06013893570216], [-76.90047229224308, 39.06013889177273], [-76.90030682303217, 39.06012644593594], [-76.90014364989716, 39.060101712875685], [-76.89998427641966, 39.0600649204982], [-76.89988392389168, 39.060033329305384], [-76.89981437910775, 39.06003845703138], [-76.89978833055831, 39.060040223389805], [-76.89964732982274, 39.06004895070805], [-76.89860666911925, 39.062105749918786], [-76.89829287863202, 39.06292628862567], [-76.89824696553875, 39.063030545207056], [-76.89792853486675, 39.063667406551076], [-76.89783332655797, 39.063931246525385], [-76.89778755208785, 39.06404009204861], [-76.89776054376574, 39.06408962291717], [-76.89777364317968, 39.064108214415846], [-76.89778805066766, 39.0641293322407], [-76.89782621806884, 39.06416988510446], [-76.89792630576991, 39.06428893903732], [-76.89800970366397, 39.0644155398701], [-76.89807470366398, 39.0645285398701], [-76.89807950367278, 39.06453696159431], [-76.89817550367277, 39.064706961594304], [-76.89824362508364, 39.064848722246374], [-76.8982908852766, 39.06499553258082], [-76.89833888527659, 39.065190532580814], [-76.8983624811966, 39.06532024745727], [-76.89836977605404, 39.06545113213364], [-76.89836070089255, 39.06558194939184], [-76.89833534149722, 39.065711462651095], [-76.89829393758367, 39.06583844765697], [-76.8982368805321, 39.06596170405394], [-76.89816470968765, 39.066080066732034], [-76.89807810726215, 39.06619241684031], [-76.89797789188533, 39.06629769236302], [-76.8978650108665, 39.066394898158656], [-76.89774053123995, 39.06648311536663], [-76.8976056296785, 39.066561510093116], [-76.89746158137079, 39.0666293412936], [-76.8973097479672, 39.066685967777765], [-76.89715156470855, 39.066730854270496], [-76.89698852685915, 39.06676357647171], [-76.89682217557248, 39.06678382506712], [-76.89665408332306, 39.06679140865214], [-76.89648583904226, 39.06678625554117], [-76.89631903309856, 39.06676841444518], [-76.89615524226424, 39.06673805401132], [-76.89462352286918, 39.06639211738554], [-76.8924958035215, 39.06591218069058], [-76.89247993471258, 39.06590853723286], [-76.89237293471258, 39.06588353723285], [-76.89236277096064, 39.06588113606094], [-76.89153839703636, 39.06568422846074], [-76.89064687813644, 39.06551689140318], [-76.89064120623544, 39.06551581892076], [-76.89028420623545, 39.06544781892076], [-76.89024220095051, 39.06543938265133], [-76.8901712009505, 39.06542438265134], [-76.89003969352564, 39.065392174846174], [-76.88997169352562, 39.065373174846165], [-76.88996004454276, 39.06536988332202], [-76.88942804454274, 39.06521788332202], [-76.88922328655136, 39.06514738306472], [-76.88840628655136, 39.064815383064726], [-76.88810098800798, 39.06469126171847], [-76.88801650941897, 39.064654542991356], [-76.8875372235599, 39.06443232863852], [-76.88693061559997, 39.0642087477311], [-76.88690645349156, 39.06419966316233], [-76.88620998264534, 39.06393260261716], [-76.88533926942009, 39.0636291175096], [-76.88464965490772, 39.06343938229984], [-76.8845752430517, 39.063417399652174], [-76.8843822430517, 39.06335639965218], [-76.88426164509471, 39.0633140380345], [-76.8838876450947, 39.063169038034495], [-76.88385336508178, 39.06315537532708], [-76.88345536508179, 39.06299237532707], [-76.88335212600568, 39.06294650598796], [-76.88317312600567, 39.06286050598796], [-76.88305789441328, 39.06280004330875], [-76.88275689441329, 39.06262804330875], [-76.88273257989327, 39.06261389232842], [-76.88240357989326, 39.06241889232842], [-76.8823248072688, 39.062369304044935], [-76.8818608072688, 39.06205930404494], [-76.88180751229756, 39.0620221825055], [-76.88173451229757, 39.0619691825055], [-76.88172540191908, 39.06196252009189], [-76.8815014019191, 39.061797520091886], [-76.8814663451003, 39.061770956248054], [-76.8811829915638, 39.061550094579104], [-76.88104881081355, 39.06146064074562], [-76.88057710475456, 39.06118265559115], [-76.88025476444479, 39.06100915797399], [-76.8801214063077, 39.06092967009213], [-76.87999857384379, 39.06084050269457], [-76.87988742287435, 39.06074249482314], [-76.87978899930079, 39.06063656870618], [-76.87970422926314, 39.06052372108068], [-76.87963391042523, 39.060405013813174], [-76.87957870446886, 39.060281563907914], [-76.8795391308676, 39.06015453299612], [-76.87951556199864, 39.06002511640535], [-76.8795082196389, 39.05989453191177], [-76.87951717287801, 39.05976400828119], [-76.87954233746835, 39.059634773706755], [-76.87958347661774, 39.0595080442519], [-76.87964020321758, 39.05938501240753], [-76.87971198348542, 39.05926683587105], [-76.8797981419878, 39.05915462665264], [-76.8804411419878, 39.058402626652644], [-76.88044233083856, 39.05840123813519], [-76.88103068027142, 39.05771499694608], [-76.88150597576266, 39.05715899089972], [-76.88283892399798, 39.05559222715687], [-76.88284151246093, 39.055589193558994], [-76.88293051246093, 39.055485193558994], [-76.88295541468626, 39.05545688231536], [-76.88376276196465, 39.05456362625767], [-76.88433522671869, 39.053873956367845], [-76.88443782237108, 39.053763116579425], [-76.8845543130009, 39.05366092798511], [-76.8846464974754, 39.05359493224385], [-76.8846906861341, 39.05349318423389], [-76.88476107301537, 39.053372038708055], [-76.88484646086425, 39.05325687984774], [-76.88536846086427, 39.05262687984773], [-76.88538234609041, 39.05261038800604], [-76.886173063551, 39.051686056245686], [-76.88656279735291, 39.0512257329031], [-76.88666012615079, 39.051121914166934], [-76.88676972273846, 39.051025781349935], [-76.88686213836145, 39.050958823173524], [-76.88690396273591, 39.050867238056526], [-76.88697465159534, 39.05074972021768], [-76.88705953970747, 39.05063803730355], [-76.88743342319194, 39.05019617500371], [-76.88786630673162, 39.04968431271198], [-76.88786886403082, 39.0496812976478], [-76.88799894701475, 39.049528375666696], [-76.88820258299504, 39.04928798587533], [-76.88927913398828, 39.04801451701237], [-76.88928190176287, 39.04801125329293], [-76.88981190176288, 39.04738825329293], [-76.88981294518925, 39.047387028226815], [-76.89006154148443, 39.04709550164772], [-76.89052857122734, 39.046546816384755], [-76.89109781744926, 39.04587325802788], [-76.89134663839509, 39.04557586247511], [-76.89138214265, 39.04553507751469], [-76.89165914265001, 39.0452290775147], [-76.89174237571306, 39.04514444834773], [-76.8918025468119, 39.04508803794259], [-76.89185974994417, 39.04503364807909], [-76.89189762365295, 39.04499885511584], [-76.89199562365297, 39.04491185511584], [-76.89209905411532, 39.04482767009664], [-76.89221144106233, 39.044750748672875], [-76.89247144106231, 39.04458774867287], [-76.89253289441326, 39.044550956691275], [-76.89259224642589, 39.04451704125549], [-76.89259302237348, 39.04451467646284], [-76.89265056354962, 39.04437259939182], [-76.89272790905625, 39.04423633247814], [-76.89278290905627, 39.04415233247815], [-76.89290183719915, 39.04399733462036], [-76.89320683719913, 39.043654334620356], [-76.89321644408693, 39.04364364181528], [-76.89351571621646, 39.04331395186274], [-76.8936489469367, 39.043163549183014], [-76.89364609264148, 39.04314285267019], [-76.8936446103462, 39.04301062406198], [-76.89365979252759, 39.04287891911995], [-76.89369149297399, 39.042749006225435], [-76.89373940639501, 39.04262213650151], [-76.89380307136159, 39.04249953176403], [-76.89388187474978, 39.04238237275503], [-76.89397505764539, 39.04227178777158], [-76.89408172265276, 39.04216884179975], [-76.89420084253706, 39.04207452625828], [-76.89433127011705, 39.041989749450785], [-76.89447174931301, 39.04191532781827], [-76.89462092724335, 39.04185197807654], [-76.89463614000206, 39.04184625284477], [-76.89474791189525, 39.04176918906578], [-76.8948785113502, 39.041670826185154], [-76.89490466137453, 39.041651536865025], [-76.89546666137453, 39.04124553686503], [-76.8954797292679, 39.041236192915434], [-76.89628372926789, 39.04066719291543], [-76.89631882726896, 39.04064302081906], [-76.89683097679871, 39.04029980664785], [-76.89678781169187, 39.040089213247725], [-76.896780994535, 39.040052755883266], [-76.89674599453501, 39.03984575588327], [-76.89674570885614, 39.03984405795465], [-76.89670870885614, 39.03962305795464], [-76.89670621268725, 39.03960743657452], [-76.89667821268726, 39.03942343657452], [-76.89666963999915, 39.03934989210219], [-76.89662663999914, 39.03881989210219], [-76.89662338984647, 39.038754967850466], [-76.89662143402883, 39.038652287425094], [-76.89661648847579, 39.03844160686469], [-76.89661636984725, 39.0384358887254], [-76.89661241431196, 39.0382163565174], [-76.89661147039492, 39.03817482416786], [-76.89661183354804, 39.0381145463119], [-76.89662383354803, 39.03776954631191], [-76.89662436535815, 39.0377565690333], [-76.89667036535816, 39.036781569033295], [-76.8966720688844, 39.0367534673877], [-76.89670280062359, 39.03633858890854], [-76.89672509282275, 39.03579872999806], [-76.89672587478448, 39.035782748524966], [-76.89675679244398, 39.035236204092826], [-76.89678341961829, 39.03474113588945], [-76.89680618235121, 39.034215613663896], [-76.89680702330872, 39.03419917883565], [-76.89684102330871, 39.03362317883565], [-76.89684764041594, 39.03355212468654], [-76.89687464041594, 39.03334012468653], [-76.89687964214409, 39.03330543663198], [-76.89690364214408, 39.03315643663198], [-76.89692511756856, 39.03305477967587], [-76.89700111756855, 39.03276477967587], [-76.89703208522046, 39.03266586360015], [-76.89712808522046, 39.03240286360015], [-76.89714826592312, 39.03235149557809], [-76.89722026592312, 39.032180495578096], [-76.89725797672443, 39.03209973277216], [-76.89736897672444, 39.03188373277215], [-76.89738040193426, 39.03186204885606], [-76.89740740193425, 39.03181204885607], [-76.89744567151233, 39.031746184313135], [-76.89752667151232, 39.03161618431314], [-76.8975723363942, 39.03154793134669], [-76.8977149136693, 39.03134891723351], [-76.89779949956515, 39.03122990684516], [-76.89781655902522, 39.031206461163016], [-76.89815985512041, 39.03074546354947], [-76.89847733068028, 39.03030354540904], [-76.8984964051848, 39.03027767083939], [-76.89895240518479, 39.02967467083939], [-76.89895819469766, 39.029667072068285], [-76.8990606006016, 39.02953366254207], [-76.89930012047934, 39.02921083140248], [-76.89946175702813, 39.02898454023418], [-76.89952370507389, 39.02888918200646], [-76.89955656583156, 39.028834590747714], [-76.8995921613072, 39.02876695934401], [-76.89960699764049, 39.02873662728482], [-76.89962732550376, 39.02868377484033], [-76.89964276232463, 39.02863939398034], [-76.89964501241835, 39.0286298935846], [-76.89964819291573, 39.02860678197036], [-76.89965134314662, 39.028561497401405], [-76.89965196718092, 39.02840299268519], [-76.8996116571091, 39.02804584544862], [-76.89954166627645, 39.02761171312179], [-76.89954088749303, 39.02760680978705], [-76.89946188749302, 39.02710180978705], [-76.89945360931017, 39.02703509665325], [-76.89941960931016, 39.02666509665326], [-76.8994154258176, 39.02659077457744], [-76.8994084258176, 39.026253774577434], [-76.89941168245456, 39.02614658621938], [-76.89943568245455, 39.025852586219386], [-76.89943884348224, 39.02582008329119], [-76.89950184348227, 39.02526208329118], [-76.89950465442794, 39.025239390260104], [-76.89958061614134, 39.02467608976205], [-76.89965282817506, 39.024074010208295], [-76.8996688080769, 39.02379814663969], [-76.89967611863244, 39.023433532681445], [-76.8996732308643, 39.0230590854118], [-76.89968042352939, 39.02292805385358], [-76.89970395384702, 39.02279818701694], [-76.89974359890441, 39.02267071518611], [-76.89979898312694, 39.02254684595642], [-76.89986958183609, 39.022427752794215], [-76.89995472622005, 39.022314563920084], [-76.9000536096695, 39.0222083516208], [-76.90016529541916, 39.02211012209099], [-76.900288725422, 39.02202080590116], [-76.90042273037268, 39.02194124918186], [-76.90056604078481, 39.02187220560801], [-76.90071729901743, 39.021814329259], [-76.90087507213637, 39.02176816842232], [-76.90103786548926, 39.02173416039936], [-76.90120413686482, 39.02171262736272], [-76.90137231110302, 39.02170377330407], [-76.90314231110301, 39.02167777330406], [-76.90318360779008, 39.021677549882305], [-76.90433613632648, 39.021682007174995], [-76.90446460132004, 39.02117256614406], [-76.90468373479939, 39.020306037311016], [-76.90538568867478, 39.01752621996968], [-76.90594978799659, 39.01529582695287], [-76.90611259904381, 39.014653479020076], [-76.90580844207913, 39.01444209949431], [-76.90567993396233, 39.014464994302], [-76.90552092150723, 39.01448147547728], [-76.90536063125175, 39.014486437727456], [-76.90520043854423, 39.01447983847461], [-76.90504171789605, 39.014461734342724], [-76.90488583118777, 39.01443228067182], [-76.90389503406237, 39.014206794693195], [-76.90324249501377, 39.01450576929619], [-76.90254424624324, 39.01482642431099], [-76.90239975300594, 39.01488581369032], [-76.90224870859691, 39.014934341803844], [-76.9020924579211, 39.01497157655547], [-76.90193239224025, 39.01499718640559], [-76.90176993678509, 39.01501094332317], [-76.90160653806488, 39.01501272481612], [-76.90144365098786, 39.015002515021926], [-76.90128272590653, 39.01498040484902], [-76.90046958504317, 39.014837609380336], [-76.89961245652464, 39.01469277053346], [-76.89944055230058, 39.01465642717193], [-76.89927435579578, 39.01460653603026], [-76.89911562548099, 39.01454362499027], [-76.89896604082959, 39.01446835969305], [-76.89882718454777, 39.01438153649604], [-76.8986204594189, 39.01423805505903], [-76.89857154739323, 39.014257476372634], [-76.89841542395797, 39.014305285297766], [-76.89825408727694, 39.01434111492525], [-76.89808905166684, 39.01436462895585], [-76.89792186616276, 39.01437560668531], [-76.8977540999788, 39.01437394507597], [-76.8975873277794, 39.01435965972377], [-76.89742311489938, 39.014332884712], [-76.89714211489937, 39.01427588471199], [-76.89698959029961, 39.01423902381552], [-76.896842078725, 39.014191386675854], [-76.89670083478545, 39.014133378454595], [-76.89656705978356, 39.014065492521084], [-76.89644189149747, 39.013988306256216], [-76.89567150662418, 39.013466480453644], [-76.89555720536703, 39.013477652898], [-76.89538514095037, 39.01348107309041], [-76.89521349001818, 39.013471186869346], [-76.89504394814163, 39.01344809189107], [-76.89472094814164, 39.013391091891066], [-76.89456473499347, 39.01335747376003], [-76.89441324526491, 39.013312639965456], [-76.89426780585379, 39.01325698320635], [-76.89412969066316, 39.01319099097997], [-76.89400010944337, 39.01311524131194], [-76.89388019719568, 39.01303039769322], [-76.8937710042309, 39.01293720326867], [-76.89367798751718, 39.01284112309848], [-76.89360530242652, 39.0128942215984], [-76.89347125457658, 39.0129745293185], [-76.89332777543112, 39.01304427700149], [-76.89314377543111, 39.013124277001495], [-76.89299997315533, 39.01318015121282], [-76.89285013237125, 39.0132254111014], [-76.892695543877, 39.01325966677754], [-76.89253753936964, 39.013282623146935], [-76.89237747997338, 39.01329408245275], [-76.89221674451416, 39.01329394597921], [-76.8920567176419, 39.013282214901956], [-76.88912771764193, 39.01296021490196], [-76.88892655079643, 39.012928542509925], [-76.88871801586878, 39.01288556202865], [-76.88809469459044, 39.01286641825475], [-76.8879199191655, 39.0128541269738], [-76.88774763976805, 39.01282813647394], [-76.88757962541496, 39.01278871363348], [-76.88741760132841, 39.012736263258056], [-76.88726323122066, 39.01267132392395], [-76.88711810021061, 39.0125945624479], [-76.88698369854737, 39.01250676703992], [-76.88686140630779, 39.0124088392098], [-76.88675247922556, 39.012301784510065], [-76.88674493797612, 39.01229259525956], [-76.88671398468304, 39.01230198888275], [-76.88646552025385, 39.012382319487685], [-76.88622434488303, 39.01244458594408], [-76.88596434488304, 39.01249558594407], [-76.88590975565958, 39.01250556534299], [-76.8856797556596, 39.01254456534299], [-76.88556503983735, 39.01256089032175], [-76.88538303983735, 39.01258189032175], [-76.88521713149166, 39.01259472079505], [-76.88510454218351, 39.01259918468833], [-76.88507985585889, 39.01263193409248], [-76.88498191554775, 39.012737138191746], [-76.88487141034595, 39.01283451534183], [-76.88474936730417, 39.012923160505984], [-76.88461692070736, 39.01300224980376], [-76.88447530153259, 39.01307104816824], [-76.8843258260081, 39.01312891617789], [-76.88416988338015, 39.01317531599939], [-76.88400892300116, 39.01320981638636], [-76.88384444085924, 39.01323209668743], [-76.88367796567421, 39.013241949826394], [-76.88351104468956, 39.013239284226785], [-76.88345504468955, 39.01323628422679], [-76.88344234571402, 39.01323556742088], [-76.88309075038441, 39.01321471007081], [-76.8829931377801, 39.01320913220771], [-76.8828841220346, 39.013203394536895], [-76.88286539917681, 39.013202329774245], [-76.88268539917682, 39.01319132977424], [-76.8826820172251, 39.01319112050582], [-76.88225258306932, 39.01316421859815], [-76.88220514914526, 39.01316131448036], [-76.8820511780329, 39.01314646349398], [-76.88200020293051, 39.01313973093329], [-76.88165042780494, 39.01309419807671], [-76.88164980023318, 39.01470140938196], [-76.88164144037779, 39.0148332393966], [-76.8816165439786, 39.014963800564], [-76.88157534991848, 39.01509184013964], [-76.88151825345763, 39.0152161295739], [-76.88144580244101, 39.015335476300024], [-76.88135869204172, 39.01544873517695], [-76.8812577580908, 39.015554819476996], [-76.88114396905732, 39.01565271131307], [-76.88101841675585, 39.01574147140544], [-76.88088230587044, 39.01582024809416], [-76.88073694239559, 39.01588828551079], [-76.88058372110507, 39.01594493083107], [-76.88042411216902, 39.01598964053874], [-76.88025964704755, 39.01602198564072], [-76.8800919037962, 39.01604165578325], [-76.87992249192449, 39.016048462229776], [-76.87893149192448, 39.01605046222977], [-76.87892395757305, 39.016050464683104], [-76.86868242492801, 39.016036465321946], [-76.86445889227802, 39.01603246576451], [-76.86046221502353, 39.01602746502014], [-76.86029508580806, 39.01602096545491], [-76.86012954302788, 39.01600194571745], [-76.85996713230384, 39.01597058338905], [-76.85980937001372, 39.01592717128991], [-76.85965772913436, 39.0158721147451], [-76.85951362548889, 39.01580592780028], [-76.85937840452766, 39.01572922842209], [-76.85925332876626, 39.01564273272848], [-76.85913956599765, 39.01554724830251], [-76.859038178389, 39.0154436666522], [-76.85895011256449, 39.015332954886816], [-76.85887619076698, 39.01521614668723], [-76.85881710318102, 39.01509433265484], [-76.85877340148882, 39.014968650128914], [-76.85874549371928, 39.01484027256761], [-76.8587336404385, 39.01471039859181], [-76.85873795231682, 39.014580240793926], [-76.85875838909556, 39.014451014416345], [-76.85879475996298, 39.014323926005055], [-76.85895075996298, 39.01388092600506], [-76.859023929817, 39.01367344401388], [-76.8590296131001, 39.01365770327398], [-76.85931511883713, 39.01288498638163], [-76.85972444464016, 39.01163044215355], [-76.85973491260789, 39.01159986850946], [-76.86005191260791, 39.01071586850945], [-76.86006093462055, 39.01069159114947], [-76.86034160027371, 39.0099620560371], [-76.861161807713, 39.0076136412744], [-76.86117496570687, 39.007577921101245], [-76.86146296570688, 39.006834921101245], [-76.8614678549655, 39.00682252360583], [-76.86186322736003, 39.005836930220404], [-76.86178340417146, 39.00573164847336], [-76.86178001929517, 39.00572716428473], [-76.8616607672949, 39.005568482187584], [-76.86156160321762, 39.00543975958732], [-76.86148759370934, 39.00533308272692], [-76.86142620599622, 39.00522166212774], [-76.86137793694887, 39.00510639962526], [-76.86134317725573, 39.00498822815129], [-76.8613222082609, 39.00486810418274], [-76.8613151996869, 39.004747], [-76.8613151996869, 39.004686], [-76.86131521248313, 39.004680820061644], [-76.86132518930323, 39.00266151167297], [-76.86131820811273, 39.0009202032962], [-76.86131826907358, 39.00090393804106], [-76.86133009673931, 38.999875916762015], [-76.8613183524093, 38.9991878947621], [-76.8613181996869, 38.99917], [-76.8613181996869, 38.997979], [-76.86131821744053, 38.997972898642935], [-76.86133020632604, 38.995912808480995], [-76.86133620216968, 38.99315771833348], [-76.86133690867673, 38.99290866034289], [-76.86077553341293, 38.99287820274879], [-76.86076938045103, 38.992877860348884], [-76.86020838045104, 38.99284586034888], [-76.86020444573867, 38.99284563240238], [-76.8601114257514, 38.99284016063842], [-76.85990341234104, 38.99282961617984], [-76.85989151411405, 38.99282898102429], [-76.85978651449085, 38.99282309319495], [-76.85902899844747, 38.99278198767322], [-76.8582904966041, 38.99275158454288], [-76.85824824556542, 38.992749441836224], [-76.85533422843473, 38.992573802447524], [-76.85486621437177, 38.99254813079006], [-76.8548557478027, 38.99254753187055], [-76.85416774780269, 38.992506531870546], [-76.85413435134222, 38.99250428851841], [-76.85349235134223, 38.99245628851841], [-76.8534837141094, 38.9924556257443], [-76.85305171410943, 38.992421625744306], [-76.85299816416087, 38.99241675484419], [-76.85263016416084, 38.99237875484418], [-76.8525103381426, 38.99236303524504], [-76.85193496122014, 38.99227129403731], [-76.85187694536404, 38.99226213363898], [-76.85161992072531, 38.992225549840036], [-76.85094242910321, 38.992129472811754], [-76.85069865469755, 38.99209627056295], [-76.85058107696867, 38.99208347298702], [-76.85054166217732, 38.992078822451894], [-76.85044518881121, 38.99206655416256], [-76.85031972259549, 38.99205946259385], [-76.8500376667875, 38.99205045344028], [-76.84986938397391, 38.99205986786342], [-76.84973111320222, 38.99207013549498], [-76.84956285486973, 38.992089346091994], [-76.84945489198701, 38.992105955766256], [-76.84926699979339, 38.992142995446], [-76.84866197873738, 38.99229053892438], [-76.84817024542528, 38.99241098372351], [-76.84791653359466, 38.992473450651495], [-76.84699456158565, 38.99270914274402], [-76.84695657708652, 38.99271847786475], [-76.84662025566811, 38.99279783460392], [-76.8462531876617, 38.992891907309094], [-76.84585453517506, 38.99299886285429], [-76.84583518413618, 38.99300395543619], [-76.84540118413615, 38.993115955436174], [-76.84533967861431, 38.993130845817106], [-76.84496648047714, 38.99321530644815], [-76.84463026592701, 38.99329372383594], [-76.84454685937631, 38.99331142442465], [-76.84431185937629, 38.99335642442465], [-76.84420328922621, 38.993374364478754], [-76.84395928922623, 38.99340836447875], [-76.84389771671398, 38.99341605673972], [-76.84368071671399, 38.993440056739715], [-76.84360738137538, 38.993446929567476], [-76.84330838137537, 38.99346992956748], [-76.84319147823541, 38.99347582414854], [-76.84298347823541, 38.993480824148534], [-76.84278534923871, 38.993476758145626], [-76.84232534923873, 38.99344675814562], [-76.84215940881451, 38.99342961905632], [-76.84187740881451, 38.99338961905633], [-76.84180494814171, 38.99337809189109], [-76.8415499481417, 38.99333309189109], [-76.84141587073475, 38.993304989775886], [-76.84125384291886, 38.99326554480198], [-76.84121992212405, 38.993260555669316], [-76.84109287330202, 38.993233960046666], [-76.84088987330203, 38.99318496004666], [-76.84083548347327, 38.99317106061473], [-76.83960128058675, 38.9928379745345], [-76.83907812618449, 38.992702777329434], [-76.8390620397677, 38.992698551930694], [-76.8385565233912, 38.9925636171919], [-76.83806646618729, 38.99243875587365], [-76.83770731437428, 38.992354859518386], [-76.83751984998979, 38.99231131464167], [-76.83722948060817, 38.99226280256581], [-76.837046303853, 38.992241942579454], [-76.83689724289363, 38.992230613946546], [-76.83668471254266, 38.992225942949815], [-76.83662574643544, 38.992224679390375], [-76.83634790167224, 38.99223881907299], [-76.83617665441099, 38.99225295112852], [-76.8360934161625, 38.99225824465699], [-76.8352664161625, 38.99229524465699], [-76.83523742227646, 38.99229635223135], [-76.83307592302198, 38.99236479805446], [-76.8325454057817, 38.99238996858046], [-76.83250890169975, 38.992391399861106], [-76.83192790169973, 38.9924093998611], [-76.83189228507369, 38.99241021785865], [-76.83142428507371, 38.992417217858645], [-76.83140629669583, 38.99241741419754], [-76.83111529669586, 38.99241941419754], [-76.83107870250953, 38.99241936486447], [-76.83087092063393, 38.99241737652116], [-76.83040013877914, 38.99241338684442], [-76.830362634033, 38.99241275285583], [-76.82977063403298, 38.99239775285584], [-76.82973882007693, 38.99239671887434], [-76.82913382007695, 38.99237271887434], [-76.82908416522888, 38.992370192123616], [-76.82858516522884, 38.992339192123616], [-76.82849949202122, 38.99233219742496], [-76.82818349202122, 38.99230019742495], [-76.82816813949098, 38.99229858837463], [-76.827725139491, 38.99225058837464], [-76.8277209420437, 38.992250129497265], [-76.8274489420437, 38.99222012949727], [-76.82737815033038, 38.99221115435405], [-76.8271061503304, 38.992172154354044], [-76.82704380906678, 38.99216229125223], [-76.82652980906676, 38.99207329125223], [-76.82651255737403, 38.99207023203982], [-76.82561518442351, 38.99190734585838], [-76.82541681156962, 38.991871459311945], [-76.82539645148202, 38.99186767501854], [-76.8242436032551, 38.99164765821531], [-76.82358676267283, 38.99152561683823], [-76.82358413888731, 38.991525127656026], [-76.82268613888732, 38.99135712765602], [-76.82266812363352, 38.99135367779131], [-76.82178512363352, 38.991180677791306], [-76.82176749308327, 38.99117714678347], [-76.82107849308326, 38.99103614678348], [-76.82102169996243, 38.99102371587983], [-76.82018569996244, 38.99082871587983], [-76.82000421660342, 38.990777649844595], [-76.81964221660343, 38.99065764984459], [-76.81961010313836, 38.99064670435803], [-76.81923610313835, 38.99051570435802], [-76.81914987877396, 38.990483242390304], [-76.81879787877396, 38.990341242390315], [-76.81866769357042, 38.99028301898301], [-76.81821969357041, 38.990062018983004], [-76.81818387942826, 38.99004386578324], [-76.81769987942826, 38.989791865783246], [-76.81763073373, 38.989753929406724], [-76.81725314766398, 38.989535832620504], [-76.8170348114619, 38.989415467791126], [-76.81690034634396, 38.98933329059996], [-76.81677695162853, 38.98924119681463], [-76.8166658301728, 38.98914008416947], [-76.81656806519369, 38.98903093831507], [-76.81648460970855, 38.98891482321006], [-76.81641627724521, 38.988792870749684], [-76.81636373391156, 38.988666269731965], [-76.81632749190234, 38.98853625426926], [-76.81630790450629, 38.98840409175812], [-76.81630516266223, 38.98827107052459], [-76.81631929309776, 38.98813848726559], [-76.81635015806876, 38.988007634408646], [-76.81639745670215, 38.98787978751325], [-76.81646072792869, 38.98775619283663], [-76.81653935497768, 38.98763805518522], [-76.81663257138914, 38.987526526170114], [-76.8167394684853, 38.98742269298113], [-76.81685900422852, 38.98732756778881], [-76.81699001337904, 38.98724207787781], [-76.81713121885382, 38.987167056607554], [-76.8173453095935, 38.98706499009212], [-76.8175311636114, 38.98696409791098], [-76.81799303339676, 38.98667215282162], [-76.81806243345544, 38.986630508572304], [-76.81871496801904, 38.98625905054067], [-76.81891669207715, 38.98614267127636], [-76.81926908060555, 38.98590442598869], [-76.81939940376753, 38.98579948154772], [-76.81948931018081, 38.98572533192851], [-76.8196401225278, 38.98561498090327], [-76.82017311820583, 38.98526928090274], [-76.82038411892664, 38.98513158559669], [-76.82040356388323, 38.98511908273062], [-76.82096614299739, 38.984762684443645], [-76.8210316637148, 38.98471984397456], [-76.82170247848964, 38.98427828239172], [-76.82170806945433, 38.98427461788266], [-76.82179740804806, 38.984216312695175], [-76.82179847530969, 38.984215045321974], [-76.82182373431058, 38.984169281955666], [-76.82190397877035, 38.98404264409487], [-76.82197162563843, 38.98394865055186], [-76.82193544062385, 38.98389925513513], [-76.82182603446132, 38.9837205452072], [-76.82177403446131, 38.9836165452072], [-76.82171750547532, 38.98348335052522], [-76.82167907872449, 38.98334630510402], [-76.82166311251662, 38.983270639162406], [-76.82163728417125, 38.983177657119036], [-76.82160691598835, 38.98302802156078], [-76.82154491598835, 38.982549021560786], [-76.82153791975888, 38.98247404123244], [-76.82150191975889, 38.98184604123244], [-76.82150175722704, 38.981728864490556], [-76.82151975722704, 38.981398864490565], [-76.82152179535547, 38.98136921424732], [-76.82153979535546, 38.981152214247324], [-76.82154534341844, 38.98110071602032], [-76.82156348618788, 38.98096388930064], [-76.82157637966142, 38.98069226679185], [-76.82157803387362, 38.98066494148748], [-76.82158043045908, 38.980632387868276], [-76.82138154419971, 38.98032340385818], [-76.82132378724305, 38.98022377611009], [-76.82127659750834, 38.9801208340352], [-76.82109759750833, 38.9796738340352], [-76.82104883667103, 38.97952121904346], [-76.82098283667105, 38.979247219043465], [-76.82096046072932, 38.979122261638636], [-76.82095320336302, 38.97899622363193], [-76.82096112819546, 38.9788702099649], [-76.82098416575182, 38.978745325365736], [-76.82102211406797, 38.97862266466436], [-76.82107464046116, 38.9785033031944], [-76.8211412844465, 38.97838828736601], [-76.82122146177399, 38.97827862549223], [-76.82140846177397, 38.97804862549223], [-76.82141265697634, 38.97804349130893], [-76.82160054523625, 38.977814691895645], [-76.821641281029, 38.97774733349818], [-76.82167668355261, 38.97766816952177], [-76.82172543562118, 38.97755027815599], [-76.82176003446125, 38.97747445479293], [-76.82182303446126, 38.97734845479293], [-76.8218850237294, 38.97723909673276], [-76.82194802372939, 38.97714009673276], [-76.82207722628968, 38.97696977481136], [-76.82214322628968, 38.976895774811354], [-76.82224231022923, 38.976795140420585], [-76.82235311042395, 38.97670219648779], [-76.82244611042397, 38.976631196487794], [-76.82260097119037, 38.976526243325594], [-76.82277071101463, 38.97643629196119], [-76.82288471101462, 38.97638329196119], [-76.82292259521692, 38.97636618126646], [-76.82303659521692, 38.976316181266455], [-76.82315220634547, 38.97626983627488], [-76.8232719613858, 38.97623037246793], [-76.82336780757895, 38.97620204057436], [-76.82331182396602, 38.97614921096782], [-76.82328119503795, 38.97611946006307], [-76.82325721124549, 38.97609547627061], [-76.82311606138842, 38.97595726653528], [-76.8230720613884, 38.97590726653529], [-76.82297563739068, 38.97578402030248], [-76.82294403539959, 38.975738280578526], [-76.82293345468078, 38.97572352326018], [-76.82288423794651, 38.975681944685256], [-76.8227886971281, 38.97558487169364], [-76.82270485858335, 38.97548145997621], [-76.82263341259551, 38.97537256097159], [-76.82257494741394, 38.97525907129795], [-76.82252994441076, 38.975141925370636], [-76.82252094441077, 38.975113925370636], [-76.82248277938237, 38.97495541319994], [-76.82246922643188, 38.97479448865057], [-76.82246722643187, 38.97451448865057], [-76.82246722977183, 38.97449905750713], [-76.82246797155132, 38.974401142615875], [-76.82246492854402, 38.97434819428887], [-76.82246547411292, 38.974218963713845], [-76.82247147411292, 38.97412796371383], [-76.82248480537075, 38.97401651340169], [-76.82250997899979, 38.97390630851314], [-76.8225495152757, 38.973767072063225], [-76.82254478072876, 38.973749062130246], [-76.82252778072878, 38.97366606213024], [-76.82250676913453, 38.973488552171304], [-76.82250376913454, 38.973397552171306], [-76.82250682862094, 38.9732758141396], [-76.82251382862096, 38.973191814139604], [-76.82253829672722, 38.97303726154735], [-76.82255329672721, 38.972973261547345], [-76.82255381787652, 38.97297104844743], [-76.82262881787652, 38.972654048447424], [-76.82266431820271, 38.972534739348035], [-76.82271359378305, 38.972418430825726], [-76.82277623759522, 38.97230608360303], [-76.8229352375952, 38.972053083603036], [-76.82294877614842, 38.97203200999361], [-76.82323816286127, 38.97159123890211], [-76.82324164915252, 38.97155347074683], [-76.82324404938521, 38.971530273575304], [-76.82325296058363, 38.97145254812244], [-76.82325289753861, 38.97145085851566], [-76.82324216305385, 38.97137333168138], [-76.82323284795453, 38.97119213445374], [-76.82323984795455, 38.970993134453735], [-76.82324831009724, 38.97089196754901], [-76.82326762665559, 38.970746020219146], [-76.82325094519494, 38.970721797216406], [-76.8231895265467, 38.97060908582031], [-76.82314752654668, 38.97052108582031], [-76.82308877753131, 38.97037210855069], [-76.82305252748331, 38.97021884997347], [-76.82303552748333, 38.97011284997347], [-76.8230221996869, 38.969946], [-76.8230221996869, 38.969848], [-76.82302442503233, 38.969779712170556], [-76.82303042503233, 38.96968771217055], [-76.82304514559351, 38.96956795943772], [-76.82307353452669, 38.96944970549589], [-76.82315153452669, 38.96918970549589], [-76.8232013594984, 38.96905548419525], [-76.8232687782261, 38.96892599840469], [-76.82334077822611, 38.96880599840469], [-76.82342922555029, 38.968677275286986], [-76.82353504876191, 38.96855675123159], [-76.82372204876192, 38.9683667512316], [-76.82377921740286, 38.96831386070872], [-76.82382784630596, 38.968227681590214], [-76.82391231333186, 38.96811103995746], [-76.82394231333186, 38.96807403995747], [-76.82403444787288, 38.96797131936823], [-76.82413844371371, 38.96787569956601], [-76.82425340214469, 38.96778800687653], [-76.82427172248221, 38.96777527579454], [-76.82428251307296, 38.9677462760819], [-76.82433835951656, 38.96761998852165], [-76.82440999903679, 38.967498622778656], [-76.82448664036404, 38.96739677613456], [-76.82443741231906, 38.96734425341202], [-76.82434821982534, 38.96722520708737], [-76.82427511981265, 38.967099695585944], [-76.82421887675702, 38.966969031500355], [-76.82412387675703, 38.96670403150034], [-76.82408732522039, 38.96657955599347], [-76.8240263252204, 38.96631455599348], [-76.82400820468153, 38.966214233641054], [-76.82399262994792, 38.96609586566578], [-76.82395150611936, 38.96594485357396], [-76.82390371690917, 38.96577264762691], [-76.82385349694388, 38.96562846772653], [-76.82384184609673, 38.965593130554886], [-76.82378084609671, 38.96539713055488], [-76.8237447988179, 38.96524224193489], [-76.8237322122832, 38.96508513931193], [-76.8237312122832, 38.964881139311935], [-76.82373926578194, 38.96474609988563], [-76.82376466888101, 38.96461236792021], [-76.82378466888102, 38.96453436792021], [-76.82381736980186, 38.96442908485601], [-76.82384736980184, 38.964347084856016], [-76.82391529426339, 38.96419610485935], [-76.82395829426338, 38.964116104859336], [-76.8239833626493, 38.96407707505206], [-76.8239824445227, 38.96405071170213], [-76.82397103108086, 38.96395818129878], [-76.82320429118006, 38.963639632354486], [-76.82314781111153, 38.96361510170802], [-76.8226738111115, 38.96340010170801], [-76.82260793389997, 38.96336866782464], [-76.82224693389998, 38.96318766782464], [-76.8221371901928, 38.96312784560512], [-76.82198702782684, 38.96303905912682], [-76.82191247638113, 38.96301327089088], [-76.82177821978976, 38.96296130192017], [-76.82165024445469, 38.962900491134455], [-76.82156224445471, 38.962854491134465], [-76.82144614208285, 38.9627881880202], [-76.82133752158013, 38.96271460822667], [-76.82123713413982, 38.96263426061402], [-76.82113713413982, 38.962547260614016], [-76.8209957258621, 38.96240646223494], [-76.82091972586208, 38.96231946223493], [-76.82082895039386, 38.962203356807954], [-76.82075366746598, 38.96208072746595], [-76.820701667466, 38.96198372746595], [-76.82063440068602, 38.96183399955027], [-76.82059236143327, 38.96168668944041], [-76.82055224844854, 38.96166191985458], [-76.82044777402197, 38.961585644738754], [-76.82041877402196, 38.961562644738756], [-76.82031463800128, 38.961472245472315], [-76.82022138123952, 38.96137492070483], [-76.82019438123953, 38.96134392070482], [-76.82014111129537, 38.96127881926758], [-76.82010811129535, 38.96123581926758], [-76.82003371464145, 38.96112804624008], [-76.81997218703998, 38.961015467394986], [-76.81993818704, 38.960944467394974], [-76.81988909181615, 38.96082530255107], [-76.81980270356154, 38.96057640173824], [-76.81969900769815, 38.960339662125605], [-76.81960951084824, 38.96019965171625], [-76.81955413924499, 38.96012420790682], [-76.81948059497208, 38.96001215919635], [-76.81942080284661, 38.95989526177351], [-76.81938180284662, 38.959807261773506], [-76.81934114239368, 38.95970168909943], [-76.8193117064996, 38.95959388410664], [-76.81929251823212, 38.95950608324632], [-76.81924497877871, 38.959368976706806], [-76.81924435654312, 38.959367177196214], [-76.81924384252736, 38.959365686550456], [-76.81924288564755, 38.959363892400845], [-76.81920920223784, 38.95931591905972], [-76.81914611565605, 38.95923596048516], [-76.81910324891746, 38.959178498476966], [-76.81895324891747, 38.95896549847696], [-76.81894563791755, 38.95895457157791], [-76.81885263791756, 38.958819571577905], [-76.81877860419272, 38.95869786177951], [-76.81872055220173, 38.95857101051305], [-76.81867906165839, 38.958440284529644], [-76.81865306165838, 38.95833628452964], [-76.81863729741302, 38.958262296779594], [-76.81860429741302, 38.9580752967796], [-76.8185897316848, 38.95794866529703], [-76.8185905074663, 38.95783096685352], [-76.81837488137354, 38.95785256053284], [-76.81736767792565, 38.95796160815023], [-76.81734139928275, 38.957964293950845], [-76.81724379751707, 38.95797367873602], [-76.81685818968485, 38.95801302647399], [-76.8165523185865, 38.95804411518671], [-76.81654345979415, 38.95804499751789], [-76.81647469120341, 38.95805170664869], [-76.81640589549534, 38.95805925739713], [-76.81638475981106, 38.958061473980884], [-76.81635928114642, 38.958064021847356], [-76.81621979935944, 38.95807855120017], [-76.81619097433025, 38.95808136253147], [-76.81617551397999, 38.95808276801787], [-76.81586600819386, 38.95811589554849], [-76.81586098114929, 38.95811642777482], [-76.81547898114928, 38.95815642777482], [-76.81547161931726, 38.95815718614732], [-76.81448461931726, 38.95825718614732], [-76.81443089298382, 38.95826196708169], [-76.81373989298382, 38.95831496708169], [-76.81371099789278, 38.958316993347566], [-76.81356910934147, 38.95832601168769], [-76.81342182702893, 38.95834810403458], [-76.81327124953147, 38.95836539049101], [-76.81311930284748, 38.95837232293085], [-76.81296716070844, 38.95836884780361], [-76.81281599835562, 38.95835499195333], [-76.81260320283556, 38.95832806412517], [-76.81197681327069, 38.95831280700452], [-76.81184907336768, 38.95830601106694], [-76.81126507336768, 38.95825801106693], [-76.81124023182379, 38.958255828119256], [-76.81059896084336, 38.95819582615618], [-76.80990783373585, 38.958158128313954], [-76.80956094185025, 38.958167632201224], [-76.8093775115582, 38.95816509212732], [-76.809195455875, 38.958147468173586], [-76.80901681789427, 38.9581149581223], [-76.80884678974398, 38.958068792249485], [-76.80879159379722, 38.95806446719396], [-76.80874944182328, 38.958067374226644], [-76.80853365293441, 38.95808747878151], [-76.80837318170086, 38.95811433589173], [-76.80831002970116, 38.958123953747574], [-76.80814031797777, 38.95814726179542], [-76.80796636918187, 38.95818166211699], [-76.80743052185605, 38.95830460177244], [-76.80707478874953, 38.9584102487275], [-76.80680934495503, 38.95849267999134], [-76.80635876973042, 38.958671180123936], [-76.80608387085802, 38.958798902369274], [-76.80593552023247, 38.95886043376077], [-76.80577982865674, 38.958917641363016], [-76.80474484868832, 38.95937542096444], [-76.80474264996714, 38.95937639182419], [-76.80436550285751, 38.95954264055009], [-76.80361205252522, 38.95989548533701], [-76.80358629930137, 38.95990731124503], [-76.80279329930137, 38.96026431124503], [-76.80241989862996, 38.9604322429125], [-76.80158713163898, 38.96081285121507], [-76.80147404412088, 38.960860238547994], [-76.8011620007576, 38.96097959939734], [-76.80099973984774, 38.9610529502196], [-76.8004447892095, 38.961307497561265], [-76.79930119426348, 38.96188707459172], [-76.79928807150041, 38.96189365987185], [-76.79881882066746, 38.96212681581807], [-76.79865648580021, 38.96220987086643], [-76.79850739192378, 38.96227810720783], [-76.79835029317563, 38.962334430823404], [-76.79818675681399, 38.962378279814025], [-76.79801841432037, 38.962409216730684], [-76.79784694512351, 38.962426932938634], [-76.79767405984498, 38.96243125169634], [-76.79750148323352, 38.962422129918735], [-76.79733093695856, 38.96239965860707], [-76.79716412243432, 38.962364061941024], [-76.79700270384618, 38.96231569504226], [-76.79684829154813, 38.962255040431586], [-76.79670242599768, 38.96218270321528], [-76.7965665623877, 38.96209940504833], [-76.79644205612911, 38.96200597693503], [-76.79633014932891, 38.96190335093868], [-76.7962319583986, 38.96179255088306], [-76.79614846291658, 38.961674682138515], [-76.7960804958556, 38.96155092059445], [-76.7960287352729, 38.96142250092841], [-76.79599369754554, 38.96129070428857], [-76.79597573221905, 38.9611568455127], [-76.79594073221907, 38.960653845512695], [-76.7959400229475, 38.96064281504482], [-76.79590532951939, 38.96005500924821], [-76.79588568760258, 38.95977020145477], [-76.79588556967136, 38.95976847064822], [-76.79587942316783, 38.95967715116738], [-76.7958113062558, 38.95893370372727], [-76.79580286924134, 38.95885470259192], [-76.79579010234886, 38.95876214262145], [-76.79576964406505, 38.958664235120324], [-76.79575194213456, 38.95854765243117], [-76.79574734887733, 38.95843031336252], [-76.79575589915696, 38.95831310853857], [-76.79577089915696, 38.95819710853857], [-76.79577668583292, 38.95815807961766], [-76.7958216858329, 38.95788907961766], [-76.79583047617122, 38.9578428196176], [-76.79587347617122, 38.95764081961761], [-76.79588183164546, 38.9576046372355], [-76.79594883164546, 38.95733563723549], [-76.79595585356827, 38.95730889749399], [-76.79601385356828, 38.957098897494], [-76.79601884009172, 38.95708140956278], [-76.79612263351626, 38.95672851191933], [-76.79618230135968, 38.95649075851245], [-76.79618908817744, 38.956465049376206], [-76.79625308817744, 38.95623404937621], [-76.79625929864424, 38.95621249283762], [-76.79643670636584, 38.95561952681164], [-76.79655706843958, 38.95514572055315], [-76.79656062816011, 38.95513207850783], [-76.7967553847322, 38.95440498730533], [-76.79686249738556, 38.9540023230714], [-76.79707326092513, 38.95319505894811], [-76.79710266888094, 38.953080367920464], [-76.79710621409693, 38.953066900019536], [-76.79712300284127, 38.95300473629054], [-76.79716807402959, 38.9526317333526], [-76.79717297422765, 38.952551930126944], [-76.79718011841832, 38.95242254089609], [-76.79717930530124, 38.952133071213964], [-76.79715357410427, 38.95177460902177], [-76.7969361567962, 38.949357323860426], [-76.79689169475407, 38.94900730352858], [-76.79678855905955, 38.94820480960086], [-76.79677268561208, 38.9481025140504], [-76.79676534319782, 38.948044774650164], [-76.79666934319782, 38.94707777465016], [-76.79666421443989, 38.94696843809899], [-76.79666821443989, 38.946214438098984], [-76.79666852541587, 38.94619386684023], [-76.79668652541586, 38.94547186684024], [-76.7966894183243, 38.945415885794134], [-76.79673241832432, 38.94486788579413], [-76.79673649147496, 38.94482647822127], [-76.79680949147496, 38.944209478221275], [-76.79681075217866, 38.944199250049365], [-76.79684075217864, 38.94396525004937], [-76.79684135113384, 38.9439606578457], [-76.79685435113383, 38.9438626578457], [-76.7968660719723, 38.94379242770144], [-76.79692507197231, 38.94349942770144], [-76.79693406889898, 38.94345881878933], [-76.79706006889897, 38.942937818789325], [-76.79706466955477, 38.94291949489166], [-76.79712766955477, 38.94267749489166], [-76.7971486627269, 38.94260671663495], [-76.7972606627269, 38.94227071663494], [-76.79728325950636, 38.94220901100262], [-76.79761725950637, 38.941373011002625], [-76.79765085081044, 38.94129700703937], [-76.79768385081043, 38.94122900703937], [-76.79768498731701, 38.94122667169728], [-76.79790898731702, 38.94076767169728], [-76.79798320318089, 38.940636944833635], [-76.7981662031809, 38.940355944833634], [-76.79820613879019, 38.94029815706038], [-76.79834728501982, 38.94010532347908], [-76.79844843423827, 38.939966491218435], [-76.79855587656607, 38.939836913519294], [-76.79865862326753, 38.93972731703774], [-76.79868400418917, 38.939694198030224], [-76.79949737456205, 38.938542905666694], [-76.79951655902522, 38.938516461163005], [-76.79958479083794, 38.93842483558592], [-76.79962801737912, 38.93836623960787], [-76.80030984889756, 38.93744189075637], [-76.80058090149157, 38.93706609241415], [-76.80087571535627, 38.93660833031117], [-76.8008802523529, 38.93660133648069], [-76.8009951270123, 38.936425528306245], [-76.80105392508143, 38.93633547050416], [-76.80113813042266, 38.9361883008087], [-76.8014363889645, 38.9356300219996], [-76.8014841380279, 38.935536325724264], [-76.80148486363056, 38.93553490425513], [-76.80177218165255, 38.934972972749556], [-76.80192585172092, 38.93465314691975], [-76.80192957875131, 38.93464546153726], [-76.80223057875132, 38.93403046153726], [-76.80223188228454, 38.9340278065941], [-76.80226488228453, 38.9339608065941], [-76.80226916565643, 38.933952198406054], [-76.8029299725151, 38.93263758264333], [-76.80335877967899, 38.931782966967106], [-76.80337400324336, 38.93175364662352], [-76.80393072351609, 38.9307166186645], [-76.80402624744868, 38.93053206271707], [-76.80424300457408, 38.93010051898562], [-76.80424438659324, 38.93009777635782], [-76.80460967130865, 38.929375191292365], [-76.80503266052551, 38.92853288304708], [-76.80516249944048, 38.92814416777691], [-76.8051735557817, 38.92810657621678], [-76.80519076354537, 38.92793702913355], [-76.80518637001582, 38.92777446854026], [-76.8051741092375, 38.92769477348117], [-76.80507222772502, 38.92746226171258], [-76.80492751529852, 38.92724407127108], [-76.80490090052386, 38.9272146549412], [-76.80489751301782, 38.927210897275366], [-76.8047199389229, 38.92701320394802], [-76.80438219503792, 38.926675460063024], [-76.80437907948304, 38.92667233505628], [-76.80372107948303, 38.92601033505627], [-76.80371703013923, 38.926006244928246], [-76.80366388515118, 38.92595235141926], [-76.80334951797668, 38.925654977065], [-76.80331426632112, 38.9256204970016], [-76.80297026632111, 38.92527249700159], [-76.80295223966652, 38.92525393120282], [-76.80280823966652, 38.92510293120282], [-76.802783672303, 38.925076507259526], [-76.80249367230302, 38.924756507259524], [-76.80237764696102, 38.92460927295484], [-76.80213464696101, 38.92425127295484], [-76.80205131110846, 38.924109096027934], [-76.80190531110846, 38.92381609602794], [-76.80183843906018, 38.923651205894515], [-76.80167842086189, 38.92314562692442], [-76.8016425767164, 38.923039013568584], [-76.801641662727, 38.92303628336528], [-76.80161966272698, 38.92297028336528], [-76.80157448266048, 38.922778621572185], [-76.80153748266049, 38.92251562157219], [-76.80152769177184, 38.922401119836884], [-76.80153045772924, 38.92228638514258], [-76.80156045772925, 38.92190638514258], [-76.80156193496647, 38.92188942280532], [-76.80156747028035, 38.921831302009515], [-76.80158405114442, 38.92163818371034], [-76.80159933844118, 38.921528226549135], [-76.80171563112205, 38.92092465792436], [-76.80174507794662, 38.92072120713655], [-76.80174881187176, 38.920697327838006], [-76.80181081187175, 38.92032832783801], [-76.80181660131537, 38.920296778602115], [-76.80189960131537, 38.91987977860211], [-76.80190925404379, 38.91983605444407], [-76.80209288284603, 38.91907916821355], [-76.8020934444833, 38.919074955933965], [-76.80211473339355, 38.91896208667135], [-76.80214821618496, 38.918851023005324], [-76.8021936528686, 38.91874256098817], [-76.8022040739822, 38.91872085033484], [-76.80223319968691, 38.91852593215719], [-76.80223319968691, 38.918336414961814], [-76.80222827316162, 38.91826744360781], [-76.8022203914566, 38.91822606465645], [-76.8022174206655, 38.91821683398408], [-76.80217814195152, 38.9181443194352], [-76.8021252523052, 38.91803327828965], [-76.80208792871068, 38.917942915902906], [-76.80207984487957, 38.91792351470825], [-76.80206074803345, 38.91788350226877], [-76.8019598669345, 38.91772469589364], [-76.80188082532418, 38.91761118500963], [-76.80181651699165, 38.917536420037685], [-76.80180225927279, 38.91752082565768], [-76.80173652209182, 38.91744995275944], [-76.80133226362489, 38.917106206994426], [-76.8008563101808, 38.91671366807147], [-76.80082783373301, 38.916689603748175], [-76.80046983373302, 38.91637960374817], [-76.80039617974414, 38.916311420809485], [-76.80008317974414, 38.91600142080948], [-76.79999979420023, 38.91591144315691], [-76.79973079420023, 38.91559444315691], [-76.79967563590625, 38.915524949744245], [-76.79947263590626, 38.91525094974424], [-76.79942307274379, 38.915179112409206], [-76.79934107274379, 38.91505111240921], [-76.79930737835431, 38.9149953590127], [-76.79915037835431, 38.91471935901269], [-76.79911434792771, 38.91465101606685], [-76.79891634792772, 38.91424401606685], [-76.79887375134088, 38.914145035888275], [-76.7988027513409, 38.913956035888276], [-76.7987886627269, 38.91391628336505], [-76.7987346627269, 38.913754283365044], [-76.79871731488458, 38.91369714502185], [-76.79866631488457, 38.91351114502186], [-76.79864613878193, 38.91342344469318], [-76.79860182596198, 38.91318576684061], [-76.79842595562997, 38.91260128235413], [-76.79830956372429, 38.9122757223861], [-76.7982530573669, 38.91214440479499], [-76.79820262769346, 38.91202757605147], [-76.798128270097, 38.91187283186425], [-76.79796139930924, 38.911600439843056], [-76.79776835653584, 38.91129527626693], [-76.79763000097344, 38.91107676989597], [-76.79749272483436, 38.91086894907431], [-76.79748663183796, 38.91085963630885], [-76.79724363183796, 38.910484636308844], [-76.7969824590279, 38.91008136955312], [-76.79698053529947, 38.91007839003084], [-76.79657953529949, 38.90945539003084], [-76.79657495978728, 38.90944822843938], [-76.79654895978727, 38.90940722843938], [-76.79649930719765, 38.90932151782934], [-76.79632250246952, 38.908985491163754], [-76.79632082843746, 38.908982422104955], [-76.7962919341636, 38.908925938991715], [-76.79613793416361, 38.90860393899172], [-76.79608627335055, 38.90847707892352], [-76.79595299033785, 38.90808319778145], [-76.79592971617801, 38.90801531481528], [-76.79589895239337, 38.907908264653905], [-76.79575595239339, 38.907294264653906], [-76.79574073969846, 38.90721586222626], [-76.79566262851044, 38.90671357762488], [-76.79558453038189, 38.90624498885358], [-76.7955520042546, 38.906114351129204], [-76.79548055482138, 38.905935727546186], [-76.7953675241564, 38.90571546266056], [-76.7952455308343, 38.90551146271637], [-76.79505663737365, 38.905265478321716], [-76.7949291310483, 38.905124580921125], [-76.79450556691808, 38.90475030729126], [-76.79376675575682, 38.90414450155587], [-76.79373000476001, 38.90411340460816], [-76.79362116871415, 38.90401836468079], [-76.79330041882841, 38.903768792438235], [-76.79323404851773, 38.90371418611724], [-76.79284904851772, 38.90337918611724], [-76.79273501503982, 38.903268796175134], [-76.79263650292198, 38.903149703173256], [-76.79255460046201, 38.903023222773626], [-76.79251734844368, 38.90295728241935], [-76.79250822323229, 38.90294663633938], [-76.79244569250831, 38.90286796116486], [-76.79235969250831, 38.90275096116486], [-76.7922906742418, 38.902646799432674], [-76.79207263077865, 38.90227932100984], [-76.7919987390361, 38.90216640778528], [-76.79199659978225, 38.90216312774914], [-76.79194529952836, 38.90208420428163], [-76.79188857025439, 38.90199731514046], [-76.79183698691469, 38.901928024087134], [-76.79169375791994, 38.901967005999104], [-76.79148969438779, 38.90202406641804], [-76.79137459203294, 38.90205276415946], [-76.79097859203294, 38.90213976415946], [-76.79078955680097, 38.902172539118716], [-76.79059455680098, 38.90219753911872], [-76.79058240105955, 38.902199063032484], [-76.79032940105954, 38.90223006303248], [-76.79026522107252, 38.90223697232816], [-76.78998522107251, 38.90226297232817], [-76.78993502242497, 38.9022670573], [-76.78950602242499, 38.902297057300004], [-76.78943334217503, 38.9023009427702], [-76.78916334217502, 38.90231094277019], [-76.78899994158043, 38.90231098994523], [-76.78888736255556, 38.902306885501616], [-76.78862379041915, 38.90231610668423], [-76.78851551491535, 38.90231725797671], [-76.78844251491535, 38.90231625797672], [-76.78841169870647, 38.90231562232439], [-76.78815769870647, 38.902308622324384], [-76.78805004873391, 38.902303039109725], [-76.7872240487339, 38.90224003910973], [-76.78715894795415, 38.90223410403816], [-76.78606594795416, 38.90211810403815], [-76.7860545700957, 38.902116866582936], [-76.78566069104232, 38.90207299144789], [-76.78492781219825, 38.90199211517217], [-76.7849148584846, 38.90199064679507], [-76.78379453532814, 38.9018602854829], [-76.78316010889068, 38.901799776603035], [-76.78279454405082, 38.90177655248379], [-76.7820569917036, 38.9017460454524], [-76.78181757368473, 38.901749056999805], [-76.78136467922768, 38.90176232169102], [-76.78118333090153, 38.901768700777865], [-76.78015327752281, 38.901815262231324], [-76.77826793785582, 38.90197367770127], [-76.77795760114495, 38.901999705967455], [-76.77794568890184, 38.90200067264824], [-76.77636468890182, 38.90212467264824], [-76.77633735188805, 38.90212664654559], [-76.7761474744182, 38.9021391765309], [-76.7760855917183, 38.902143660784525], [-76.77607009822823, 38.90214472891755], [-76.77596667466432, 38.902151494945095], [-76.7743392498236, 38.90226324944059], [-76.77433197110729, 38.90226373723019], [-76.77238897110729, 38.902390737230206], [-76.7723739210043, 38.90239166956194], [-76.7721690319293, 38.90240366306877], [-76.77154031507973, 38.90244052919148], [-76.77144348694146, 38.9024463975635], [-76.77143800079389, 38.902446723236075], [-76.7708530007939, 38.90248072323608], [-76.77001245731165, 38.90252929250105], [-76.76997465076107, 38.90253175814565], [-76.76992852767451, 38.90253428422975], [-76.76867127071615, 38.90259002958975], [-76.76730652552234, 38.90265762075739], [-76.76617003911913, 38.902716490553516], [-76.76593868785044, 38.90272833178972], [-76.76456160776249, 38.902828784515684], [-76.76311703321038, 38.902948588162566], [-76.76156981085012, 38.90308183224758], [-76.76003610315719, 38.90322135081613], [-76.75999548191658, 38.90322466873842], [-76.75912730549638, 38.90328753668609], [-76.75877812871414, 38.90331340163292], [-76.7587183756323, 38.90331701721645], [-76.75856937563229, 38.90332401721644], [-76.75839802569689, 38.90332545873744], [-76.75822733150083, 38.90331371720296], [-76.7580589642955, 38.90328890757331], [-76.75789457254895, 38.90325127275733], [-76.75773576580589, 38.903201181234074], [-76.75758409892873, 38.903139123445115], [-76.75744105687413, 38.90306570699264], [-76.75730804015387, 38.90298165069049], [-76.75718635112263, 38.9028877775263], [-76.75707718122665, 38.90278500660371], [-76.75698159933852, 38.9026743441435], [-76.75696193627796, 38.90264584814737], [-76.7568813027109, 38.90258566191067], [-76.75676921314455, 38.902483453946914], [-76.75667076291413, 38.90237306852788], [-76.75658693088583, 38.902255603188365], [-76.75651855058067, 38.90213222585705], [-76.75646630188704, 38.90200416324411], [-76.75643070430073, 38.901872688644275], [-76.75641211175967, 38.90173910927684], [-76.7563871158999, 38.90140416475589], [-76.75636612003518, 38.90112322009008], [-76.75634910666585, 38.90089504098983], [-76.7563489580434, 38.90089302148491], [-76.75633646956999, 38.90072106481243], [-76.75625507585086, 38.89977610358555], [-76.75625337192368, 38.89975346856988], [-76.75622849155455, 38.899367325240874], [-76.75620570239617, 38.899032134703184], [-76.75617927281813, 38.89876406326868], [-76.75617617640462, 38.8987253624423], [-76.7561283233709, 38.897946753706286], [-76.7561214924219, 38.89784331362128], [-76.75606350364247, 38.89696948270344], [-76.75601855069344, 38.896282209335226], [-76.75592666909652, 38.89494493261488], [-76.75592588953224, 38.894932511604765], [-76.75592216148313, 38.89486689794043], [-76.75588838939947, 38.89452823899051], [-76.75588811254606, 38.8945254245486], [-76.75586211254605, 38.8942574245486], [-76.75586011658278, 38.89423417387973], [-76.75578865769982, 38.89327741883567], [-76.75573029908126, 38.89261865883635], [-76.75572995486417, 38.89261468778711], [-76.75568095486416, 38.89203668778711], [-76.75568070836633, 38.8920337306099], [-76.75563758803511, 38.89150746656729], [-76.75563468789773, 38.89147919022776], [-76.75563453552387, 38.891477694075576], [-76.75561653552387, 38.89129969407558], [-76.75561139672735, 38.8911736741143], [-76.7556214189336, 38.89104783211573], [-76.7556444189336, 38.89088383211573], [-76.7556447998012, 38.89088114142986], [-76.7556507998012, 38.890839141429865], [-76.75565408932286, 38.890817683377854], [-76.75570108932287, 38.89053068337785], [-76.75572191657339, 38.89043254777223], [-76.75580291657337, 38.890122547772236], [-76.75581375878127, 38.89008395894006], [-76.75604715937351, 38.88930795184286], [-76.7563215677494, 38.88838294615394], [-76.75638196512452, 38.88817997003385], [-76.75652311823698, 38.88769587450026], [-76.75652561924602, 38.88768742323529], [-76.75662857686626, 38.88734456436396], [-76.75666127065575, 38.887235585065675], [-76.7567508579965, 38.88691287797808], [-76.7567864805877, 38.886783251326776], [-76.75679162083384, 38.88676515601481], [-76.75703835615441, 38.885924058282285], [-76.75724709306839, 38.88520796083106], [-76.7572478947471, 38.88520522379491], [-76.75742705538734, 38.884596473553216], [-76.75754829254821, 38.88416573664831], [-76.75755004364254, 38.884159584157736], [-76.75759004364252, 38.88402058415774], [-76.75760348878364, 38.88397723889494], [-76.75779629848148, 38.88339785529798], [-76.7581746185963, 38.88202374959594], [-76.75818724995126, 38.88197787783011], [-76.75821360828449, 38.881862486904716], [-76.75822425708218, 38.88176867606788], [-76.758226801887, 38.88171930685414], [-76.7581330060212, 38.881144807176014], [-76.75813210582537, 38.881139199436575], [-76.75805260468711, 38.88063536097286], [-76.75786112275394, 38.87946752064083], [-76.75785796849644, 38.87944703473226], [-76.75782432696577, 38.879213412991724], [-76.75780819956837, 38.87912174146959], [-76.75780049682103, 38.87907074295555], [-76.75777549682103, 38.878872742955544], [-76.7577678161182, 38.87877694908477], [-76.75775481611818, 38.87839794908477], [-76.75775904033627, 38.8782613225347], [-76.75780903288938, 38.877742169098596], [-76.75782085754398, 38.87753205408264], [-76.75782447229844, 38.877485933025554], [-76.75788247229842, 38.876908933025554], [-76.75788466281548, 38.87688903850399], [-76.75794714989107, 38.87636703108805], [-76.75798138071903, 38.87593507063993], [-76.75795761259161, 38.87558510545352], [-76.7579551996869, 38.875514], [-76.7579551996869, 38.87542738118129], [-76.75794484566389, 38.875242734437414], [-76.75794593590426, 38.875108283969496], [-76.75796424153576, 38.87497458736667], [-76.75799958029872, 38.874842975776424], [-76.75805160034346, 38.87471475958685], [-76.7581197837335, 38.874591215379795], [-76.75820345160231, 38.87447357322062], [-76.75830177091248, 38.87436300441106], [-76.75841376274981, 38.874260609827196], [-76.75853831206987, 38.87416740895859], [-76.75867417879994, 38.874084329757785], [-76.75882001018569, 38.87401219940112], [-76.75897435425995, 38.87395173605302], [-76.7591356742991, 38.87390354171556], [-76.75930236412351, 38.87386809623467], [-76.75947276408935, 38.87384575252256], [-76.75964517761288, 38.87383673304394], [-76.7598178880624, 38.87384112760105], [-76.76014388806239, 38.87386212760104], [-76.76014762900905, 38.87386237175903], [-76.76026862900906, 38.87387037175903], [-76.76048576605386, 38.87389559458546], [-76.76109208516705, 38.873996949422285], [-76.76121747952915, 38.87401034466571], [-76.76132911164005, 38.87400733918581], [-76.76133906614474, 38.87400709347598], [-76.76174006614475, 38.87399809347598], [-76.76213052501846, 38.873989338792164], [-76.76257115149565, 38.87395735783817], [-76.76257772209146, 38.87395689076194], [-76.76323872209147, 38.87391089076195], [-76.763393, 38.87390553323752], [-76.763591, 38.87390553323752], [-76.76375199993731, 38.873911368834506], [-76.7639859999373, 38.8739283688345], [-76.76416994192894, 38.87394953284196], [-76.7643499073692, 38.87398591942759], [-76.76454790736922, 38.87403491942759], [-76.76455353032826, 38.87403631918418], [-76.76580753032825, 38.87435031918418], [-76.76583312015568, 38.87435689825176], [-76.7660681201557, 38.87441889825176], [-76.76613986133268, 38.87443920818331], [-76.76640086133267, 38.87451820818331], [-76.7664936701354, 38.87454874728024], [-76.7668306701354, 38.87466874728024], [-76.76697693269809, 38.874727523760704], [-76.76711536193555, 38.874796840145514], [-76.76725236193556, 38.87487284014552], [-76.76736474039552, 38.874940768533364], [-76.76754574039552, 38.875059768533355], [-76.76768825734281, 38.87516480021326], [-76.76789156118414, 38.87533263402271], [-76.76814816238631, 38.87552301555979], [-76.76916543213918, 38.87616355388367], [-76.76918139936141, 38.87617373099047], [-76.76955339936141, 38.87641373099047], [-76.76960699008688, 38.876449769822806], [-76.76970871152672, 38.87652105492631], [-76.76976243466687, 38.87651935482695], [-76.76982517887393, 38.876510692295355], [-76.77002019966913, 38.876439083097125], [-76.77041817759007, 38.87624585001567], [-76.77045696795537, 38.87622756059104], [-76.7708349679554, 38.87605456059104], [-76.77105314365107, 38.875970178830904], [-76.77123714365105, 38.875911178830904], [-76.77137838655602, 38.87587137211045], [-76.77152353176791, 38.875841239097184], [-76.77167148714155, 38.87582100652697], [-76.77180848714156, 38.87580700652697], [-76.77200163102185, 38.87579576862769], [-76.77254664626166, 38.8757878411333], [-76.77301466211942, 38.87577893596899], [-76.77302167788795, 38.875778813542574], [-76.77340845507655, 38.87577267422213], [-76.77525440773185, 38.87565317307654], [-76.77539637891107, 38.87564853382786], [-76.77675643570532, 38.87564754325481], [-76.7776280892939, 38.87563677000821], [-76.77836073626916, 38.87562415489472], [-76.77957579802563, 38.8755847048377], [-76.77970824848653, 38.87558434891071], [-76.77984034652572, 38.87559187017854], [-76.78004734652572, 38.87560987017854], [-76.7800813248297, 38.87561308965412], [-76.7802373248297, 38.87562908965411], [-76.78035626639974, 38.87564458418094], [-76.780550222866, 38.8756752877142], [-76.78058263650486, 38.875645140763375], [-76.781006972299, 38.875221756394765], [-76.78118661907143, 38.87504014626965], [-76.78127351401307, 38.874952460519935], [-76.78144192015051, 38.874765538524436], [-76.78151159250581, 38.87469346372703], [-76.78245343266869, 38.87378416493208], [-76.78254979257787, 38.87366120567297], [-76.78259506549205, 38.873591238441975], [-76.78267402338943, 38.873408977295504], [-76.78276616587291, 38.873191364196224], [-76.7828287983859, 38.873065151427696], [-76.7829073817696, 38.87294446176171], [-76.78300112379034, 38.87283051192389], [-76.78310907939355, 38.87272445069268], [-76.7832301602313, 38.87262734731805], [-76.78336314563437, 38.87254018074183], [-76.78350669491842, 38.87246382972864], [-76.7836593608999, 38.87239906400664], [-76.78381960448593, 38.87234653650758], [-76.78398581019037, 38.872306776784285], [-76.78415630242037, 38.87228018567201], [-76.78432936236877, 38.872267031247475], [-76.78450324534202, 38.87226744612622], [-76.78467619834942, 38.872281426125674], [-76.78484647777555, 38.872308830307304], [-76.7850123669586, 38.872349382397495], [-76.78517219349669, 38.87240267357278], [-76.78555579583512, 38.872548727854806], [-76.78627747638997, 38.872760589631724], [-76.78674536304476, 38.87286947387854], [-76.78725433822568, 38.87295390104126], [-76.78771861022696, 38.87300637013728], [-76.78835976779393, 38.873041539117764], [-76.7887820646015, 38.873062403584534], [-76.789237867509, 38.873053031935974], [-76.78955748231479, 38.87304606214269], [-76.78964503842974, 38.873045875636365], [-76.78975903842974, 38.87304787563637], [-76.78976088176039, 38.8730479087394], [-76.7901231661883, 38.87305456488376], [-76.7907487227198, 38.87305553323751], [-76.791075, 38.87305553323751], [-76.79108588367784, 38.873055559847714], [-76.79145896014349, 38.87305738418251], [-76.79171505814972, 38.873050367798776], [-76.79187815541806, 38.87305187959151], [-76.79283515541806, 38.8730958795915], [-76.79287216168262, 38.87309789070911], [-76.79370116168263, 38.873149890709115], [-76.79380442251914, 38.87315880051121], [-76.79440442251915, 38.87322480051121], [-76.7944226400993, 38.873226881363564], [-76.79486164009928, 38.87327888136357], [-76.79516526185893, 38.87331507407424], [-76.79519029262502, 38.873318203941324], [-76.79538129262502, 38.87334320394132], [-76.79538307525029, 38.873343438013734], [-76.79592207525027, 38.87341443801373], [-76.79604685937633, 38.87343457557536], [-76.79675185937636, 38.87356957557537], [-76.79677420331885, 38.87357397710587], [-76.79729898076899, 38.87368024924183], [-76.79860744164179, 38.873902551089074], [-76.79866749135716, 38.87391362902771], [-76.7991468889461, 38.874009118791356], [-76.80008723949105, 38.87418475614393], [-76.8001029179902, 38.874187744749804], [-76.8013679179902, 38.874433744749794], [-76.80139472862005, 38.874439136076354], [-76.80173246168738, 38.87450929650989], [-76.80180721379509, 38.874368992553904], [-76.80184142004721, 38.8743089676495], [-76.80198242004722, 38.8740769676495], [-76.80198602014597, 38.87407108097248], [-76.80207402014597, 38.87392808097248], [-76.80214293813253, 38.87382728883063], [-76.80253493813252, 38.87330828883062], [-76.8026336266105, 38.8731918714136], [-76.80305204487271, 38.87274988029158], [-76.80355761592108, 38.87219897538701], [-76.80356935408886, 38.87218633988638], [-76.80383735408886, 38.87190133988639], [-76.80385077299985, 38.87188726280818], [-76.80425177299986, 38.871472262808176], [-76.80432429679222, 38.87140220397322], [-76.80447829679221, 38.87126320397322], [-76.8045839868555, 38.87117597578966], [-76.80469922269755, 38.87109640175086], [-76.80486722269754, 38.87099040175086], [-76.80497627714045, 38.87092695631483], [-76.80509140101826, 38.870870373648515], [-76.80526040101829, 38.87079437364852], [-76.8054071662952, 38.87073544965044], [-76.80556047799801, 38.87068767124683], [-76.80588347799801, 38.87060067124683], [-76.80608805915547, 38.87055629027643], [-76.80650971808686, 38.87048617387099], [-76.80686945654205, 38.870420333145766], [-76.80692266970873, 38.87041127858741], [-76.80722766970871, 38.87036327858741], [-76.80726803698543, 38.87035731265124], [-76.8076899737867, 38.87029898037456], [-76.80822346970824, 38.87021915069287], [-76.80866314685669, 38.87015232751392], [-76.81169979315904, 38.86965650788816], [-76.81192495498802, 38.869619412261166], [-76.81207210797344, 38.869590280451874], [-76.81228141687477, 38.86954554911409], [-76.81243089605769, 38.86951014614971], [-76.81255822911028, 38.86947764691872], [-76.81271039249047, 38.869423193802724], [-76.81287335054293, 38.86935335463739], [-76.81307857599342, 38.86926176641981], [-76.81327623584397, 38.86916696124262], [-76.81328543928036, 38.86916257765382], [-76.81346428679541, 38.86907798761293], [-76.81372973616551, 38.86893531938469], [-76.8137458769743, 38.868926748616076], [-76.8142948769743, 38.86863874861608], [-76.81435998539426, 38.86860621554968], [-76.81494591291383, 38.868327627338175], [-76.81540462780505, 38.868106144826314], [-76.81554639799458, 38.868037228761956], [-76.81568224594805, 38.86797763378227], [-76.8158419378848, 38.867914776317804], [-76.8161861733097, 38.86776671807053], [-76.8162054477715, 38.8677585516136], [-76.81658644777148, 38.8675995516136], [-76.81663930556259, 38.86757839356759], [-76.81728330556261, 38.86733139356759], [-76.81734009021736, 38.86731060080221], [-76.81789009021736, 38.867118600802215], [-76.81789419542669, 38.86711717268985], [-76.81826919542668, 38.86698717268985], [-76.81839259664993, 38.86694873867666], [-76.81874959664994, 38.86684973867666], [-76.81882971258676, 38.86682921825657], [-76.81922071258676, 38.86673721825657], [-76.81927293454063, 38.86672562289046], [-76.81956493454064, 38.86666462289047], [-76.81966593399872, 38.866646029232875], [-76.8203299339987, 38.86654002923287], [-76.82033960237872, 38.86653850809963], [-76.82149762358632, 38.866358985220764], [-76.82193970752125, 38.86628369581701], [-76.8219995940902, 38.86627435467153], [-76.82264606537342, 38.86618271313368], [-76.82319853803405, 38.86610307743485], [-76.82331451663067, 38.8660895024362], [-76.82358051663067, 38.86606550243621], [-76.82373833124161, 38.86605692333794], [-76.82400533124162, 38.86605192333795], [-76.82403211254965, 38.8660515830274], [-76.82428782933643, 38.866049872547215], [-76.82449322455547, 38.866040500902244], [-76.82479914216432, 38.86602256128937], [-76.82529543915733, 38.86599179087581], [-76.82533174664849, 38.86598983830092], [-76.82572674664848, 38.86597183830092], [-76.82575404017561, 38.86597076260675], [-76.8261872446068, 38.86595635447712], [-76.82666908876647, 38.86593259490317], [-76.82696705790407, 38.8659159132333], [-76.82698606417914, 38.86591106469374], [-76.82719202900171, 38.86584240975289], [-76.82728910911723, 38.86581270907919], [-76.82739923610414, 38.86578196296609], [-76.82759216837735, 38.86570926384865], [-76.82759473609208, 38.86570829833396], [-76.82813573609208, 38.865505298333964], [-76.82829043301203, 38.865454291502616], [-76.82872043301202, 38.86533129150261], [-76.82882320299687, 38.86530470187905], [-76.82914220299688, 38.86523070187905], [-76.82930852666242, 38.86519899301086], [-76.82963452666242, 38.86514999301085], [-76.82972102630671, 38.86513875118698], [-76.83005802630672, 38.86510175118698], [-76.83021138179, 38.865090298555565], [-76.83050232873907, 38.865078699341666], [-76.83124828235638, 38.865042191029694], [-76.83130006446028, 38.86504026164889], [-76.83177601186716, 38.86502808017961], [-76.83177307203921, 38.865024172582224], [-76.83159093486277, 38.8647996569538], [-76.83143455040592, 38.86461088985689], [-76.83132788409179, 38.86450210434448], [-76.83101210334993, 38.86418351249809], [-76.83070492726252, 38.86389500972907], [-76.83042496889712, 38.86363451866723], [-76.82989045470934, 38.863171209744245], [-76.82975501108275, 38.86305710312733], [-76.82957425394947, 38.86290597831097], [-76.82951377791483, 38.86285266208297], [-76.82925677791482, 38.86261366208298], [-76.82923750036659, 38.86259541201781], [-76.8290260898304, 38.862391654351704], [-76.82869673423022, 38.86208542765602], [-76.82846718368762, 38.86188468710055], [-76.82846494715115, 38.861882727428736], [-76.82788151002265, 38.86137051255841], [-76.8277398728752, 38.86125234192061], [-76.82762785696734, 38.861162729194305], [-76.82755491206774, 38.86110633481815], [-76.8275111793731, 38.86107622897764], [-76.827422728502, 38.86102531830182], [-76.82726181931706, 38.86093885963529], [-76.82685185999449, 38.860729579701406], [-76.82642107105404, 38.86051090034818], [-76.82607258998833, 38.8603477227063], [-76.82572216597917, 38.86018491948391], [-76.82569676166506, 38.86017288546722], [-76.82524302037346, 38.85995377108282], [-76.82504544789883, 38.859862440410595], [-76.82501842332701, 38.85984968688322], [-76.82467721024628, 38.8596853279063], [-76.82435115456737, 38.859534766901625], [-76.82430798326153, 38.85951416185738], [-76.8241011576663, 38.85941217872977], [-76.82329142077755, 38.8590250849976], [-76.8232842872419, 38.859021656283], [-76.8230752872419, 38.858920656283004], [-76.8230687437299, 38.858917478373044], [-76.8226077437299, 38.858692478373044], [-76.82258617266545, 38.858681776638406], [-76.82211417266545, 38.8584437766384], [-76.82208583632621, 38.85842917923736], [-76.8216278363262, 38.85818817923737], [-76.82161941850178, 38.858183721653276], [-76.82117287814506, 38.85794576264739], [-76.8207074227428, 38.85770470574432], [-76.82068787047028, 38.85769442949001], [-76.8203278704703, 38.85750242949002], [-76.82031071181119, 38.857493159359954], [-76.82007747414141, 38.85736552142255], [-76.8198456555347, 38.857246405142426], [-76.81982290436665, 38.85723451258035], [-76.81941290436663, 38.85701651258036], [-76.81940000027993, 38.85700958450458], [-76.81845125310682, 38.85649526366862], [-76.81759150746257, 38.856030941108145], [-76.81759001020772, 38.85603013157714], [-76.81748101020774, 38.85597113157714], [-76.81747831438778, 38.85596966941668], [-76.81721199462083, 38.85582493041291], [-76.81678082935757, 38.85559734429399], [-76.81635995360054, 38.855380529510064], [-76.81633585574951, 38.8553678878932], [-76.81593114901716, 38.85515171527276], [-76.81551852874219, 38.854934800408586], [-76.81528248395216, 38.854814426969845], [-76.8149053059562, 38.85462485059492], [-76.81475897515745, 38.85454258602802], [-76.81453941374733, 38.854405049446584], [-76.81426178775035, 38.85425391576777], [-76.8137555184718, 38.85398858774509], [-76.813681859209, 38.85394776907043], [-76.813558859209, 38.85387576907042], [-76.81348556630101, 38.85383039998236], [-76.813352566301, 38.85374339998236], [-76.81333073899353, 38.853728879938004], [-76.81319473899353, 38.853636879938], [-76.81311390967502, 38.853578585551936], [-76.81297990967502, 38.85347558555193], [-76.81291353447602, 38.85342165767298], [-76.81275053447605, 38.85328165767299], [-76.81265360983187, 38.85319069281314], [-76.81261660983185, 38.85315269281315], [-76.81261353697468, 38.85314952723549], [-76.81255353697468, 38.85308752723548], [-76.81250705015009, 38.85303711612499], [-76.81243505015009, 38.85295511612499], [-76.81238039815881, 38.85288879043901], [-76.81233639815882, 38.852831790439005], [-76.81233371657487, 38.85282830467488], [-76.81224653392204, 38.8527145881712], [-76.8121634386822, 38.85260883059323], [-76.81210988037668, 38.852535616714626], [-76.81200188037668, 38.85237661671462], [-76.81196460711541, 38.85231838104343], [-76.81189660711539, 38.852205381043426], [-76.8118121512015, 38.85203621411416], [-76.81173015120152, 38.851832214114154], [-76.81171302407554, 38.8517868231595], [-76.81166502407554, 38.8516508231595], [-76.81165604828647, 38.85162434068289], [-76.81161704828646, 38.85150434068289], [-76.81158902732956, 38.85140134727009], [-76.81156702732957, 38.85130134727009], [-76.81156645426074, 38.85129872687324], [-76.81155145426074, 38.85122972687324], [-76.81153225787456, 38.851107911586], [-76.81151325787457, 38.850914911585996], [-76.81151056664206, 38.85088242562703], [-76.81149556664207, 38.85065942562703], [-76.81149496676159, 38.8506498556339], [-76.81147596676158, 38.8503228556339], [-76.8114753131359, 38.85031031138634], [-76.81145954883465, 38.849968423102446], [-76.81144083440331, 38.84963353327866], [-76.81144009042426, 38.84961821187718], [-76.81142852158526, 38.84933766753133], [-76.81142016133126, 38.849201116716166], [-76.8114186957706, 38.84916925005978], [-76.8114066957706, 38.848779250059785], [-76.81140623588809, 38.848755712509856], [-76.81140327188628, 38.848399044291384], [-76.81139734367929, 38.848041375802744], [-76.8113972980485, 38.8480096387983], [-76.81140118951497, 38.84772556174628], [-76.81136475008942, 38.847467232247375], [-76.81130579272852, 38.84723643574918], [-76.81128465478463, 38.847170864984456], [-76.81119093286438, 38.846956854300394], [-76.81117519840495, 38.8469248026238], [-76.8111523425376, 38.84687537484073], [-76.81095619318594, 38.84642373683779], [-76.81048862563566, 38.84571903377362], [-76.81014651994973, 38.84528799875822], [-76.81013685574482, 38.84527567518844], [-76.80961186803302, 38.8445980859297], [-76.80902065048772, 38.843913619438254], [-76.80897047938211, 38.84385199519901], [-76.8083825792806, 38.84308470269505], [-76.80776853273596, 38.84234199877915], [-76.80774172620957, 38.842308507972966], [-76.80678672620958, 38.84107550797297], [-76.80668383342443, 38.84092086299548], [-76.80644783342444, 38.840501862995474], [-76.8063860722131, 38.84037525808268], [-76.80634095491507, 38.84024446920281], [-76.80615095491507, 38.83955746920281], [-76.80612589532802, 38.839443127799434], [-76.80604589532803, 38.83895112779943], [-76.80603327361435, 38.838829446511035], [-76.80599727361434, 38.83803444651103], [-76.80599688412963, 38.83802487998472], [-76.80598788412962, 38.83777587998472], [-76.80596809854961, 38.83721003323127], [-76.80592846104501, 38.83640241907475], [-76.80592828999447, 38.83639880686852], [-76.80589287885579, 38.8356227127458], [-76.80585309816423, 38.835056942910526], [-76.80581300797384, 38.834844464901394], [-76.80577551929257, 38.83474747583611], [-76.80560591486784, 38.834461268369374], [-76.80553289721476, 38.83436433114028], [-76.80552855902525, 38.83435853883702], [-76.8055236460388, 38.83435194139807], [-76.80532858416942, 38.83412742120556], [-76.8052351621202, 38.83402732615282], [-76.80513913973145, 38.83393605212397], [-76.80512196733461, 38.833922673628756], [-76.80502091250756, 38.83384605689712], [-76.80483860260945, 38.83372601745804], [-76.80415367542632, 38.833294484754354], [-76.80336696938478, 38.83282753036289], [-76.80263031194875, 38.832390733484274], [-76.80260546069634, 38.83237571846401], [-76.8019239564658, 38.831956179732494], [-76.80107257932605, 38.83144851401343], [-76.80106616367266, 38.831444669880305], [-76.8005912958046, 38.8311587598514], [-76.7999284575524, 38.83076581980967], [-76.79991867945643, 38.83075998030433], [-76.7991820978183, 38.83031684168759], [-76.79719033050542, 38.82914159988009], [-76.79677724910827, 38.828906386472774], [-76.79677368917153, 38.82890435397553], [-76.79636819859375, 38.82867222531144], [-76.79563329156905, 38.82826217527727], [-76.79533448149171, 38.82811539137963], [-76.79530456282409, 38.82810035750124], [-76.7944775628241, 38.82767535750124], [-76.79447388148701, 38.8276734603922], [-76.793757881487, 38.827303460392194], [-76.79372419625854, 38.82728560521032], [-76.79306440379122, 38.8269269587879], [-76.79267489764534, 38.826725985100836], [-76.792661380821, 38.826718939468094], [-76.79051686496692, 38.82558972096151], [-76.78981672869926, 38.82522269796082], [-76.78956310633532, 38.82508989569937], [-76.78955029131265, 38.825083120471625], [-76.78854563564835, 38.82454683807429], [-76.78799554248232, 38.82425438347968], [-76.78756174828007, 38.8240248379515], [-76.78656303021785, 38.82353912775348], [-76.78602157766436, 38.823302131307926], [-76.78591105842125, 38.82325868581236], [-76.78518902409178, 38.82297416019074], [-76.78430937971181, 38.82265002929824], [-76.78416883843973, 38.82259834637882], [-76.78297780447973, 38.8221802489804], [-76.7828188972146, 38.822116593938894], [-76.78255389721458, 38.821996593938906], [-76.78243949471744, 38.82194001276558], [-76.78238749471743, 38.82191201276557], [-76.78208224329433, 38.82174733828925], [-76.7820713210476, 38.82174139747824], [-76.7814203210476, 38.82138439747825], [-76.7812999666363, 38.82131203880893], [-76.78092596663629, 38.82106603880893], [-76.78083773615052, 38.82100383488629], [-76.78064973615052, 38.820861834886294], [-76.7806187502211, 38.8208378320726], [-76.78043875022111, 38.820694832072604], [-76.78032929323878, 38.82059917561948], [-76.78014329323878, 38.82042017561946], [-76.78011560830575, 38.82039281697615], [-76.77991460830575, 38.820188816976156], [-76.77986353415564, 38.82013419791493], [-76.77950353415562, 38.81972819791493], [-76.77945748707943, 38.81967347126556], [-76.77907148707943, 38.81918947126557], [-76.77905342977287, 38.81916631311432], [-76.7786497914196, 38.81863672372698], [-76.77780540888729, 38.81754783652235], [-76.77736972198305, 38.81700051102361], [-76.7773619764392, 38.816990687188884], [-76.7769449764392, 38.81645668718888], [-76.7768963270832, 38.816390205703165], [-76.77679069416365, 38.81623581912846], [-76.77655283261826, 38.81591042453437], [-76.77633321686935, 38.81561028301085], [-76.7761539543261, 38.815390120761144], [-76.77603891768068, 38.81525207678663], [-76.77603696326166, 38.815249726137814], [-76.7759641135376, 38.81516190729238], [-76.77570526387443, 38.81485008839312], [-76.7756572311588, 38.81478869344798], [-76.77550900775108, 38.81458733334692], [-76.77485925205694, 38.81375375871964], [-76.7747770357014, 38.8136353165947], [-76.77471041806045, 38.81351108278729], [-76.77466006399221, 38.813382297177114], [-76.77462647604094, 38.81325024507182], [-76.77460998942153, 38.81311624437939], [-76.77461076867391, 38.81298163245507], [-76.77462880602098, 38.812847752754394], [-76.77466392144623, 38.8127159414251], [-76.77471576449022, 38.81258751397216], [-76.77478381774846, 38.81246375212873], [-76.77486740203497, 38.812345891064226], [-76.77496568316093, 38.812235107057006], [-76.77507768025986, 38.812132505754924], [-76.77520227557702, 38.81203911114069], [-76.77533822562476, 38.81195585531232], [-76.77548417359283, 38.81188356918061], [-76.77563866288962, 38.811822974176465], [-76.77580015167923, 38.81177467505084], [-76.77596702826936, 38.81173915383924], [-76.77613602826938, 38.81171015383924], [-76.77638155192466, 38.81168218706655], [-76.7765354792205, 38.81167334913569], [-76.77663877731365, 38.811662234783896], [-76.77679331428436, 38.811651069980144], [-76.77681462394828, 38.81165102124479], [-76.77685958393742, 38.8116449734172], [-76.77706158393742, 38.811620973417206], [-76.77716355378926, 38.81161125650629], [-76.77738289338028, 38.8115954766796], [-76.77764682216925, 38.81156229265058], [-76.77790398755208, 38.81152515685521], [-76.77795760753834, 38.81151808964674], [-76.77824062427156, 38.81148433535746], [-76.77871176720991, 38.81140869732286], [-76.77904749042987, 38.81135406780482], [-76.77908467417613, 38.81134834692014], [-76.77967767417614, 38.811262346920145], [-76.77978256661733, 38.81124970932826], [-76.78098059164357, 38.81113449583755], [-76.78152408717294, 38.811067687416994], [-76.78216460085636, 38.8109711323692], [-76.78219976397934, 38.81096612406368], [-76.78249403323252, 38.81092664891995], [-76.7832675586199, 38.810798207281906], [-76.7833498573404, 38.81078615273859], [-76.78452182250318, 38.810637223610755], [-76.78487800622439, 38.81058122565459], [-76.78493570927422, 38.81057294285121], [-76.78556670927422, 38.810490942851196], [-76.78572846579674, 38.81047596581536], [-76.78635746579673, 38.81044096581536], [-76.78638296234953, 38.81043969409733], [-76.78665496234954, 38.810427694097335], [-76.7866860540744, 38.8104265404082], [-76.78698505407439, 38.810417540408196], [-76.78707518288161, 38.81041665397628], [-76.7874591828816, 38.81042065397629], [-76.78750289008094, 38.810421538727965], [-76.78803489008095, 38.81043753872796], [-76.78811209528027, 38.810441205697394], [-76.78854309528023, 38.810469205697395], [-76.78855402242495, 38.8104699427], [-76.78884002242496, 38.8104899427], [-76.78894779627623, 38.81050013784604], [-76.78924079627622, 38.81053513784604], [-76.78928826353781, 38.81054133449415], [-76.78965526353782, 38.81059333449415], [-76.78972958856126, 38.81060517986385], [-76.78996658856124, 38.81064717986384], [-76.7899990130057, 38.81065318190314], [-76.7903150130057, 38.810714181903144], [-76.79039141635072, 38.81073038208875], [-76.79069841635074, 38.81080138208875], [-76.7907190778221, 38.810806269768314], [-76.79121107782208, 38.81092526976832], [-76.79123740213542, 38.810931816500926], [-76.79213048711016, 38.8111600493278], [-76.79301913954595, 38.811380728050715], [-76.79381004684761, 38.811575151564014], [-76.79449957699285, 38.811713240492296], [-76.79471632286378, 38.811752575854065], [-76.79503898506528, 38.81180053915429], [-76.79566668666435, 38.811886134826885], [-76.79625684129584, 38.811955958632566], [-76.79666513417253, 38.812001419814216], [-76.79691660144447, 38.81201552078272], [-76.7971367108864, 38.81202609372535], [-76.79714712341676, 38.812026618395215], [-76.79757125760892, 38.81204898834206], [-76.79812104032688, 38.81205325684143], [-76.79856851024338, 38.8120389378041], [-76.79944149555338, 38.81200445192842], [-76.80042369134374, 38.81196149306682], [-76.80128066177006, 38.811909203345884], [-76.8016653920925, 38.81188260470632], [-76.80200381287153, 38.81185571648003], [-76.80271658180347, 38.81178913916222], [-76.80278908927015, 38.811783567589856], [-76.80325308927014, 38.811755567589856], [-76.80328863464365, 38.81175370857919], [-76.8037658481184, 38.811732584441465], [-76.80428451151734, 38.81170034576585], [-76.80462797183614, 38.811676321339405], [-76.80541606943278, 38.8115967537936], [-76.80562160878868, 38.811574089758146], [-76.80637065850102, 38.811458344639284], [-76.80639970162852, 38.811454056961814], [-76.80671812224978, 38.81140923529079], [-76.80678005397134, 38.81139919230892], [-76.80731355484698, 38.811298991636846], [-76.8081797718147, 38.81110971791815], [-76.808186176753, 38.81110832871574], [-76.80892509340562, 38.81094924984403], [-76.80952382424383, 38.810792205689744], [-76.81026452101663, 38.81057659508587], [-76.81086734631903, 38.81038128719974], [-76.8111794551953, 38.81027660471949], [-76.81121519428127, 38.8102649847129], [-76.81146919428129, 38.810184984712905], [-76.81158741050962, 38.810151584689244], [-76.81185041050962, 38.81008558468925], [-76.81190362358251, 38.81007296133908], [-76.81214062358251, 38.81001996133908], [-76.81224072833987, 38.81000007007528], [-76.81259672833986, 38.809938070075276], [-76.81265764695524, 38.809928350868034], [-76.81318164695527, 38.80985235086804], [-76.81328272020966, 38.80984008263638], [-76.81347672020965, 38.809821082636375], [-76.81352182836379, 38.809817131364184], [-76.81394882836379, 38.80978413136418], [-76.81411580047262, 38.809777537199324], [-76.81464580047262, 38.809776537199326], [-76.81473950796831, 38.809778334206214], [-76.81503750796831, 38.809790334206205], [-76.81512749475357, 38.80979579040326], [-76.81538649475357, 38.80981679040326], [-76.81544051602063, 38.809821839139886], [-76.81578051602062, 38.80985783913988], [-76.81587734117392, 38.809870274587446], [-76.81625434117392, 38.80992727458745], [-76.81633027335491, 38.80994013703719], [-76.81655927335491, 38.809983137037186], [-76.81661073161153, 38.80999345203942], [-76.81688273161154, 38.810051452039424], [-76.81696322747516, 38.8100702619927], [-76.81724622747517, 38.8101422619927], [-76.81730246034132, 38.810157405477504], [-76.81751346034132, 38.8102174054775], [-76.81757245350443, 38.810235137378456], [-76.81804245350445, 38.81038413737846], [-76.81805952567491, 38.810389632418904], [-76.82104352567492, 38.8113646324189], [-76.82191850091878, 38.81165131301743], [-76.82284988645415, 38.81195050943808], [-76.8228615470176, 38.8119542940494], [-76.82382809689554, 38.81227122791976], [-76.82463752360927, 38.81252239548184], [-76.82470904918542, 38.812546050904146], [-76.8255497478516, 38.81284159342812], [-76.82566539871407, 38.81288207122998], [-76.82612805919311, 38.813031531508194], [-76.82613263193467, 38.81303301468059], [-76.82641951995971, 38.81312644203086], [-76.82778015229857, 38.81354312334217], [-76.82807404600636, 38.81363309080374], [-76.82815098307996, 38.81365832584363], [-76.82892432543638, 38.81392924195576], [-76.82961272087411, 38.814160950475994], [-76.8299737162475, 38.81427585616514], [-76.82999702763456, 38.814283431135486], [-76.83016327194352, 38.814338563176726], [-76.83045618950149, 38.81442579818715], [-76.83076250638916, 38.81450281500462], [-76.8307957165118, 38.814511454460856], [-76.83141671651178, 38.81467845446087], [-76.83144743038834, 38.81468696673316], [-76.83194843038835, 38.81482996673315], [-76.83201829990179, 38.81485125679111], [-76.83236775350217, 38.81496459309393], [-76.83314075247877, 38.81516588533636], [-76.83382484212892, 38.815337648105654], [-76.83384261146377, 38.81534219225408], [-76.83428081920952, 38.815456298866216], [-76.83468744641482, 38.81555419060082], [-76.835530989542, 38.81575167893295], [-76.83555038410628, 38.81575631611678], [-76.83681392277082, 38.81606473894041], [-76.83765738145065, 38.81626499872054], [-76.83822930776437, 38.816397820429444], [-76.83826511296355, 38.816406465163745], [-76.83966455824964, 38.81675730924178], [-76.84070477876786, 38.816991725133214], [-76.84074829382484, 38.81700201510438], [-76.84193047372621, 38.817294811986116], [-76.84301977775999, 38.817563678317505], [-76.84420584918341, 38.81784188037926], [-76.84426056160916, 38.81785548770299], [-76.84495256160916, 38.81803748770299], [-76.84501760541548, 38.81805572814421], [-76.84554760541548, 38.81821372814421], [-76.84563972597078, 38.818243586255576], [-76.8462327259708, 38.81845158625558], [-76.84629177625246, 38.81847335070135], [-76.84687877625245, 38.818700350701356], [-76.84697306115751, 38.8187396829007], [-76.8476350611575, 38.81903668290069], [-76.8476664023185, 38.819051087402315], [-76.8481640563905, 38.81928533472919], [-76.84820357950107, 38.819248689515014], [-76.84820409053607, 38.81909180177384], [-76.84815448622135, 38.81831625739164], [-76.84810295412696, 38.81756210501044], [-76.84802830593026, 38.81659366907191], [-76.84802764256672, 38.816584545445856], [-76.84799786791932, 38.81614884310548], [-76.84784618322837, 38.814117066587556], [-76.84770229928915, 38.81223458504915], [-76.84766534519292, 38.81175817683572], [-76.84766437393102, 38.81174449971666], [-76.84762537393102, 38.81113949971666], [-76.84762524377169, 38.81113744936173], [-76.84760584608482, 38.81082708637201], [-76.84756962570087, 38.81037971568341], [-76.84756872001776, 38.81036766995018], [-76.84753695571753, 38.809910065500084], [-76.84750221344044, 38.809452460078816], [-76.8475015550672, 38.80944325333599], [-76.84747066323202, 38.808982865340774], [-76.84736977636031, 38.80754547713923], [-76.84736925361702, 38.807537606697544], [-76.84734381433027, 38.80713155654326], [-76.84729752796842, 38.80655149979611], [-76.84729683665321, 38.80654233118521], [-76.84726083665322, 38.806035331185214], [-76.84726032586906, 38.806027749965686], [-76.84724432586904, 38.80577674996568], [-76.84724233604271, 38.80572690878584], [-76.8472415721095, 38.80567954492628], [-76.84723461973559, 38.80565925454202], [-76.84720705339713, 38.805527623152024], [-76.84719634601586, 38.805394516208246], [-76.8472026024848, 38.80526123766995], [-76.84722576151351, 38.80512909317739], [-76.84726559622858, 38.80499937726135], [-76.84732171639607, 38.80487336066148], [-76.84739357224441, 38.8047522778777], [-76.84748045985016, 38.80463731507666], [-76.84758152803383, 38.80452959847167], [-76.84769578669838, 38.80443018328989], [-76.84782211652843, 38.80434004343505], [-76.84795927995559, 38.80426006194672], [-76.84810593328193, 38.80419102234978], [-76.84826063984337, 38.804133600978766], [-76.84842188408372, 38.80408836035225], [-76.84858808640153, 38.804055743662246], [-76.84875761862442, 38.80403607043254], [-76.84878361862441, 38.804034070432536], [-76.84893218305952, 38.80402764016697], [-76.84908090854798, 38.80403115615483], [-76.84922869719345, 38.80404459244098], [-76.84926069719344, 38.804048592440985], [-76.84940958439398, 38.80407246105106], [-76.84955520785752, 38.80410639660309], [-76.84969644554866, 38.804150137622095], [-76.84973644554866, 38.804164137622095], [-76.849861854313, 38.80421287103897], [-76.84998178656063, 38.80426933665973], [-76.85028278656064, 38.80442433665972], [-76.85033293764153, 38.80445115965322], [-76.85056344700467, 38.804579143956346], [-76.85073670744643, 38.804059582504735], [-76.85078623357589, 38.80393587234169], [-76.85085080212413, 38.80381643539062], [-76.85092981603731, 38.8037023760637], [-76.85102254468786, 38.80359474904716], [-76.85194080653162, 38.802632443875154], [-76.85195470017158, 38.80259495726167], [-76.85217940282831, 38.80193411586893], [-76.85219347139424, 38.801782878785126], [-76.8516716678084, 38.80094281201925], [-76.85163758740983, 38.80088828338152], [-76.85163579424628, 38.80088540564148], [-76.85025479424627, 38.79866240564147], [-76.85018858758067, 38.79854100303106], [-76.85013795071778, 38.79841514616316], [-76.8501033687074, 38.798286040618926], [-76.8500851728101, 38.79815492309856], [-76.85008353732415, 38.79802304957494], [-76.85009847791585, 38.7978916832627], [-76.85012985146946, 38.797762082517885], [-76.85017735745815, 38.79763548878422], [-76.85024054082275, 38.7975131147013], [-76.85031879633068, 38.79739613248874], [-76.85041137437354, 38.79728566271752], [-76.85050456954492, 38.79719520557437], [-76.85051157467063, 38.79718725114731], [-76.85062667632306, 38.79708168129852], [-76.85075509206055, 38.79698585767426], [-76.85089546637218, 38.79690079175467], [-76.8510463175165, 38.796827381465434], [-76.8529853175165, 38.79598838146543], [-76.85306097346036, 38.795957520976536], [-76.85345800977014, 38.79580515941298], [-76.85501282648086, 38.79511672425624], [-76.85509052194341, 38.79357835409797], [-76.85513750873525, 38.79263861826116], [-76.85513759532151, 38.79263691429433], [-76.85524047691443, 38.7906442077129], [-76.85531236854965, 38.78912250143411], [-76.85532715819247, 38.78898949387425], [-76.85535879133943, 38.788858277879704], [-76.85540695746484, 38.78873014152796], [-76.8554711837475, 38.788606342665226], [-76.85555083971225, 38.788488096558964], [-76.85564514341895, 38.788376563968136], [-76.8557531691384, 38.788272839748714], [-76.85587385643969, 38.78817794210607], [-76.85600602059996, 38.78809280259975], [-76.85614836423409, 38.788018256998896], [-76.85629949003054, 38.787955037077936], [-76.85645791446792, 38.787903763433114], [-76.85662208237802, 38.78786493939047], [-76.85679038221198, 38.78783894606492], [-76.85696116186008, 38.7878260386191], [-76.85708170621969, 38.787821601403415], [-76.86002821079639, 38.78760002530504], [-76.85991341180893, 38.78751344231781], [-76.85980579026116, 38.787415036363875], [-76.85971077746208, 38.787309062305376], [-76.85962924708728, 38.787196494610534], [-76.85956194883681, 38.787078368378275], [-76.85950950154142, 38.78695576982025], [-76.85947238747214, 38.786829826272694], [-76.8594509479057, 38.78670169583013], [-76.85944537998637, 38.78657255669642], [-76.85945737998637, 38.78592555669642], [-76.85946964354956, 38.78578375725036], [-76.85957064354955, 38.78513175725036], [-76.85960079138468, 38.784995997689805], [-76.85964859813187, 38.78486334297824], [-76.85971356402153, 38.78473517988216], [-76.85979500990311, 38.7846128482129], [-76.85989208434499, 38.784497626820304], [-76.86000377253522, 38.78439072022372], [-76.86012890689041, 38.78429324601996], [-76.86026617926159, 38.78420622320006], [-76.86041415460942, 38.784130561496696], [-76.86057128600619, 38.78406705187398], [-76.86291726695299, 38.783234427763766], [-76.8629035310544, 38.78265939309888], [-76.8628945668824, 38.782320746602245], [-76.86289964113152, 38.782186266722874], [-76.86292192549462, 38.78205285087018], [-76.86296119781835, 38.78192182907005], [-76.86301706659597, 38.78179450748205], [-76.86308897487024, 38.78167215537822], [-76.86317620578582, 38.78155599248967], [-76.86327788973554, 38.78144717684713], [-76.86339301302965, 38.78134679323638], [-76.86352042800118, 38.78125584238412], [-76.86365886444712, 38.78117523098163], [-76.86380694229118, 38.781105762645964], [-76.86396318534167, 38.78104812990867], [-76.86412603600778, 38.78100290731191], [-76.86429387082721, 38.78097054568087], [-76.86446501665054, 38.78095136762945], [-76.86463776732084, 38.78094556434412], [-76.86596176732084, 38.78095256434412], [-76.86664875259292, 38.780956569759965], [-76.86718152737993, 38.78095956849234], [-76.86719538930015, 38.78095968968673], [-76.86769349435411, 38.780965596070764], [-76.86789247292893, 38.780966543587795], [-76.86837444760086, 38.78096748494457], [-76.86839255891502, 38.78096708247092], [-76.86846409790645, 38.780966642938964], [-76.86916909790645, 38.78097364293897], [-76.86917511110931, 38.780973710769665], [-76.86961132966233, 38.780979220898764], [-76.8696175589146, 38.78097908247093], [-76.86967727253959, 38.78097855694316], [-76.87032727253958, 38.78098155694315], [-76.87074662393407, 38.78098355859272], [-76.8708695233984, 38.78098839591763], [-76.8716084058816, 38.780987534749244], [-76.87163635197322, 38.780988315828196], [-76.87168080646501, 38.7809815554677], [-76.87184854899277, 38.78096262226429], [-76.87201786685073, 38.78095653855847], [-76.87218713808751, 38.780963362628036], [-76.87235474119841, 38.78098302910299], [-76.87248771851385, 38.781009183219425], [-76.87437527994196, 38.7809729432737], [-76.87446100093835, 38.78097294868416], [-76.87689300093835, 38.78101994868416], [-76.8770919420058, 38.781032747708174], [-76.8799249420058, 38.78134374770817], [-76.88008088226067, 38.78136657861522], [-76.88023348220739, 38.78140041919014], [-76.88038146073622, 38.781444985333934], [-76.88052357553518, 38.78149990290412], [-76.8805934323782, 38.78153007775348], [-76.8806409585859, 38.78154467730748], [-76.88082999753844, 38.78161325505574], [-76.88087205584932, 38.78163098552013], [-76.88091974660911, 38.78164746050988], [-76.8809389740767, 38.78165421209989], [-76.88119397407668, 38.781745212099885], [-76.88122263954232, 38.78175568963224], [-76.88154655855237, 38.78187691085687], [-76.88185879329606, 38.78199296270851], [-76.88210640654134, 38.782077630463334], [-76.88257997840562, 38.7822192594321], [-76.88273928971073, 38.78226283786085], [-76.88295577893078, 38.782312921187874], [-76.88327319935088, 38.7823828761014], [-76.883482858868, 38.78242181286886], [-76.88401175159305, 38.78250202826549], [-76.8842215682037, 38.78252680975494], [-76.88448581176914, 38.78255597376049], [-76.88462775774553, 38.78256818416706], [-76.8846955729834, 38.78257293123371], [-76.88493586758545, 38.782586564969996], [-76.88505232062393, 38.78259032151963], [-76.88567248575146, 38.78258666272831], [-76.88630136285668, 38.782574256958405], [-76.88668062729015, 38.7825617431573], [-76.88670649284471, 38.782561040335885], [-76.8869798474608, 38.78255520358252], [-76.88763564502293, 38.78253668923827], [-76.88775817226325, 38.78253217507678], [-76.88808882685065, 38.78250265234578], [-76.88822563239522, 38.78248996838799], [-76.88839182050323, 38.78247296309322], [-76.88844071220848, 38.782466219409734], [-76.8884640547971, 38.78246312765561], [-76.8885270547971, 38.78245512765561], [-76.8885313028068, 38.78245459244095], [-76.88861130280678, 38.782444592440946], [-76.88863003372077, 38.78244233282149], [-76.88896171707896, 38.78240376498914], [-76.88944359148148, 38.782342208179244], [-76.88951876397947, 38.78233212406366], [-76.8895740913968, 38.78232541683701], [-76.8897770913968, 38.78230341683702], [-76.88979986326217, 38.782301068630794], [-76.89003486326216, 38.78227806863078], [-76.890152674084, 38.78226970683368], [-76.890265674084, 38.782264706833686], [-76.8902845923197, 38.7822639504857], [-76.89053659231968, 38.7822549504857], [-76.89068840311653, 38.782254711377405], [-76.89090340311655, 38.7822617113774], [-76.89102334652576, 38.78226887017855], [-76.89111534652574, 38.78227687017855], [-76.89112018432112, 38.78227729621451], [-76.89127718432113, 38.78229129621451], [-76.8913651148907, 38.78230092000824], [-76.8915191148907, 38.782320920008246], [-76.89159041769425, 38.78233137917076], [-76.89175541769426, 38.78235837917076], [-76.89186719097009, 38.78237970978674], [-76.89210519097009, 38.78243170978674], [-76.89226403272846, 38.78247295757025], [-76.89248903272846, 38.78254095757025], [-76.8926327036399, 38.78259032262285], [-76.8927827036399, 38.782648322622855], [-76.89281101186229, 38.782659521457916], [-76.89298401186231, 38.78272952145791], [-76.8930525771334, 38.782758813858685], [-76.8931835771334, 38.78281781385868], [-76.89325223284959, 38.7828504142811], [-76.89338223284962, 38.782915414281106], [-76.89348661789367, 38.782971924963654], [-76.89358785948055, 38.7830311417409], [-76.89369407658896, 38.78309238403763], [-76.8938119651742, 38.78316679913915], [-76.8939409651742, 38.783255799139155], [-76.89396465917052, 38.783272452249406], [-76.89413365917052, 38.783393452249406], [-76.89420304386968, 38.78344313511804], [-76.89453866170676, 38.78367475869575], [-76.89483901124521, 38.78387725241682], [-76.89492180900753, 38.78393271887896], [-76.89507977947544, 38.78403276684197], [-76.89528587128893, 38.78416191771175], [-76.89553549601212, 38.78431115953915], [-76.89570245419688, 38.78440634130803], [-76.89571521369274, 38.78441295734292], [-76.89590626462389, 38.78450931346471], [-76.89612779433887, 38.78461128746049], [-76.89613439276584, 38.78461434021382], [-76.89649139276584, 38.78478034021382], [-76.89654480381652, 38.784806211503145], [-76.89699002241096, 38.78503069935983], [-76.89728552512119, 38.78516708522609], [-76.89742153183752, 38.78523678498192], [-76.89754153183752, 38.78530478498192], [-76.89759754151966, 38.78533789897522], [-76.89773054151965, 38.78541989897522], [-76.89789427050358, 38.785534775963164], [-76.89796327050362, 38.78558977596316], [-76.89808341263478, 38.785696200153126], [-76.898188532226, 38.7858118495141], [-76.89826153222599, 38.7859018495141], [-76.89833174353873, 38.78599674766038], [-76.89839181992981, 38.7860957681557], [-76.89845981992981, 38.78622076815571], [-76.89851254852047, 38.78633082964563], [-76.89859454852045, 38.78652782964563], [-76.8986050417348, 38.78655394030026], [-76.89870504173481, 38.78681194030026], [-76.89874694663452, 38.78694374864417], [-76.89877159004178, 38.78707816915381], [-76.89877522790512, 38.78710909099218], [-76.89880784762205, 38.78737301415663], [-76.89881325433078, 38.78742896144599], [-76.8988160242873, 38.787468664156016], [-76.89886329741229, 38.78808996808444], [-76.8989122887178, 38.788522141386636], [-76.89905855091902, 38.78926889622775], [-76.8992169634149, 38.78987408887661], [-76.8992244268889, 38.78990436961221], [-76.89931337368452, 38.790288982145064], [-76.89942436127546, 38.79056606305394], [-76.89950856589854, 38.79077657425363], [-76.89951054876718, 38.79078156550503], [-76.8996675199151, 38.791179423194464], [-76.89991539199549, 38.79179025082114], [-76.90005129482238, 38.79211622064503], [-76.90005303254193, 38.79212041197765], [-76.90009686806138, 38.79222673642904], [-76.90026058578516, 38.79260809088746], [-76.90027382269905, 38.792640260478535], [-76.90057713619068, 38.79341051710857], [-76.90067544362032, 38.79365777518915], [-76.90067709227485, 38.793661945709644], [-76.90090967394468, 38.79425370413542], [-76.90106888968236, 38.79463488534266], [-76.90123034695702, 38.794993358934654], [-76.90123270098925, 38.794998620268906], [-76.90126070098925, 38.7950616202689], [-76.90127029112298, 38.79508382087994], [-76.9013738148189, 38.795330552355225], [-76.90139968442416, 38.79538141214575], [-76.90141125202788, 38.795365627186506], [-76.90142272391968, 38.7952589829004], [-76.90145479299782, 38.79512527248986], [-76.90150279299783, 38.79496927248986], [-76.90155571669791, 38.794830614305475], [-76.90162743752568, 38.7946971689199], [-76.90173043752569, 38.7945311689199], [-76.90173472671935, 38.79452430594434], [-76.90189272671934, 38.79427330594435], [-76.90196791233711, 38.794166394905254], [-76.90205520511562, 38.79406520665646], [-76.90215389099735, 38.79397056892085], [-76.90224422837602, 38.79389838524689], [-76.90226965491581, 38.793719159149326], [-76.90227134748372, 38.79370768011717], [-76.90232934748373, 38.79332868011717], [-76.90236076180531, 38.793187675860686], [-76.90241121845177, 38.79305005908225], [-76.90241807178968, 38.79303686768904], [-76.90240729001782, 38.793015020414465], [-76.90235370034216, 38.7928879046438], [-76.90231657481486, 38.79275728072008], [-76.90229627938236, 38.79262443620368], [-76.90229301409678, 38.79249068054336], [-76.90230681114406, 38.79235733216904], [-76.90233753452665, 38.792225705496016], [-76.90236753452665, 38.79212570549601], [-76.9024172928363, 38.79199163416165], [-76.90248460572667, 38.791862285992075], [-76.90256875123015, 38.79173904831726], [-76.90266882684013, 38.79162324292875], [-76.90278375919085, 38.791516111902766], [-76.90288975919086, 38.79142711190277], [-76.90289525206472, 38.79142293714231], [-76.90295016800954, 38.791251551116716], [-76.90302305997352, 38.79090231049806], [-76.90307342636747, 38.7905598190193], [-76.90310339227295, 38.79042085687527], [-76.90315184477116, 38.79028508928128], [-76.9032182540398, 38.79015400083966], [-76.90330189390154, 38.790029024986815], [-76.90340184976448, 38.78991152831869], [-76.90351702862327, 38.789802795647276], [-76.9036461710109, 38.78970401595129], [-76.90380138554568, 38.78959711888878], [-76.90380287424439, 38.7895950509484], [-76.9038558742444, 38.7895250509484], [-76.90393638021035, 38.789428417310745], [-76.90402719675458, 38.78933748510838], [-76.90412766054611, 38.78925291851706], [-76.90417166054613, 38.78921891851705], [-76.90428251767625, 38.789140373390275], [-76.90440169088144, 38.78906958326091], [-76.90452828690427, 38.7890070787332], [-76.90466135684991, 38.788953328307024], [-76.90471935684991, 38.78893232830703], [-76.90486778488855, 38.78888496396411], [-76.90502120910188, 38.7888484896266], [-76.90512793085684, 38.78883132262599], [-76.90512804026383, 38.788831253270864], [-76.90516504026384, 38.788808253270865], [-76.90527375935163, 38.78874591537509], [-76.90568675935162, 38.78852791537508], [-76.90582248526393, 38.788463154365665], [-76.90585861066938, 38.7884492935998], [-76.90590449485448, 38.788384908420895], [-76.90602867314347, 38.788251931377545], [-76.90613567314348, 38.78815093137755], [-76.90623179974034, 38.788067517643306], [-76.90633649998769, 38.78799060557438], [-76.9065584999877, 38.787840605574374], [-76.90665517203804, 38.787779879430325], [-76.90688317203805, 38.787646879430326], [-76.9069914844109, 38.78758856795263], [-76.90734048441088, 38.78741556795264], [-76.90750170372357, 38.78734477906159], [-76.90789570372357, 38.78719277906159], [-76.9079865909936, 38.7871602260886], [-76.9084725909936, 38.786999226088604], [-76.90863911203598, 38.78695174134413], [-76.90885511203601, 38.786899741344136], [-76.90905531787837, 38.786861535967205], [-76.9092289747436, 38.786845050147804], [-76.90928851834532, 38.786831761447], [-76.9094032690194, 38.78680942181579], [-76.90958445679068, 38.786779223853905], [-76.9096025082475, 38.7867757115795], [-76.90970499087213, 38.78674034712837], [-76.90986335763341, 38.78669937203993], [-76.91001810908458, 38.78667186133339], [-76.91001939801957, 38.78667084538627], [-76.91014260574626, 38.786590279499805], [-76.91028917068978, 38.786503151031084], [-76.91034759818248, 38.78646039920716], [-76.91050741330992, 38.786356803977974], [-76.9106820388484, 38.78626886470783], [-76.9107980388484, 38.78621786470784], [-76.91093279589978, 38.786164516669636], [-76.91107301975416, 38.78612051735481], [-76.91121764157185, 38.786086202142904], [-76.91136555899027, 38.786061832597525], [-76.91161255899029, 38.78602983259753], [-76.91178377286725, 38.786014416328335], [-76.9122363037961, 38.78599134612411], [-76.91267321186892, 38.78594624022996], [-76.91276635083229, 38.78593861227436], [-76.91304736067256, 38.785921560706385], [-76.91324358804611, 38.78588592862576], [-76.91328676838022, 38.78587522275781], [-76.91357497365033, 38.785678719164544], [-76.91368666764019, 38.7855849462253], [-76.91372268162219, 38.785533326184435], [-76.91378445493089, 38.78544253813983], [-76.91386024359059, 38.78534193604205], [-76.91394692740874, 38.785246809127344], [-76.91404385718117, 38.78515786983306], [-76.9141503069683, 38.785075784255376], [-76.9142493069683, 38.78500578425537], [-76.91438889441325, 38.7849169566913], [-76.91447989441323, 38.784864956691294], [-76.91460023179974, 38.78480205043572], [-76.91472690971008, 38.784747195902234], [-76.91484190971009, 38.78470219590223], [-76.91503402419072, 38.78463801229462], [-76.91523467932753, 38.78459230973498], [-76.91534167932751, 38.784573309734995], [-76.91550339043458, 38.78455081286468], [-76.91566711360176, 38.784540339132995], [-76.91583137563242, 38.784541982783566], [-76.91598037563242, 38.78454898278356], [-76.91614585003123, 38.78456299202684], [-76.91630883155779, 38.78458929711034], [-76.9163301119584, 38.78459443144349], [-76.91635467137502, 38.784584031398744], [-76.91643916049316, 38.784557878784476], [-76.9165187234041, 38.78452421755292], [-76.91667584424178, 38.78446551159056], [-76.91677384424179, 38.784433511590564], [-76.91695038445579, 38.78438442816642], [-76.91713270920583, 38.78435048029443], [-76.91731868188154, 38.78433206579976], [-76.91744268188154, 38.784325065799756], [-76.91762742758274, 38.78432232682805], [-76.91781149673571, 38.784334918942086], [-76.9179924967357, 38.78435491894209], [-76.91817791143215, 38.78438351359728], [-76.91835821642746, 38.78442766075314], [-76.91853126371495, 38.78448683447644], [-76.91855439505277, 38.784495946821636], [-76.91895887047197, 38.78433355360221], [-76.91974600764341, 38.78401809745194], [-76.91975107552081, 38.78401607463022], [-76.92015445244411, 38.7838557198533], [-76.92052242065854, 38.783708680345924], [-76.92055376522624, 38.78369049275726], [-76.9205717042625, 38.78358952914565], [-76.9206057042625, 38.783445529145645], [-76.92061765702576, 38.78339944475029], [-76.92067913274792, 38.78318205234144], [-76.9206811996869, 38.78317301686535], [-76.9206811996869, 38.783135], [-76.92068231527612, 38.783086642220056], [-76.92068451520176, 38.783038977164765], [-76.92067663540695, 38.782968059011544], [-76.92067063019654, 38.7828219566334], [-76.92068500067249, 38.782676207821666], [-76.92070800067249, 38.78254020782167], [-76.92074617155708, 38.782385280254346], [-76.92078717155708, 38.782259280254344], [-76.92081391456769, 38.78218589167859], [-76.92085391456769, 38.78208689167859], [-76.92094086131983, 38.7819142421431], [-76.92102432312721, 38.78177712631671], [-76.92106799973664, 38.781697435660924], [-76.92113818486145, 38.78158430622292], [-76.92122160516568, 38.781476753911164], [-76.9213136051657, 38.781369753911164], [-76.92142280097666, 38.781256179722405], [-76.92156984862719, 38.78111893524858], [-76.92174280996491, 38.780955745737835], [-76.92183670744436, 38.780866790231], [-76.92191544029066, 38.7807972246332], [-76.92197244029066, 38.780750224633195], [-76.9220785890003, 38.780669877046634], [-76.9221931720379, 38.78059687943042], [-76.92223217067703, 38.780574130224245], [-76.92223715882118, 38.780552340769646], [-76.92229381824245, 38.780404899786745], [-76.92237171458, 38.78026344700064], [-76.92258671458, 38.77992744700064], [-76.92262208733725, 38.77987508054741], [-76.92276477897748, 38.77967464856903], [-76.92292186722929, 38.779322343848946], [-76.92299400023083, 38.779185374778784], [-76.9232467216078, 38.77877183070738], [-76.92326131168112, 38.778743731306925], [-76.9232355344736, 38.778540040824005], [-76.92322979145477, 38.77848169188307], [-76.92320371880567, 38.778111306897074], [-76.92306059624927, 38.77761732961671], [-76.92304145360406, 38.77754107434293], [-76.92298145360405, 38.77725907434293], [-76.92296402295672, 38.777149408425615], [-76.9229581996869, 38.777039], [-76.9229581996869, 38.776771], [-76.92296704599232, 38.77663497779943], [-76.92299349453198, 38.776500345244], [-76.92303727509935, 38.77636847778176], [-76.92307227509934, 38.776281477781765], [-76.92310203702837, 38.776213845983435], [-76.92326903702836, 38.77586484598343], [-76.92333613391283, 38.7757432486104], [-76.92341823653433, 38.7756273584546], [-76.9235145530443, 38.775518293232544], [-76.92362415450658, 38.775417104836826], [-76.92377799770527, 38.77528846009309], [-76.92409460508337, 38.77494126662364], [-76.92422602694884, 38.77481420615357], [-76.92513196230172, 38.77403944269034], [-76.92559663142143, 38.77355937517875], [-76.92567915301738, 38.77348049924689], [-76.92576908568378, 38.773406690900075], [-76.92608708568378, 38.773164690900074], [-76.92609068576962, 38.77316195915802], [-76.92617177874784, 38.77310060435338], [-76.92621513116885, 38.7730177625984], [-76.92632486135543, 38.77275972520652], [-76.92638421362759, 38.77263969314645], [-76.92645800295487, 38.772524610492255], [-76.92657100295486, 38.77236761049225], [-76.92665099783856, 38.77226708372889], [-76.92674201068549, 38.77217240022124], [-76.92684334074461, 38.772084288982455], [-76.92700534074463, 38.771955288982454], [-76.92710300504176, 38.77188333419168], [-76.92720755173302, 38.771817493755364], [-76.92784755173301, 38.771445493755365], [-76.92792608043294, 38.77140243681594], [-76.92928108043293, 38.77070243681594], [-76.92939539758073, 38.770648213457804], [-76.93065972700306, 38.77009950599986], [-76.93143059133162, 38.76970676910115], [-76.93242643743042, 38.76907659768982], [-76.93264004922031, 38.76884107699839], [-76.9326447115581, 38.76883596178042], [-76.93293858959076, 38.76851512246035], [-76.93324359921597, 38.768130901380246], [-76.9332486784762, 38.768124542608184], [-76.9333346784762, 38.768017542608185], [-76.9334007846404, 38.76794122211023], [-76.9338497846404, 38.76745922211023], [-76.93395719491083, 38.76735517832724], [-76.93407730569817, 38.76725991169371], [-76.93420893885668, 38.76717435666341], [-76.93435080321971, 38.767099352430655], [-76.93450150726451, 38.767035634698885], [-76.93465957276143, 38.766983828464184], [-76.93482344927365, 38.76694444188487], [-76.93499152936505, 38.76691786129701], [-76.93516216436741, 38.766904347424955], [-76.9353336805518, 38.766904032823916], [-76.93550439554592, 38.76691692057974], [-76.93567263483624, 38.7669428842787], [-76.93583674819293, 38.7669816692474], [-76.93599512585675, 38.76703289505087], [-76.93614621432887, 38.767096059224144], [-76.9362885316089, 38.76717054220088], [-76.93642068173143, 38.76725561339057], [-76.93654136845906, 38.767350438344785], [-76.93664940799673, 38.767454086942124], [-76.93706120874691, 38.76789179568653], [-76.93724893784966, 38.76798775944513], [-76.93822694436585, 38.76847578859315], [-76.93927068823723, 38.768968803505224], [-76.93966765757952, 38.7691534633734], [-76.93968798375901, 38.76916306659014], [-76.93988530051496, 38.76925773877102], [-76.94025198480271, 38.769433308305295], [-76.94043544430377, 38.76951241469566], [-76.94051390040208, 38.76954837384868], [-76.94120890040209, 38.769886373848685], [-76.94121621943115, 38.769889953115964], [-76.94134508168477, 38.769953321022854], [-76.94142172455153, 38.76996218879256], [-76.94162770170028, 38.76999608757732], [-76.94173062410277, 38.770018187479685], [-76.94181385889156, 38.770031135113506], [-76.94201593991531, 38.77005575843151], [-76.94217144367624, 38.770080433436995], [-76.94232944367624, 38.770111433436995], [-76.9424783308156, 38.7701462448435], [-76.94262260571463, 38.77019130493883], [-76.94302987362477, 38.770335338711924], [-76.94351513724415, 38.77050537985725], [-76.94367156460058, 38.770567808214174], [-76.94381905140025, 38.77064225458546], [-76.94395607774015, 38.77072795177518], [-76.9440812315159, 38.770824016643815], [-76.94419322297402, 38.770929459209306], [-76.94429089800339, 38.771043192849106], [-76.94437325002862, 38.771164045498274], [-76.94443943038333, 38.77129077172798], [-76.94448875705577, 38.771422065580104], [-76.94452072171734, 38.77155657402554], [-76.94453499496102, 38.77169291090772], [-76.94453142969604, 38.77182967122738], [-76.94451006266371, 38.77196544562156], [-76.94436979164296, 38.77259141697947], [-76.94433476854483, 38.77280418230056], [-76.94432558731492, 38.772852881937325], [-76.94425458731492, 38.773186881937335], [-76.94424822512124, 38.7732149623745], [-76.94413922512125, 38.7736679623745], [-76.94413831538874, 38.773671713801434], [-76.94404644790058, 38.77404762056423], [-76.94391635375113, 38.77471736451876], [-76.943915205071, 38.774723191793306], [-76.94380592117068, 38.77526961129488], [-76.94374661251038, 38.77557702785078], [-76.94371316132292, 38.77570669505975], [-76.9436771613229, 38.775817695059764], [-76.94363954162797, 38.775917333653105], [-76.94359217156217, 38.77601442210561], [-76.94354417156218, 38.77610242210561], [-76.94347710223768, 38.77621149598983], [-76.94339773616494, 38.77631545264352], [-76.94330671242668, 38.77641345497226], [-76.9432675508152, 38.776451863475835], [-76.94326998886777, 38.776454018233565], [-76.9435468977842, 38.776689583110375], [-76.94356146308698, 38.776702130910806], [-76.94380446308698, 38.77691413091081], [-76.94381022287875, 38.77691918133105], [-76.94402922287875, 38.777112181331056], [-76.9441309818239, 38.77721082994497], [-76.94422040357973, 38.77731646828475], [-76.94428140357974, 38.77739646828474], [-76.94436648916034, 38.777522861015946], [-76.94443392098268, 38.77765554544623], [-76.94445892098267, 38.77771354544623], [-76.94450510474775, 38.777841222078465], [-76.94453493190412, 38.77797181304808], [-76.94454393190411, 38.77802681304808], [-76.94455554319507, 38.77816930165062], [-76.94615188028133, 38.779708954982375], [-76.94618227432727, 38.779739138715925], [-76.94647830240775, 38.78004189470734], [-76.94649981645122, 38.780059612154915], [-76.94651310312433, 38.78007067803003], [-76.94679210312434, 38.78030567803002], [-76.94690048157294, 38.78040640107056], [-76.94699573995202, 38.780514856539206], [-76.94707697292785, 38.78063001367732], [-76.94714340846384, 38.780750778033756], [-76.94719441515795, 38.78087600186646], [-76.94722950824361, 38.78100449505061], [-76.94724835419679, 38.781135036389514], [-76.94725077390594, 38.7812663852209], [-76.94723674437418, 38.781397293208066], [-76.94720639893794, 38.7815265162041], [-76.9471600259996, 38.7816528260762], [-76.94709806628666, 38.78177502237784], [-76.94702110866302, 38.78189194375782], [-76.9469298845324, 38.78200247899763], [-76.94682526088711, 38.782105577572565], [-76.94670823206823, 38.7822002596358], [-76.94657991031532, 38.78228562533088], [-76.94630091031532, 38.78245362533088], [-76.9462393460196, 38.7824890314841], [-76.94601472467025, 38.78261233426736], [-76.9458059948031, 38.782730519214965], [-76.9457907867661, 38.78273903263943], [-76.9455287867661, 38.78288403263942], [-76.94549715580446, 38.7829011294065], [-76.94524515580446, 38.7830341294065], [-76.94523825827021, 38.78303775097661], [-76.94496492374998, 38.783180523646976], [-76.94448207311272, 38.78344635296892], [-76.9444027897081, 38.783497457332146], [-76.94432413279704, 38.78355399198698], [-76.94425347212137, 38.783612875883364], [-76.94419379771317, 38.783667894841265], [-76.94413584254455, 38.78373302541172], [-76.94411354113359, 38.78375750116438], [-76.94401582176727, 38.78386225632508], [-76.94381904867677, 38.7840989158528], [-76.94381530660863, 38.78410339693951], [-76.94378930660864, 38.784134396939514], [-76.94375451837224, 38.78417429681658], [-76.94367780903676, 38.78425897595313], [-76.94362109947625, 38.78432165494108], [-76.94359443377347, 38.78435032038324], [-76.94346343377347, 38.78448732038325], [-76.94337820045685, 38.78456952290627], [-76.9432629205159, 38.78467219410365], [-76.94318731234802, 38.78474264716919], [-76.94315214698254, 38.78477439784785], [-76.94308014698252, 38.78483739784785], [-76.94306415044522, 38.78485120190561], [-76.94297015044525, 38.784931201905614], [-76.94290591228311, 38.784983022089236], [-76.94280391228311, 38.78506102208923], [-76.94276340162452, 38.785091015860175], [-76.94266842420333, 38.78515909702048], [-76.94262942656786, 38.7851886814336], [-76.94246688001934, 38.785312573619976], [-76.94241373454051, 38.78535140922513], [-76.94224809625726, 38.78546744010374], [-76.94215504552997, 38.78553930855165], [-76.94214664436088, 38.785545753203486], [-76.94210464436088, 38.78557775320349], [-76.94207970296063, 38.78559638039152], [-76.9418774921694, 38.78574441030089], [-76.94156216603103, 38.78598027759801], [-76.94145125901564, 38.78607924078097], [-76.94138234977737, 38.78614869691797], [-76.94131006413653, 38.78622929860598], [-76.94129375984566, 38.786248863755034], [-76.94122522818908, 38.78634275212454], [-76.94117402563268, 38.786415388309216], [-76.94114577064462, 38.786462950872405], [-76.9411002712262, 38.786543449843485], [-76.94108041540589, 38.786577303016514], [-76.94099540935234, 38.78671709074901], [-76.94082826052428, 38.787001826833986], [-76.94080469817507, 38.78704034007577], [-76.94052885051605, 38.78747342090043], [-76.94059784715375, 38.78752463269054], [-76.9408089792896, 38.78765101460284], [-76.94099446316177, 38.78777952690897], [-76.94106888140539, 38.787839061503874], [-76.94124760136997, 38.787979417497], [-76.94169235003235, 38.788321161599036], [-76.94219808804075, 38.78869670085571], [-76.9422038705744, 38.788700302258256], [-76.94221178522048, 38.7887045338512], [-76.94226710547721, 38.78872369238167], [-76.94285629353821, 38.78889783219143], [-76.94309545984166, 38.78896364927493], [-76.94311070722607, 38.78896790779425], [-76.94354470722607, 38.78909090779426], [-76.94355741529625, 38.78909455324876], [-76.94375386181059, 38.789151586107764], [-76.94392172398433, 38.78919658530494], [-76.94458105400538, 38.789201553346], [-76.94499233751924, 38.78920253963741], [-76.9450128030029, 38.78920268281184], [-76.9453229608127, 38.78920627884441], [-76.94564312593874, 38.789199965729246], [-76.9457316790205, 38.78919998174738], [-76.94598067902048, 38.78920498174739], [-76.94601137785543, 38.78920581022261], [-76.94618837785542, 38.78921181022261], [-76.94620270812102, 38.789212342275086], [-76.9464085535326, 38.78922064993744], [-76.94658540484981, 38.78922505287479], [-76.94688441265627, 38.789219867768324], [-76.94696588150481, 38.789219946379234], [-76.94740753971419, 38.78922845799356], [-76.94766719040891, 38.78922754693848], [-76.94768689637468, 38.78922756503017], [-76.94974489637468, 38.789238565030175], [-76.94991211152342, 38.78924575936407], [-76.95007765170983, 38.78926548696501], [-76.95023996888406, 38.789297563350196], [-76.95039754513624, 38.78934168855718], [-76.95054890689124, 38.78939744994885], [-76.95069263868885, 38.78946432607227], [-76.95082739642046, 38.789541691535064], [-76.95095191989847, 38.789628822853686], [-76.95106504464094, 38.789724905219195], [-76.95116571276127, 38.78982904011685], [-76.95125298286102, 38.78994025372866], [-76.95132603883346, 38.79005750603996], [-76.95138419749524, 38.79017970056516], [-76.95142691497539, 38.79030569460158], [-76.95145379180116, 38.79043430991532], [-76.95146457663375, 38.79056434375966], [-76.9514591686188, 38.790694580122434], [-76.95143761832935, 38.79082380109765], [-76.95140012729306, 38.790950798274714], [-76.95134704610754, 38.79107438403888], [-76.95003104610755, 38.79370738403888], [-76.94992904821642, 38.79387592689825], [-76.94956344242323, 38.794385377593684], [-76.94773283597301, 38.79694182799956], [-76.94511825787967, 38.800589887709165], [-76.94513685945128, 38.80059801039544], [-76.94543024042393, 38.80072346936401], [-76.94560611368051, 38.80079776876117], [-76.94579378238741, 38.80087526379935], [-76.94602469400671, 38.80096879761982], [-76.9460652264913, 38.80098575217464], [-76.94625794617126, 38.80106895274131], [-76.94666384487488, 38.80122593493223], [-76.94669673581872, 38.8012375630437], [-76.94691930568794, 38.80130622018979], [-76.9470548461579, 38.80134311286209], [-76.94707171347001, 38.80134778023876], [-76.94720850914503, 38.801386254022354], [-76.9472728240202, 38.801400594501274], [-76.94741203869141, 38.801427832154346], [-76.94789738536413, 38.80151456711107], [-76.94792746247013, 38.80151926665887], [-76.94821093245646, 38.80156072655484], [-76.94821882702881, 38.80156189596541], [-76.94836525821076, 38.801583860642694], [-76.94857646013996, 38.80160886005473], [-76.94858564105323, 38.80160996638728], [-76.94879764105322, 38.80163596638728], [-76.94881703663506, 38.801638432927476], [-76.94922703663507, 38.80169243292748], [-76.9492631242546, 38.80169749228209], [-76.9494581242546, 38.801726492282086], [-76.94947871636592, 38.80172965545943], [-76.95007171636591, 38.80182365545944], [-76.95008199744491, 38.80182531044502], [-76.9504429974449, 38.801884310445026], [-76.95051440542564, 38.80189721461204], [-76.95073140542566, 38.80194021461204], [-76.95077811918155, 38.80195001388182], [-76.95092711918154, 38.80198301388182], [-76.95095510738241, 38.80198941136274], [-76.95109510738241, 38.80202241136273], [-76.95126048199813, 38.802068640573005], [-76.95142048199814, 38.80212064057301], [-76.95154049908643, 38.80216390558104], [-76.95160776939741, 38.802190629403206], [-76.95170201813428, 38.80222738641059], [-76.95186223284956, 38.80229841428108], [-76.95199223284956, 38.80236341428108], [-76.95206436774419, 38.80240151136689], [-76.95219536774418, 38.80247451136689], [-76.95219770615279, 38.8024758167382], [-76.95234970615279, 38.8025608167382], [-76.95235972857685, 38.802566463743695], [-76.95256183174598, 38.80268119480041], [-76.95263044115882, 38.802717082800974], [-76.95269192552027, 38.80273865626113], [-76.9527318880293, 38.80275315733605], [-76.95274878854897, 38.80275949503092], [-76.95275745240009, 38.802759912565925], [-76.95275901129818, 38.80275972492078], [-76.95282463641398, 38.80275113845703], [-76.9528871961961, 38.802741173182], [-76.95302900329618, 38.80271579717461], [-76.9532923925843, 38.8026614901049], [-76.9533295460231, 38.802654170961084], [-76.95365411973513, 38.802593196130786], [-76.9536998320546, 38.80258364430284], [-76.95379196066374, 38.802566480986634], [-76.95391396066374, 38.80254648098664], [-76.95391717668657, 38.80254595624864], [-76.95403417668656, 38.802526956248634], [-76.95408851608515, 38.802518834517564], [-76.95427151608517, 38.80249383451756], [-76.95437773135458, 38.80248195055748], [-76.9544807313546, 38.80247295055748], [-76.95460971612319, 38.80246546187505], [-76.95478271612319, 38.80246046187506], [-76.95487302929418, 38.80245968544701], [-76.95504402929417, 38.802461685447014], [-76.95513564843125, 38.80246464614821], [-76.95528664843124, 38.80247264614821], [-76.95545151847261, 38.80248758438882], [-76.95562251847264, 38.80250958438882], [-76.95567592038886, 38.80251712552634], [-76.95579292038884, 38.80253512552634], [-76.95588990123038, 38.802552311104506], [-76.95611890123037, 38.8025983111045], [-76.9561549788102, 38.802605882076136], [-76.95662097881021, 38.80270788207614], [-76.95665758813618, 38.802716234932944], [-76.95705758813617, 38.80281123493294], [-76.95708176464535, 38.802817127610815], [-76.957294280292, 38.80287025652248], [-76.95742879123898, 38.80290339690072], [-76.95753981504835, 38.80293402011718], [-76.95785681504834, 38.803031020117174], [-76.95800922372052, 38.80308439944582], [-76.95817822372052, 38.803151399445824], [-76.9582655640246, 38.80318852269433], [-76.95829856402462, 38.803203522694325], [-76.95831390017833, 38.803210576244986], [-76.95841490017833, 38.80325757624499], [-76.95850897892058, 38.803304629461216], [-76.95865997892058, 38.803385629461225], [-76.95867174307386, 38.80339199606429], [-76.95884574307385, 38.80348699606429], [-76.95887610558673, 38.80350395669127], [-76.95905810558672, 38.80360795669127], [-76.95907837733756, 38.80361971877891], [-76.95920800545035, 38.80369608385525], [-76.95942389306636, 38.8037975324771], [-76.95970153166357, 38.80390688374046], [-76.95983501671999, 38.803950385566885], [-76.95998974238326, 38.803995055319035], [-76.96018862964674, 38.804041717330854], [-76.96066336475717, 38.80414857652545], [-76.96141643888781, 38.80427470716802], [-76.9614315123393, 38.80427728652077], [-76.96150853989967, 38.804290747647826], [-76.96220316775303, 38.80439480121291], [-76.9624925642073, 38.80443262006773], [-76.96254182705792, 38.804437121241904], [-76.96266313426781, 38.804436628123156], [-76.96272982903952, 38.80443522893214], [-76.96280945471449, 38.804429428386285], [-76.96290663633737, 38.80442109853289], [-76.96303778069996, 38.80440639625009], [-76.96307689260287, 38.804399691352444], [-76.96315378911554, 38.804383623424435], [-76.96320374887011, 38.80437222909443], [-76.96333493389196, 38.80433618925328], [-76.96345525391295, 38.80430229628961], [-76.96350909150543, 38.80428189819557], [-76.96357243368342, 38.80425593183689], [-76.96378282072519, 38.80414855328737], [-76.96390266276933, 38.80407623481246], [-76.96393667854147, 38.80405622501285], [-76.96416167854147, 38.80392722501285], [-76.96425500144758, 38.80387729901416], [-76.96455200144756, 38.803729299014165], [-76.96476690879959, 38.80363818579274], [-76.9648739087996, 38.80360018579274], [-76.96490533704447, 38.8035893164574], [-76.96500633704449, 38.8035553164574], [-76.96522187015897, 38.803495574288505], [-76.96534887015896, 38.803467574288504], [-76.96543668349378, 38.8034501316695], [-76.96553268349378, 38.8034331316695], [-76.96564230280708, 38.80341659244091], [-76.96572230280708, 38.803406592440915], [-76.96588775459963, 38.803392216922006], [-76.96600975459964, 38.803386216922], [-76.96612591223088, 38.803383543970746], [-76.96644791223088, 38.80338454397074], [-76.96664348759, 38.80339377556264], [-76.96690548759001, 38.803417775562636], [-76.96699014394619, 38.80342718448592], [-76.96744114394617, 38.80348618448592], [-76.96750651086766, 38.80349574352886], [-76.96771051086768, 38.803528743528865], [-76.96781317675779, 38.80354790888831], [-76.96799717675779, 38.80358690888831], [-76.9680776826302, 38.80360561623443], [-76.96822912982327, 38.8036439454623], [-76.96831353389483, 38.80366438013226], [-76.96841217581229, 38.80369082278218], [-76.96854117581229, 38.80372882278218], [-76.96860086353504, 38.80374739786493], [-76.96897287477891, 38.80386944879796], [-76.96968692550298, 38.80409637998698], [-76.97046364081176, 38.804337161732704], [-76.97070416975018, 38.804407355002674], [-76.97073157739617, 38.804415560250554], [-76.97093178053989, 38.804477017959776], [-76.97124792701186, 38.80456888251054], [-76.97129143552505, 38.80457915535393], [-76.97131773515956, 38.80457935765881], [-76.97144598388715, 38.804576726915684], [-76.97161226004968, 38.80456801721192], [-76.97170384993802, 38.804562521818625], [-76.97170943051009, 38.804562194041054], [-76.97182818802689, 38.804555368896416], [-76.97204231922748, 38.80453228412014], [-76.97209620601882, 38.80452714321035], [-76.97232003900676, 38.80450855500374], [-76.97242869101893, 38.804463755217576], [-76.97258070941326, 38.80441482071472], [-76.97273800962931, 38.80437733060728], [-76.97289917214708, 38.804351623216185], [-76.97306274259209, 38.80433793053195], [-76.97322724486008, 38.804336376121086], [-76.97339119443778, 38.80434697401101], [-76.9735531117995, 38.80436962856349], [-76.9737115357589, 38.804404135337656], [-76.97386503665493, 38.80445018293499], [-76.97401222925374, 38.80450735580943], [-76.97415178524919, 38.804575138017356], [-76.97428244524995, 38.804652917873675], [-76.97440303014459, 38.80473999347177], [-76.97451245174216, 38.80483557901771], [-76.97471854532527, 38.80503382141672], [-76.9748106043667, 38.80512108571641], [-76.9749109153281, 38.805226196524835], [-76.97499764287222, 38.805338385507554], [-76.97506996828761, 38.80545659359617], [-76.9751272088195, 38.80557970490167], [-76.97516882411504, 38.80570655724848], [-76.97519442132418, 38.805835953145476], [-76.97520375880825, 38.80596667109028], [-76.97519674842107, 38.80609747710036], [-76.97517345634093, 38.806227136361834], [-76.975134102446, 38.80635442488617], [-76.9750790582386, 38.806478141064694], [-76.97500884333822, 38.80659711701182], [-76.97496259403205, 38.80665886403395], [-76.97547202237027, 38.806585306958866], [-76.97628004412363, 38.80646251933949], [-76.97632127267514, 38.80645665627374], [-76.97671598340686, 38.806404357101776], [-76.97708169981875, 38.806354083417126], [-76.97709667929256, 38.80635207694823], [-76.97756699615529, 38.80629073127048], [-76.97867134599322, 38.806133531964996], [-76.97872758707459, 38.806126268549136], [-76.97945158707459, 38.806042268549135], [-76.97945532825331, 38.80604183773831], [-76.98019032825329, 38.805957837738305], [-76.9801990235044, 38.80595686151964], [-76.9809790235044, 38.80587086151965], [-76.9810163166362, 38.80586707064793], [-76.98252937324159, 38.805726251518315], [-76.98351193866546, 38.80563305156892], [-76.98447745312048, 38.80553570546132], [-76.98449603949918, 38.80553391098334], [-76.98502484520994, 38.805485113469544], [-76.98542565159121, 38.805447320312], [-76.98546628062203, 38.80544386727851], [-76.98606725465943, 38.805398367666854], [-76.98674237603807, 38.80532685057167], [-76.98676485061266, 38.80532458622588], [-76.98760185061266, 38.80524458622587], [-76.98762933169377, 38.80524213277729], [-76.98787033169377, 38.80522213277729], [-76.98791403314232, 38.80521894136172], [-76.98823103314231, 38.80519894136173], [-76.98825710577357, 38.805197450437646], [-76.98847076129343, 38.805186493744316], [-76.9886952843011, 38.80516285974352], [-76.98902881604297, 38.80512140382079], [-76.98908237736318, 38.805115412599385], [-76.98926178379243, 38.80509756588653], [-76.9893682112845, 38.80508584082384], [-76.98949833848638, 38.80507538756517], [-76.98962260464711, 38.80506908420919], [-76.98970388677266, 38.805063950601266], [-76.98977148465332, 38.80506071503424], [-76.98983861560208, 38.80505852598157], [-76.99000121382608, 38.805049575620615], [-76.9902532260866, 38.805028708363366], [-76.99075393487237, 38.804972768370824], [-76.99144999972606, 38.8048860012838], [-76.99182927193696, 38.80483444972115], [-76.9919790820395, 38.80481115769106], [-76.99195435389869, 38.804616995992895], [-76.99155744674711, 38.80463298349637], [-76.99150233911251, 38.80463604503162], [-76.99148649022139, 38.80463686870212], [-76.99142449022139, 38.80463986870212], [-76.99125476739704, 38.80464159646316], [-76.99108564240197, 38.80463038832339], [-76.99091873991306, 38.8046063519523], [-76.99075566325699, 38.804569718252125], [-76.99059797900813, 38.804520839139656], [-76.9904472019393, 38.80446018416561], [-76.99030478047051, 38.804388336003996], [-76.99017208275477, 38.80430598485466], [-76.99005038353509, 38.80421392181302], [-76.989940851899, 38.80411303127053], [-76.98992896671494, 38.804099611321696], [-76.98989532215153, 38.80409523851655], [-76.98972763968241, 38.80405970420531], [-76.98956537883642, 38.80401127240649], [-76.98941017368111, 38.80395043085842], [-76.9892635872289, 38.80387779227332], [-76.98912709569653, 38.80379408816689], [-76.98900207363856, 38.80370016149153], [-76.98888978010484, 38.803596958147246], [-76.98879134596106, 38.8034855174559], [-76.98870776250028, 38.803366961694515], [-76.9886398714599, 38.80324248479332], [-76.98858835654488, 38.803113340312116], [-76.98855373654249, 38.8029808288161], [-76.98853636009763, 38.80284628477842], [-76.98850436009764, 38.80234828477842], [-76.98850421142815, 38.80221607020211], [-76.98852071665698, 38.80208448075089], [-76.98852811094388, 38.8020554197339], [-76.98845331171212, 38.80165698422212], [-76.98837062892801, 38.80135271157663], [-76.98834553838762, 38.80127351955854], [-76.98833603511139, 38.80124188902692], [-76.9882840351114, 38.80105888902692], [-76.98825563155758, 38.800929165317164], [-76.98824362622594, 38.80079790451703], [-76.98824813361556, 38.80066635850701], [-76.98826911073787, 38.800535781887675], [-76.9883063575267, 38.80040742001424], [-76.98835951874628, 38.800282497119085], [-76.98842808737936, 38.80016220463584], [-76.98851140946273, 38.80004768983627], [-76.98860869032437, 38.799940044888345], [-76.98865570140279, 38.79989753556007], [-76.9878665982116, 38.799500494679954], [-76.98772540508057, 38.79942135169538], [-76.98759513264906, 38.79933158327567], [-76.98747709625799, 38.79923209579895], [-76.98737248770287, 38.79912389377512], [-76.98728236320039, 38.79900806970358], [-76.98720763272394, 38.79888579304238], [-76.98714905081579, 38.79875829840038], [-76.98712046686984, 38.798668516167034], [-76.987112384283, 38.798661621337956], [-76.98701335062407, 38.79855903250797], [-76.98692730628635, 38.79844957993408], [-76.98685503140314, 38.798334255983775], [-76.98679718126509, 38.7982141062582], [-76.98675428037875, 38.79809022011207], [-76.98672671771116, 38.79796372077694], [-76.98671474316323, 38.797835755177175], [-76.98669474316324, 38.79721475517719], [-76.98669911180524, 38.79707958308792], [-76.98672086953069, 38.79694543222699], [-76.98675979724784, 38.79681365344067], [-76.98681550296993, 38.79668557368941], [-76.9868874257623, 38.796562482685815], [-76.98697484139079, 38.79644561990777], [-76.98707686961447, 38.79633616211739], [-76.98719248304936, 38.79623521151148], [-76.9873205175137, 38.79614378462284], [-76.98745968375094, 38.796062802084215], [-76.98760858041192, 38.795993079357835], [-76.98776570816594, 38.79593531852408], [-76.98792948479846, 38.79589010121178], [-76.98809826114335, 38.79585788274144], [-76.98827033768934, 38.79583898754036], [-76.98900554403957, 38.79578736056648], [-76.98908188129468, 38.795722070988944], [-76.98920614161914, 38.79563453198755], [-76.98934069703317, 38.795556750391356], [-76.98948428690115, 38.79548945492803], [-76.98963556594454, 38.79543327608174], [-76.9897931168458, 38.79538874018623], [-76.98995546352694, 38.795356264493684], [-76.99100490539442, 38.795187995351746], [-76.99108535237745, 38.79517474526042], [-76.99284042223303, 38.794885733755976], [-76.99284381926026, 38.794885177126744], [-76.99339581926027, 38.79479517712674], [-76.99340110369027, 38.79479432222141], [-76.99402329188571, 38.79469445252712], [-76.99411548023726, 38.79467958343817], [-76.99412221411231, 38.794678508170435], [-76.9950107043787, 38.79453806296016], [-76.99548419762124, 38.794461629040505], [-76.9954865392535, 38.79446125235293], [-76.996137393491, 38.79435691694082], [-76.99676025194944, 38.79425459728975], [-76.99692668712731, 38.794233780540175], [-76.9970949349742, 38.79422565275173], [-76.99726340135975, 38.794230290934344], [-76.99743049008296, 38.79424765114173], [-76.99759461799606, 38.79427756888777], [-76.99761896743505, 38.79428400541525], [-76.99775138203118, 38.79426207071967], [-76.99791461195231, 38.7942413143907], [-76.99807964228678, 38.79423276846388], [-76.99824496776203, 38.79423651088816], [-76.9984090804134, 38.79425250752822], [-76.99857048333871, 38.7942806124757], [-76.99872770435161, 38.794320569380126], [-76.99887930940983, 38.79437201378707], [-76.99902391569523, 38.79443447646247], [-76.99916020422683, 38.79450738767257], [-76.99928693189136, 38.79459008238056], [-76.9994029427821, 38.79468180631254], [-76.99950717874198, 38.794781722837335], [-76.99959868901531, 38.79488892059761], [-76.99967663891971, 38.79500242182254], [-76.99975163891972, 38.79512542182254], [-76.99975489265626, 38.79513078843093], [-76.9998384043477, 38.79526931958967], [-77.00010190320963, 38.7957018554574], [-77.0002824154059, 38.79599869698348], [-77.0005330674941, 38.7964113493129], [-77.00062855220216, 38.79645113460792], [-77.0007645108516, 38.79651416678707], [-77.00089250618367, 38.79658659309516], [-77.00101146923576, 38.7966678086584], [-77.00125274401394, 38.79684835914083], [-77.00125939249428, 38.79681184213262], [-77.00134239249427, 38.79640284213263], [-77.00137604796011, 38.796276566330455], [-77.00142506412115, 38.796153372223486], [-77.00152906412117, 38.79593037222349], [-77.00156100589098, 38.7958693353273], [-77.00166933697561, 38.79534723968324], [-77.00170637972396, 38.79521275558627], [-77.00175923472777, 38.79508578746208], [-77.0018226269739, 38.79482165310316], [-77.00182858940667, 38.79479798546992], [-77.00185608729943, 38.79469378292898], [-77.00192277640639, 38.7943314119984], [-77.00195840091233, 38.79393419875698], [-77.00196211308317, 38.793899332483484], [-77.00197436129277, 38.79379998589462], [-77.00189196966191, 38.79374426685514], [-77.00177491434835, 38.79364782487412], [-77.00167061362065, 38.793542895008166], [-77.0015800782889, 38.793430494164475], [-77.00150418575846, 38.793311711653786], [-77.00144367152694, 38.79318769863349], [-77.00139912205614, 38.793059656951435], [-77.00137096908848, 38.79292882749848], [-77.00135948546297, 38.79279647818259], [-77.00136478247087, 38.79266389164119], [-77.00144878247087, 38.791851891641194], [-77.00147185912606, 38.791715874163714], [-77.00151259236576, 38.79158238755642], [-77.00157055990553, 38.791452815684615], [-77.0016451607917, 38.791328501829256], [-77.0017356216315, 38.79121073476107], [-77.00184100461085, 38.791100735379764], [-77.00196021721679, 38.79099964405686], [-77.00209202356365, 38.79090850881342], [-77.00223505720547, 38.7908282744551], [-77.00234988407819, 38.790776789107326], [-77.00240953111526, 38.79071556748281], [-77.0025217528018, 38.79062076681625], [-77.0026637528018, 38.790511766816245], [-77.00279486566018, 38.79042085652435], [-77.00293713773956, 38.79034074561714], [-77.00308910595332, 38.790272257932955], [-77.00324920750242, 38.7902160977802], [-77.00335393071137, 38.790188906149886], [-77.00342979351896, 38.7901619872591], [-77.00359100117036, 38.79011910062633], [-77.0037568446385, 38.79008874620827], [-77.0039257188674, 38.790071217779165], [-77.00409598946901, 38.790066684981575], [-77.00426600854094, 38.79007519168454], [-77.00432301822062, 38.790082470018525], [-77.00493493439174, 38.78997852561724], [-77.00519928736632, 38.78993063558561], [-77.00522060352891, 38.78992688412691], [-77.00613960352891, 38.78976988412691], [-77.00614338880632, 38.7897692409108], [-77.00635638880632, 38.7897332409108], [-77.00648926693438, 38.78971496834553], [-77.00662357015673, 38.7897048009271], [-77.00680057015671, 38.789696800927096], [-77.00681335862073, 38.78969625982734], [-77.00709103678436, 38.789685311942755], [-77.0076057136926, 38.78966440630431], [-77.00789371238291, 38.78965244788119], [-77.0079303847988, 38.789651228248196], [-77.00795200040636, 38.78965068785801], [-77.00797195582942, 38.78964985854173], [-77.00802819871915, 38.78958493384675], [-77.00813659541124, 38.789483014433976], [-77.00825731441915, 38.789389856572384], [-77.00838919215371, 38.78930635819412], [-77.00853095746875, 38.78923332412528], [-77.00868124391346, 38.789171458328354], [-77.00883860290335, 38.78912135711682], [-77.00898446526126, 38.789087465585766], [-77.00906578114612, 38.78906135194794], [-77.00920255198167, 38.789009516425786], [-77.00920546912931, 38.789008285162176], [-77.00930895046844, 38.788930930299756], [-77.00931786995072, 38.78892367801042], [-77.00931869046283, 38.788922823662766], [-77.00940962345175, 38.78882313992318], [-77.00952103714155, 38.788723374901785], [-77.00964447626521, 38.78863258232415], [-77.00977875326025, 38.78855163567234], [-77.00992257629697, 38.788481313704374], [-77.01007456170674, 38.7884222929621], [-77.01023324729371, 38.78837514126242], [-77.01039710640208, 38.788340312234524], [-77.01056456260353, 38.78831814095571], [-77.0107340048634, 38.7883088407277], [-77.0109038030399, 38.788312501024606], [-77.01107232356709, 38.78832908663202], [-77.01123794517085, 38.78835843798592], [-77.0113990744665, 38.7884002727077], [-77.01155416128823, 38.78845418832085], [-77.01170171360268, 38.78851966612305], [-77.01184031186315, 38.788596076176404], [-77.01214280732256, 38.78878082815002], [-77.012414645758, 38.78894018171564], [-77.01259022520672, 38.78904173637935], [-77.01265410534552, 38.789069859505894], [-77.01282032248152, 38.789164973536614], [-77.01283732248152, 38.789175973536615], [-77.01291937811793, 38.7892325821469], [-77.01317131418394, 38.789417799966174], [-77.01338083354395, 38.78957131318958], [-77.01351092067411, 38.7896266466507], [-77.013650700384, 38.789700732116096], [-77.0137805256805, 38.789785073073595], [-77.01389915833975, 38.78987886511153], [-77.01400546688905, 38.789981213677464], [-77.01409843739827, 38.790091142610095], [-77.01417718315041, 38.79020760344947], [-77.0142409530987, 38.79032948543684], [-77.01428913902991, 38.790455626108624], [-77.01432128136511, 38.79058482238354], [-77.0143558762072, 38.79077262295495], [-77.01458246172932, 38.791974424578825], [-77.01459893800522, 38.792107526893226], [-77.01459837795984, 38.79224124443889], [-77.01458078710844, 38.79237426037376], [-77.01454633868461, 38.792505264765246], [-77.01449537193432, 38.79263296749029], [-77.01442838877489, 38.79275611094044], [-77.0143460488523, 38.792873482406684], [-77.01424916304497, 38.79298392602218], [-77.01413868547829, 38.793086354145096], [-77.01401570412838, 38.7931797580697], [-77.01388143010793, 38.793263217959954], [-77.01373718573906, 38.793335911908095], [-77.01358439153134, 38.793397124028665], [-77.01342455219253, 38.793446251508534], [-77.01300393652586, 38.793557096107754], [-77.01177031286011, 38.79388792248661], [-77.01160163770828, 38.79392583242828], [-77.01142889617324, 38.79395025929372], [-77.01125386370069, 38.79396095202246], [-77.01107833928276, 38.793957800714104], [-77.01090412696776, 38.79394083775796], [-77.0104310917833, 38.79387568385519], [-77.01044584259903, 38.79400333514533], [-77.01045271957419, 38.79413701129365], [-77.01044252611477, 38.79427055918308], [-77.01041536270287, 38.79440266236462], [-77.01037149710194, 38.79453201863046], [-77.01031136171738, 38.794657352850564], [-77.01023554933404, 38.79477742954222], [-77.01014480727288, 38.794891065048816], [-77.01004003002426, 38.79499713920776], [-77.00992225043039, 38.79509460639249], [-77.00979262950426, 38.79518250581974], [-77.00973062950428, 38.795220505819735], [-77.00967136719383, 38.79525525323163], [-77.00953936719384, 38.795329253231635], [-77.00953212270325, 38.79533329254349], [-77.0094810043041, 38.79536164001937], [-77.00902999691901, 38.79565881542815], [-77.00879668657225, 38.795817236033976], [-77.0087615901465, 38.795840434634805], [-77.0084895901465, 38.79601543463481], [-77.00847902262167, 38.79602217913942], [-77.00803882800264, 38.79630087058727], [-77.00740657692742, 38.79670950860615], [-77.00736670131161, 38.79673451510198], [-77.00711260340263, 38.79688909685862], [-77.00701272409434, 38.79697206690654], [-77.00679972409434, 38.797125066906545], [-77.00675428730416, 38.79715657214022], [-77.00662428730416, 38.79724357214021], [-77.00648283111785, 38.79732875820464], [-77.00633083618081, 38.79740213673577], [-77.00616992406249, 38.797462924889174], [-77.00616257481694, 38.79746534476271], [-77.00594171765009, 38.79758193940917], [-77.00565368625523, 38.7977492640056], [-77.00541551522174, 38.79789902306454], [-77.00535404975213, 38.7979359307337], [-77.00518304975212, 38.7980339307337], [-77.00506122261127, 38.79809773285589], [-77.00499654281965, 38.79812858927024], [-77.00492515317278, 38.79816741521855], [-77.00475760458943, 38.798247910548206], [-77.00466569758086, 38.798281523233605], [-77.00444568303564, 38.79913114712581], [-77.0044314171082, 38.799181283650356], [-77.00442299926759, 38.79920840780344], [-77.00436657452003, 38.799392530663766], [-77.004350575268, 38.79944076821347], [-77.0043230851124, 38.799517740649165], [-77.0050601124591, 38.79920555897145], [-77.00527118431822, 38.79911280420984], [-77.00558655001372, 38.79894427545192], [-77.00561023748428, 38.7989318395971], [-77.00593413062616, 38.79876480569932], [-77.0059933857537, 38.798728594232486], [-77.00615752514378, 38.79861888448472], [-77.00617591400979, 38.7986067654703], [-77.00666487372268, 38.79828904063661], [-77.00715086550291, 38.79796834544967], [-77.00729790065164, 38.79788136892801], [-77.00745600480242, 38.79780707133134], [-77.00762337952105, 38.79774629779458], [-77.00779812092063, 38.797699739616526], [-77.00817516968667, 38.79761646821552], [-77.00865369641684, 38.79730731476221], [-77.00880327659372, 38.79722081942869], [-77.00896393632377, 38.797147331343425], [-77.00925693632375, 38.797029331343424], [-77.0092599724645, 38.797028111550745], [-77.00939611309177, 38.796973548313105], [-77.0094744441168, 38.79688816263052], [-77.00958498682968, 38.79677987828235], [-77.00970921122651, 38.79668097955549], [-77.00984580893031, 38.796592508087684], [-77.00999334124386, 38.796515395692914], [-77.01015025430266, 38.79645045454726], [-77.0103148954407, 38.796398368634726], [-77.01048553059705, 38.79635968654328], [-77.01066036257953, 38.796334815686926], [-77.0108375499935, 38.79632401801465], [-77.01131654999351, 38.79631401801465], [-77.01132611295444, 38.796313838933294], [-77.01410022130132, 38.79626785371385], [-77.01611332967289, 38.796232869208886], [-77.01629703372166, 38.79623726686334], [-77.01647910426068, 38.79625678767414], [-77.01665749063586, 38.796291211779064], [-77.0168301836877, 38.79634015146064], [-77.01699523838039, 38.796403055512926], [-77.0171507957087, 38.79647921544981], [-77.0184487957087, 38.7971922154498], [-77.01858405105797, 38.797274627645805], [-77.01870814687369, 38.79736706104885], [-77.01881986200148, 38.79746860607586], [-77.0193208419622, 38.79797257398863], [-77.01983689459887, 38.798487634216386], [-77.020049968374, 38.79869872590988], [-77.02014176010708, 38.79879873720031], [-77.02022145910132, 38.79890483963519], [-77.02028840240058, 38.799016150628034], [-77.02034203315382, 38.79913174426626], [-77.02037178651098, 38.799220480839786], [-77.02039703876552, 38.79922318316326], [-77.02056844914516, 38.7992556212156], [-77.02073472902181, 38.79930145887188], [-77.0208941530423, 38.7993602205114], [-77.0210450669912, 38.79943129641169], [-77.02118590495525, 38.79951394907501], [-77.02131520557164, 38.799607320880845], [-77.02143162719138, 38.7997104429847], [-77.0215339618005, 38.799822245371054], [-77.0216211475547, 38.79994156795604], [-77.02179114755471, 38.80020456795603], [-77.0218170655813, 38.800246449097656], [-77.02213306558129, 38.80078044909766], [-77.02216690253034, 38.80084155735246], [-77.02244890253034, 38.80138755735246], [-77.02247775429142, 38.80144749593852], [-77.0227257542914, 38.80200249593852], [-77.02275155131322, 38.802065112719504], [-77.02286196169496, 38.80235746696974], [-77.02309423569648, 38.80217216973258], [-77.0231068195356, 38.80216223434736], [-77.03429173436356, 38.79342230090108], [-77.03521664915452, 38.79269936750233], [-77.03613134683205, 38.791984946637626], [-77.03617061738557, 38.79195389550229], [-77.0361768784322, 38.79194897029583], [-77.03628960417365, 38.79186075015034], [-77.03633933845103, 38.79182153658547], [-77.03634400790403, 38.79181786898077], [-77.03660559368177, 38.791613193085986], [-77.03670217973314, 38.79153751741687], [-77.03670666450084, 38.791534016444864], [-77.03680329830425, 38.79145885682], [-77.03769728887269, 38.79075813675354], [-77.03769898250675, 38.79070892488408], [-77.03771900905843, 38.79058173579619], [-77.03775447267442, 38.790456601957715], [-77.03780505264173, 38.79033465500858], [-77.03782314552979, 38.79030202479537], [-77.03786145343776, 38.790175658449606], [-77.0379080546828, 38.79004970279836], [-77.03797016337104, 38.789927865860875], [-77.03804719183982, 38.78981130043912], [-77.03813841125788, 38.7897011094568], [-77.03824295852138, 38.789598335523685], [-77.03835984442055, 38.78950395107061], [-77.03837646139161, 38.78949291335703], [-77.03851877050899, 38.78518140616205], [-77.03853151287963, 38.78504924111022], [-77.03856088097237, 38.784918689388476], [-77.03860659066189, 38.784791014036024], [-77.03866819972397, 38.78466745026432], [-77.03874511211392, 38.78454919350678], [-77.03883658373303, 38.784437387853416], [-77.03894172962751, 38.78433311498225], [-77.03905953255004, 38.78423738369443], [-77.03918885280126, 38.784151120154476], [-77.03932843925595, 38.78407515892996], [-77.0394769414672, 38.78401023491741], [-77.03963037252254, 38.78395784698303], [-77.0396321996869, 38.76855393782356], [-77.0396321996869, 38.765674], [-77.039632563036, 38.765646399089626], [-77.03967656303601, 38.76397539908963], [-77.03967686929195, 38.763965532775465], [-77.03978286929195, 38.76100053277546], [-77.03979539727604, 38.76087196392325], [-77.03982366147102, 38.760744915363475], [-77.03986740307869, 38.76062055040334], [-77.03992622158347, 38.76050000777794], [-77.0399995784197, 38.76038439122356], [-77.04008680190297, 38.76027475937142], [-77.04018709338034, 38.7601721160544], [-77.04029953454311, 38.76007740111559], [-77.04042309583521, 38.75999148180268], [-77.04055664588027, 38.75991514482712], [-77.04069896184087, 38.75984908916066], [-77.0408487406154, 38.75979391963528], [-77.04100461076978, 38.75975014140513], [-77.0411651450948, 38.759718155321096], [-77.04132887367423, 38.759698254260535], [-77.04149429734404, 38.75969062044546], [-77.04714229734402, 38.75964062044545], [-77.04732063947314, 38.759646198615684], [-77.04749729650581, 38.75966602963693], [-77.04767039195983, 38.7596999028606], [-77.04783808718476, 38.75974745847932], [-77.04799860089234, 38.75980819134892], [-77.04815022807766, 38.759881456354144], [-77.04829135813, 38.75996647526119], [-77.04892335813, 38.76038947526119], [-77.04901124055255, 38.76045252993559], [-77.04989092100399, 38.7611288671671], [-77.05050445535858, 38.761450398540084], [-77.05064508291946, 38.76153246587064], [-77.05077429351294, 38.76162520267293], [-77.05089075583692, 38.761727653447124], [-77.05099326993916, 38.761838762606935], [-77.05108077958087, 38.76195738535566], [-77.05115238311947, 38.76208229948148], [-77.0512073427986, 38.76221221795027], [-77.05124509234936, 38.76234580216646], [-77.05132309234936, 38.76270880216646], [-77.05134329102565, 38.762845261970085], [-77.05134552943119, 38.76298261275689], [-77.05132978430464, 38.763119427187796], [-77.05129621926818, 38.763254283497496], [-77.05128055409637, 38.76329464547397], [-77.05136237040406, 38.76332051119282], [-77.05141056876728, 38.76334081713057], [-77.05147238762406, 38.763360359730704], [-77.05160901919868, 38.763414984817715], [-77.05173889205507, 38.76347881552312], [-77.05186098436039, 38.76355134963025], [-77.05197433549873, 38.76363201644455], [-77.05200133549874, 38.76365301644455], [-77.0521094358648, 38.76374527173261], [-77.0522060987186, 38.76384491543643], [-77.05229049431465, 38.763951092223216], [-77.05235053437643, 38.76404509810901], [-77.05242098454843, 38.76396243895451], [-77.05253208550639, 38.763857011936906], [-77.05265630981232, 38.76376085979425], [-77.0527923857443, 38.76367496686524], [-77.05293892025166, 38.76360021246186], [-77.05309441321619, 38.763537361867634], [-77.05325727280913, 38.7634870585032], [-77.05346927280911, 38.763431058503194], [-77.05363120909064, 38.76339501313537], [-77.05388920909064, 38.76334801313537], [-77.0539892053905, 38.76333219906957], [-77.0541752053905, 38.76330719906957], [-77.05431839581992, 38.76329270631811], [-77.05455239581993, 38.76327670631811], [-77.05462987612117, 38.76327276806918], [-77.05502691002954, 38.76325953360556], [-77.05504556157416, 38.76325852541397], [-77.05536320572543, 38.763046762646454], [-77.055501380663, 38.7629636679569], [-77.05562338066302, 38.76289766795691], [-77.05574602061385, 38.76283709514668], [-77.05581502061384, 38.76280609514668], [-77.05598656601536, 38.762738609160735], [-77.05612456601536, 38.76269160916074], [-77.05633343669726, 38.76263258161926], [-77.05646543669725, 38.76260258161926], [-77.05667486080733, 38.76256577317626], [-77.05723186080733, 38.762495773176255], [-77.05728598017905, 38.76248965238565], [-77.0579348305914, 38.76242439083547], [-77.05793156413029, 38.76236564328832], [-77.0578546818929, 38.761701893305464], [-77.05784291644969, 38.76165933008447], [-77.05781051349413, 38.76149095652105], [-77.05774618202653, 38.760906379271844], [-77.05766828349358, 38.760501488059845], [-77.05765145979804, 38.760370818833586], [-77.05765106384143, 38.76023949594352], [-77.05766709938469, 38.760108766737446], [-77.05769941411694, 38.75997987292414], [-77.05774770110233, 38.75985403877924], [-77.05781150169523, 38.75973245951663], [-77.05789020989673, 38.75961628993595], [-77.05798307811058, 38.759506633453896], [-77.05808922424409, 38.75940453162362], [-77.05820764008654, 38.75931095424175], [-77.05833720088549, 38.75922679013685], [-77.05847667603007, 38.75915283872716], [-77.05862474073972, 38.75908980242737], [-77.05877998864736, 38.75903827997689], [-77.05894094515753, 38.75899876075281], [-77.05910536093091, 38.758965150898575], [-77.05978420404114, 38.75881514081267], [-77.06042646988284, 38.75866037795925], [-77.06060926247775, 38.75861591489563], [-77.06077476962406, 38.7585825367829], [-77.06094370025374, 38.75856201963176], [-77.06111440778027, 38.75855456342524], [-77.06130640778026, 38.75855356342525], [-77.06150586407188, 38.758561484997045], [-77.06182386407185, 38.75858848499705], [-77.06193805723133, 38.75860118762084], [-77.06352705723134, 38.75882018762084], [-77.06352943023766, 38.7588205159999], [-77.06407643023768, 38.7588965159999], [-77.06413873275211, 38.75890609262754], [-77.06500473275212, 38.759052092627535], [-77.06503669184929, 38.75905772747709], [-77.0656016918493, 38.75916172747709], [-77.06563301539026, 38.75916773347613], [-77.06599401539025, 38.759239733476136], [-77.06599822875152, 38.759240578204356], [-77.06639022875153, 38.759319578204355], [-77.06655756879721, 38.75936044056113], [-77.06671873881905, 38.75941426268558], [-77.06687208576777, 38.75948049254809], [-77.06701603683184, 38.759558450858385], [-77.06714911556921, 38.75964733803272], [-77.06726995705036, 38.75974624239485], [-77.06737732185793, 38.75985414952668], [-77.0674701087988, 38.75996995267271], [-77.06754736619857, 38.76009246409154], [-77.06764336619857, 38.760266464091536], [-77.06769597587159, 38.76037434262749], [-77.06781316590663, 38.76064964620184], [-77.06799710490748, 38.76103906660904], [-77.06801475743025, 38.7610518242183], [-77.06806210539459, 38.760986770502576], [-77.06808305532522, 38.760949267540354], [-77.06810812382557, 38.76089437616887], [-77.06813637640474, 38.76082241205213], [-77.06816130855137, 38.76074436359311], [-77.06830322871237, 38.76018709042766], [-77.06831807514783, 38.76013435691516], [-77.06836807514783, 38.759972356915156], [-77.06839041073036, 38.75990721323826], [-77.06846330911641, 38.75971413102655], [-77.06852422443997, 38.75955005265507], [-77.06857535470849, 38.75943282247003], [-77.06865635470848, 38.75927182247003], [-77.0686782204107, 38.75923040211905], [-77.06875122041072, 38.75909840211905], [-77.06881983944542, 38.75898836668555], [-77.06892583944543, 38.75883636668555], [-77.06893552765986, 38.75882266444289], [-77.06937004488317, 38.75821647412019], [-77.06937096273944, 38.758215091526566], [-77.06905948832998, 38.75801038181782], [-77.06894646308437, 38.75792913568518], [-77.06883446308439, 38.757841135685176], [-77.06867523029854, 38.757696968949986], [-77.06858923029854, 38.757606968949986], [-77.06850143868235, 38.757505830593395], [-77.06846843868233, 38.757463830593395], [-77.0683982599935, 38.75736551461558], [-77.0683582599935, 38.75730351461558], [-77.06828479626371, 38.757172814261914], [-77.06822879626371, 38.757056814261915], [-77.06816579299779, 38.75689672751005], [-77.0681337929978, 38.75679272751005], [-77.0680964740545, 38.756625560387], [-77.0680784740545, 38.756497560387004], [-77.06806834774041, 38.75633338088], [-77.0680703477404, 38.75621438087999], [-77.06808646853409, 38.75604773613394], [-77.06810846853409, 38.75592373613394], [-77.06814580621096, 38.75577533593861], [-77.06818280621098, 38.75566233593862], [-77.06825715743496, 38.75548667283899], [-77.06852415743494, 38.754976672839], [-77.068536611274, 38.754953504924366], [-77.06891043065976, 38.75427589564201], [-77.06904343369796, 38.75402434641757], [-77.06904941839734, 38.754013170496044], [-77.06915841839734, 38.75381217049605], [-77.0692480168724, 38.75367069215962], [-77.0693020168724, 38.75359669215961], [-77.06938867929806, 38.75348991763777], [-77.06945067929807, 38.75342091763778], [-77.06952654364981, 38.753342705811704], [-77.06959554364981, 38.75327670581171], [-77.06970555852354, 38.75318115192287], [-77.06978155852354, 38.75312115192287], [-77.06989870834293, 38.75303681710489], [-77.07014870834291, 38.7528728171049], [-77.07028396383663, 38.75279258883784], [-77.07042868122842, 38.75272307026491], [-77.0705814647479, 38.75266493187886], [-77.07074084082852, 38.75261873441284], [-77.07090527231978, 38.75258492343218], [-77.07105101581541, 38.752566609342395], [-77.07127756493328, 38.75214560157369], [-77.07127903966474, 38.75214286944203], [-77.07185371412325, 38.751081480901334], [-77.07193765239427, 38.750907483860374], [-77.07196807903223, 38.750848657835085], [-77.07214107903224, 38.75053565783508], [-77.07215932154476, 38.750503795363336], [-77.07232121301737, 38.750230603503304], [-77.07241330541198, 38.750057820629586], [-77.07241865022122, 38.750047904744534], [-77.07266615992098, 38.74959380428733], [-77.07268222967313, 38.749564202112296], [-77.07300483000189, 38.74895771349425], [-77.07301474286018, 38.74893945840712], [-77.07317248730338, 38.74865481991], [-77.0730613292644, 38.748442655251125], [-77.07303309291896, 38.74838502164543], [-77.07295927059975, 38.748223315612876], [-77.07270966129563, 38.74773196434658], [-77.07260158719394, 38.74767151282567], [-77.0725621882631, 38.74767565733709], [-77.07238964037603, 38.74768031066496], [-77.07221735447871, 38.74767157299823], [-77.07204704293011, 38.74764953118104], [-77.07188039846608, 38.74761440428823], [-77.07171907737506, 38.74756654144791], [-77.07156468303627, 38.74750641837147], [-77.07141874998345, 38.74743463262546], [-77.07128272865326, 38.74735189769237], [-77.07115797096914, 38.747259035879225], [-77.07104571690458, 38.74715697014467], [-77.07094708215885, 38.74704671492565], [-77.07086304706814, 38.74692936605484], [-77.07079270188612, 38.746818468944355], [-77.07035184484607, 38.746185641333284], [-77.0701302092684, 38.745868163343616], [-77.07009070114054, 38.74580802435272], [-77.07002470114054, 38.74570102435271], [-77.06995904575358, 38.74557972719363], [-77.06990891257146, 38.74545402485591], [-77.06987477989752, 38.74532511662185], [-77.06985697337967, 38.745194232360106], [-77.06985566290372, 38.74506262079191], [-77.06987086097249, 38.74493153757749], [-77.06990242258647, 38.74480223333623], [-77.06995004662726, 38.744675941714924], [-77.07001327873047, 38.744553867618045], [-77.07009151562058, 38.74443717571211], [-77.07018401086658, 38.74432697931401], [-77.07028988200355, 38.7442243297693], [-77.07040811895173, 38.74413020642158], [-77.07053759365351, 38.744045507269], [-77.0706770708358, 38.74397104039673], [-77.07082521979524, 38.7439075162673], [-77.07103021979526, 38.74382951626731], [-77.07106720243618, 38.743815863829695], [-77.07159520243617, 38.74362686382969], [-77.0715982867364, 38.743625762638004], [-77.07332528673639, 38.74301076263801], [-77.07334105538567, 38.74300522124319], [-77.07365739492734, 38.742895530751966], [-77.07452613021945, 38.74258744890716], [-77.07421594039278, 38.74214277804802], [-77.07421491685426, 38.74214130858719], [-77.07358175871792, 38.74123095681007], [-77.07275895563211, 38.74006046262437], [-77.07271093651443, 38.7399952938218], [-77.07260598765775, 38.73988005586151], [-77.07250286868357, 38.73975220472914], [-77.07227086868355, 38.739425204729145], [-77.07226861523591, 38.73942201837771], [-77.07199861523593, 38.7390390183777], [-77.07191005021667, 38.73891334043265], [-77.07183732198331, 38.73881922154242], [-77.07176140430629, 38.738795140128744], [-77.07148643131349, 38.7387207763634], [-77.07138716262618, 38.738691243893776], [-77.07105063480438, 38.738581803951725], [-77.07059863157822, 38.73845132879367], [-77.07058745560427, 38.73844806860555], [-77.07033234070346, 38.738372866825074], [-77.07003337739344, 38.73828894729946], [-77.06969383294768, 38.738204520031864], [-77.06964337771888, 38.73819130601565], [-77.06933441151453, 38.738106253521195], [-77.06899796472074, 38.738030281664535], [-77.0687317207045, 38.73797516448223], [-77.0685704616612, 38.73793512036203], [-77.06841499738299, 38.73788301815654], [-77.06826681314939, 38.737819355641435], [-77.06812732468764, 38.73774474103766], [-77.06799786464696, 38.737659887200586], [-77.0678796698668, 38.737565604809454], [-77.06777386956016, 38.73746279462237], [-77.06768147452534, 38.73735243887051], [-77.06760336748896, 38.73723559187416], [-77.06754029467245, 38.737113369969826], [-77.0674928586629, 38.736986940844986], [-77.06746151265595, 38.736857512382215], [-77.06744655612606, 38.73672632111922], [-77.06744813196542, 38.73659462043524], [-77.0674662251187, 38.73646366857642], [-77.06747809677253, 38.73641921505915], [-77.0674570408048, 38.73632602008994], [-77.06744405953161, 38.73619845611469], [-77.0674466887407, 38.73607050924908], [-77.06746490472057, 38.7359433333816], [-77.06749854319042, 38.735818075447476], [-77.06754730078183, 38.735695865085084], [-77.06761073777456, 38.73557780444827], [-77.06768828206225, 38.735464958266604], [-77.06777923431196, 38.73535834424307], [-77.067882774271, 38.73525892387598], [-77.06799796816456, 38.73516759378768], [-77.06804096816457, 38.73513659378768], [-77.06805249278875, 38.735129151523594], [-77.06806378054141, 38.73510706679015], [-77.0681329521585, 38.734988706903636], [-77.06817195215851, 38.734929706903635], [-77.06829469581162, 38.73477167829504], [-77.06839994809954, 38.73465504738142], [-77.06846988653031, 38.734545384370364], [-77.06856390052398, 38.73442934505866], [-77.068620900524, 38.73436634505866], [-77.06874315879448, 38.73424633466882], [-77.0688821285089, 38.73413789282456], [-77.06901712850892, 38.73404389282455], [-77.06916787140192, 38.733950156590915], [-77.06928887140191, 38.73388315659091], [-77.06941641625576, 38.733818898479974], [-77.06955070930161, 38.733763586558425], [-77.06963646624128, 38.73373193131224], [-77.06982285099623, 38.73364817136163], [-77.06989720211733, 38.73361661920655], [-77.07000220211735, 38.73357461920654], [-77.07014309251743, 38.733524332067624], [-77.07017642100892, 38.733515142850976], [-77.0702296605461, 38.73346991851706], [-77.07027366054612, 38.73343591851705], [-77.07040569498636, 38.73334384478025], [-77.07054913686171, 38.73326275763498], [-77.07070248263791, 38.73319350702345], [-77.0708641249696, 38.73313681881924], [-77.07103236954833, 38.73309328721881], [-77.07111136954832, 38.733076287218815], [-77.07126682237242, 38.7330487595008], [-77.07127337476341, 38.733048084227875], [-77.07132364948713, 38.732970494511804], [-77.0713996382336, 38.732874238285994], [-77.0714576382336, 38.73280723828599], [-77.07155171810157, 38.73270858365457], [-77.07165695449892, 38.732617005667386], [-77.0717724727413, 38.73253326548535], [-77.0718344727413, 38.732492265485355], [-77.07199299955963, 38.73239907167467], [-77.07199323125859, 38.73239896550011], [-77.07203938217114, 38.7323612316722], [-77.07220338217115, 38.73224023167219], [-77.07231230833088, 38.73216633129227], [-77.07248130613813, 38.73206100242635], [-77.0725749157642, 38.73199404079602], [-77.07273916445646, 38.73189021491543], [-77.07291846240737, 38.73180275157859], [-77.07300738358585, 38.7317650567312], [-77.0730695043416, 38.73173409980378], [-77.0732104883905, 38.731679789480914], [-77.0732709072281, 38.73156802434411], [-77.07335542471185, 38.731447647954376], [-77.07345523293105, 38.731334580816586], [-77.07356929761721, 38.73122999459559], [-77.07369643676829, 38.731134973072216], [-77.07377943676829, 38.73107897307222], [-77.07388036409056, 38.731015862522845], [-77.07398706951626, 38.730958795614264], [-77.07420206951625, 38.73085279561426], [-77.0743281668461, 38.7307962594644], [-77.07439716684611, 38.7307682594644], [-77.07456619767679, 38.73070840536455], [-77.0747424940284, 38.730662978694426], [-77.0747754940284, 38.73065597869443], [-77.07495889963798, 38.73062526941057], [-77.07506935090824, 38.73061633563407], [-77.07518430326184, 38.730602769828366], [-77.075337789661, 38.73059006973819], [-77.075588789661, 38.73057806973819], [-77.07573591204158, 38.73057590929597], [-77.0758827390513, 38.730583474385675], [-77.0760477390513, 38.730597474385675], [-77.07622273098052, 38.730619421815774], [-77.07623487803579, 38.73062144632498], [-77.0764562692782, 38.730645783660144], [-77.07659452106697, 38.73066572084305], [-77.07694831127517, 38.730528703825996], [-77.07710164633427, 38.73047635541322], [-77.07726076223626, 38.73043577377244], [-77.07742417144401, 38.730407338291876], [-77.07759034628332, 38.73039131480814], [-77.07775773322469, 38.73038785312101], [-77.07792476740703, 38.73039698559298], [-77.07808988726707, 38.73041862684671], [-77.07825154913812, 38.730452574563245], [-77.0782667382979, 38.73045702749721], [-77.07827843882106, 38.73042819955453], [-77.0783432333881, 38.730309498032355], [-77.07842231559421, 38.73019615977461], [-77.07851496103743, 38.73008922297259], [-77.07862032107496, 38.72998966717954], [-77.07873743059695, 38.7298984043378], [-77.07886521686686, 38.72981627042537], [-77.07900250934797, 38.72974401779819], [-77.0791480504256, 38.72968230829852], [-77.07930050692696, 38.72963170719238], [-77.08081750692693, 38.72919370719238], [-77.08098383589653, 38.72915296916479], [-77.0811545869074, 38.729125452028406], [-77.08132802880374, 38.7291114347652], [-77.08150240314826, 38.729111059488915], [-77.08167594205005, 38.72912433000429], [-77.08184688608837, 38.72915111176846], [-77.08201350215039, 38.72919113325502], [-77.08217410100242, 38.72924398870692], [-77.08232705441613, 38.72930914225019], [-77.0824708116763, 38.7293859333269], [-77.08260391530276, 38.729473583392206], [-77.082725015827, 38.72957120380765], [-77.08283288547368, 38.72967780485052], [-77.08286727727469, 38.72971555825614], [-77.08292495757594, 38.72976596244057], [-77.08302758639091, 38.72987632844213], [-77.08311536897831, 38.72999419296838], [-77.08318740815209, 38.73011835137938], [-77.08324296763242, 38.73024753470825], [-77.08328147957107, 38.73038042263069], [-77.08328547957106, 38.7303984226307], [-77.0833067960237, 38.73053642104353], [-77.0833097287688, 38.730675393854234], [-77.08329424660201, 38.73081386239548], [-77.08326051425324, 38.73095035336538], [-77.08320889063384, 38.73108341450333], [-77.08319689063384, 38.73110941450333], [-77.08311652692883, 38.731255736905396], [-77.08301455453633, 38.73139366787876], [-77.08296432896171, 38.7314531742661], [-77.08296236260905, 38.731456020302836], [-77.082834218069, 38.731614114895365], [-77.08281864912996, 38.7316306568931], [-77.0828290755526, 38.731636117071595], [-77.08295613671623, 38.73171727668066], [-77.08307273502363, 38.731807444670245], [-77.0831778198222, 38.731905808547964], [-77.08327044420606, 38.732011481969366], [-77.0833497735486, 38.73212351272459], [-77.08341509302318, 38.73224089131866], [-77.08345765596047, 38.73234299059109], [-77.0835624366555, 38.73237161400827], [-77.08359443665552, 38.732381614008276], [-77.08374899449196, 38.732436919364424], [-77.08389583268743, 38.73250375679176], [-77.0840335343095, 38.73258148133466], [-77.08407353430948, 38.732606481334656], [-77.08421690309055, 38.73270679934423], [-77.08426547770512, 38.732749289969654], [-77.08431287790495, 38.732771528755265], [-77.08444539224828, 38.7328479596804], [-77.08447839224829, 38.73286895968039], [-77.08459697653126, 38.73295179244951], [-77.08470527276775, 38.733042755959985], [-77.08480236393862, 38.733141079960845], [-77.08488742790581, 38.73324593187479], [-77.08495974437389, 38.733356423848164], [-77.08500854961582, 38.73345178531269], [-77.08508493546697, 38.7335581853909], [-77.08509250082705, 38.73357191717231], [-77.08523339920723, 38.73362649766079], [-77.0853890184616, 38.733703874157484], [-77.08553316289071, 38.733793704715424], [-77.08556916289072, 38.73381870471542], [-77.08567662490054, 38.73390010373799], [-77.08577463258487, 38.73398843171775], [-77.08583863258488, 38.734051431717745], [-77.08594764241533, 38.73417169836511], [-77.08603914554635, 38.73430049745239], [-77.08607490233823, 38.7343580435393], [-77.0860792479345, 38.73436387790469], [-77.08613415385092, 38.73438183778389], [-77.08626501793714, 38.73442974069857], [-77.0863902887915, 38.734485972316186], [-77.08650909278154, 38.73455014048033], [-77.08654809278154, 38.73457314048032], [-77.08669444904439, 38.734669845353544], [-77.08682614682868, 38.734778562144996], [-77.08685214682869, 38.734802562145], [-77.08687735215823, 38.734828022369804], [-77.08689071347081, 38.73483178023898], [-77.08704064760823, 38.734880245831874], [-77.08718408956854, 38.734939423390585], [-77.08731977860084, 38.735008792787276], [-77.08743362112898, 38.73507970799651], [-77.08760248901173, 38.73513771267614], [-77.08764548901173, 38.73515471267614], [-77.08779455818319, 38.73522107964384], [-77.08793444560393, 38.73529860880363], [-77.08806377545032, 38.73538653763912], [-77.08818127573481, 38.73548400135083], [-77.08828579081616, 38.735590041361625], [-77.08837629276549, 38.73570361474464], [-77.08845189147614, 38.73582360448055], [-77.08851184341815, 38.73594883044386], [-77.08852284341815, 38.73597583044386], [-77.08853841104721, 38.73602156684059], [-77.08858011186456, 38.736080505589754], [-77.08865263668604, 38.736118935955574], [-77.08877731407401, 38.73619922359005], [-77.08889181448139, 38.736288216323366], [-77.08904881448139, 38.73642221632337], [-77.08916881268769, 38.73653664924524], [-77.08921281268769, 38.73658364924524], [-77.08930469805641, 38.73669248637667], [-77.08938265218436, 38.73680771630594], [-77.08944594704367, 38.736928262879665], [-77.08948732553947, 38.737035693487925], [-77.08949910063123, 38.7370568069667], [-77.08952410063122, 38.7371078069667], [-77.08958480604554, 38.73725721143103], [-77.08962280950956, 38.73741108904203], [-77.08963080950956, 38.73745808904202], [-77.08964501464729, 38.737594416096634], [-77.08964138474762, 38.73773116129643], [-77.08963338474763, 38.73781816129643], [-77.0896134579543, 38.7379471303115], [-77.08957766337255, 38.73807400714025], [-77.08956166337255, 38.738120007140246], [-77.08951403111554, 38.73823591572512], [-77.08950918725952, 38.73824483458301], [-77.08950502051754, 38.73826573536156], [-77.08957805029873, 38.73831944585526], [-77.08968970517724, 38.73841946522749], [-77.08972211698328, 38.738451559270736], [-77.08976764436055, 38.73848624679627], [-77.08977702077314, 38.73849344528311], [-77.08983898549099, 38.73854138025352], [-77.08988910175849, 38.738556584065], [-77.0900034973448, 38.73859503240848], [-77.09007649734478, 38.738622032408486], [-77.09019519034271, 38.73867039778151], [-77.09021430781988, 38.73867971980114], [-77.09030797759148, 38.73867461452741], [-77.09042497759148, 38.73867361452741], [-77.09060373105943, 38.73867927701746], [-77.09070782331149, 38.73868677916175], [-77.09077691065907, 38.73869132438199], [-77.09093344166143, 38.73870724063873], [-77.09096156098764, 38.73871215922577], [-77.0909892128051, 38.73871139111973], [-77.09117295422618, 38.73871387846435], [-77.0913553224061, 38.73873150102055], [-77.09139132240611, 38.73873650102056], [-77.09152324838783, 38.73875898623325], [-77.0916039087422, 38.7387779642569], [-77.09161975680983, 38.73878014623722], [-77.09182069208377, 38.73881754927282], [-77.09201447267675, 38.738873304713074], [-77.09209347267677, 38.73890030471308], [-77.09228509450851, 38.738978556021195], [-77.09234219818936, 38.738984172776675], [-77.09258482784136, 38.73902190013037], [-77.09260495226962, 38.73902621250785], [-77.09264716471613, 38.739024791896675], [-77.09279681944902, 38.73902479136383], [-77.09294591545476, 38.739034843876695], [-77.09309333933312, 38.739054874366374], [-77.0931614982879, 38.73906894376583], [-77.09331602185576, 38.73907077316693], [-77.09339002185575, 38.739074773166934], [-77.09351872367566, 38.739085502831315], [-77.09360566194428, 38.73909791686235], [-77.09375806087422, 38.73908333149891], [-77.09392171718464, 38.73907978864652], [-77.09398771718463, 38.73908078864652], [-77.09413696374075, 38.73908807442054], [-77.09428484607737, 38.739105350986186], [-77.09443026154997, 38.73913248952539], [-77.0945721259075, 38.73916928768703], [-77.09460912590752, 38.739180287687034], [-77.09476321099226, 38.73923290617684], [-77.09491000543365, 38.7392969117098], [-77.09504812330749, 38.73937169999316], [-77.09517626060727, 38.73945656493142], [-77.09520083661234, 38.73947634820948], [-77.09533179876838, 38.739514699185236], [-77.09539423173685, 38.73953865361123], [-77.095442912573, 38.739537842263964], [-77.0956233737209, 38.73954215893932], [-77.09580227656677, 38.73956107070161], [-77.09589727656677, 38.73957507070161], [-77.09591284403527, 38.739577422352625], [-77.09599684403526, 38.73959042235262], [-77.09614636240356, 38.7396189913282], [-77.0962920288571, 38.73965777971986], [-77.09632802885712, 38.73966877971987], [-77.0964728848802, 38.73971911553782], [-77.0966112129646, 38.73977955424392], [-77.09674185227371, 38.73984958864208], [-77.09686370649442, 38.73992863101006], [-77.09691570649441, 38.73996563101006], [-77.09701238239197, 38.7400400494763], [-77.09710125532176, 38.74012014080815], [-77.09714045921801, 38.74015841127829], [-77.09715155683938, 38.74016757121974], [-77.09717094128503, 38.74018343122075], [-77.09728792305359, 38.740289683598014], [-77.09739011444714, 38.74040480117215], [-77.09747641376465, 38.74052754288806], [-77.0975458906338, 38.7406565854966], [-77.0975758906338, 38.7407215854966], [-77.09762233727315, 38.7408387166351], [-77.09762617006668, 38.74085021501567], [-77.09768241794146, 38.74097878158662], [-77.09770268130788, 38.741028195763015], [-77.0977126140544, 38.74105413126782], [-77.09772249518818, 38.74107257605088], [-77.09779928700162, 38.741249581336916], [-77.09783002360952, 38.74134088714272], [-77.09784657526802, 38.74138723178655], [-77.09788802440566, 38.74153498864592], [-77.09790793215137, 38.74168542883604], [-77.09790604772478, 38.74183665724296], [-77.09790104772476, 38.741895657242964], [-77.09788028746117, 38.742032911738946], [-77.09784156756544, 38.74216778977997], [-77.09778529534745, 38.7422988725306], [-77.09772783329642, 38.74239766684353], [-77.09768886597655, 38.742498707523346], [-77.09767486597653, 38.74252970752334], [-77.09761487308255, 38.74264518432021], [-77.09754143236796, 38.74275585758244], [-77.09750143236798, 38.74280985758244], [-77.09747248795402, 38.74284500017495], [-77.0974684171069, 38.742893195107094], [-77.09745941710693, 38.742949195107094], [-77.09742257594898, 38.74310415846921], [-77.09736273359974, 38.743254715233704], [-77.09731073359971, 38.74336271523371], [-77.09726075722723, 38.743455756619056], [-77.09720197812331, 38.74354562944664], [-77.0970659781233, 38.74373562944664], [-77.09703395807816, 38.74377848906518], [-77.09696695807814, 38.74386448906518], [-77.09691963867998, 38.743920882944664], [-77.09689833878716, 38.74396227707601], [-77.09688258997936, 38.744010446854006], [-77.09687451609216, 38.74403216282648], [-77.0968730360742, 38.74403800289732], [-77.09687045357978, 38.74406675466849], [-77.09687305493736, 38.744254052414234], [-77.09688373070772, 38.744358141175184], [-77.09691187081174, 38.74446394796633], [-77.09692908890659, 38.74453945725023], [-77.09693075834954, 38.74454822182576], [-77.09693230404208, 38.74455339395082], [-77.09702323557228, 38.74480728198556], [-77.09706131196091, 38.74493866965685], [-77.09707823261232, 38.74501455621464], [-77.09708920901174, 38.74504422215906], [-77.09711085855803, 38.74510868944381], [-77.09713985855801, 38.74520468944382], [-77.09715393834162, 38.745255715470414], [-77.09716293834161, 38.74529171547041], [-77.09723793834159, 38.74559171547028], [-77.09726077787634, 38.74571163386338], [-77.09726262500672, 38.74572565837176], [-77.10333652435686, 38.74449782987624], [-77.10333920930421, 38.744497288904064], [-77.11133880379953, 38.74289082109361], [-77.11134976811586, 38.74288792773236], [-77.11140447957985, 38.74287427309563], [-77.11337547957983, 38.74241027309563], [-77.11345430561549, 38.74239328656239], [-77.1163343056155, 38.74182928656239], [-77.12552006373498, 38.74003177835747], [-77.12527228883464, 38.739222398622196], [-77.125176420033, 38.73923529195555], [-77.12501004012324, 38.73924499050464], [-77.12484323287366, 38.739242186422494], [-77.12467754657247, 38.73922690573634], [-77.12451451910336, 38.73919929027995], [-77.12435566367101, 38.73915959637724], [-77.12420245475568, 38.739108192463064], [-77.12405631442716, 38.7390455556634], [-77.12391859914544, 38.73897226736677], [-77.12379058716994, 38.73888900782781], [-77.12367346669505, 38.738796549853234], [-77.12356832482132, 38.73869575162875], [-77.12347613746509, 38.738587548753365], [-77.12339776030021, 38.73847294555537], [-77.12333392081567, 38.73835300577021], [-77.1232852115632, 38.738228842666956], [-77.12306116294813, 38.73754057524248], [-77.12286374561303, 38.737547211119285], [-77.1226893660228, 38.737546234901245], [-77.12251599667503, 38.73753161862304], [-77.12234539545481, 38.73750351048696], [-77.12217929217968, 38.737462195496526], [-77.12201937106005, 38.73740809256664], [-77.12186725362217, 38.73734175027601], [-77.12172448226656, 38.737263841304795], [-77.12159250462878, 38.73717515561397], [-77.12147265890107, 38.737076592435436], [-77.12136616026375, 38.73696915115428], [-77.12127408856377, 38.73685392117543], [-77.12119737736559, 38.73673207087762], [-77.12113680448533, 38.73660483576656], [-77.121092984104, 38.736473505947465], [-77.12093241461041, 38.73586850303413], [-77.12005371955433, 38.73314632949893], [-77.11917307693247, 38.73043742881189], [-77.11914024157385, 38.7303114058398], [-77.11912299447208, 38.73018352143056], [-77.11912149268919, 38.730054940173154], [-77.11913574990128, 38.72992683300249], [-77.11916563627396, 38.729800366536125], [-77.11921087964474, 38.72967669245047], [-77.11927106800147, 38.729556936992864], [-77.11934565323433, 38.729442190725415], [-77.11943395612731, 38.72933349859362], [-77.11953517254348, 38.72923185041056], [-77.1196483807479, 38.72913817184305], [-77.11977254980158, 38.729053315982014], [-77.11990654894966, 38.72897805557374], [-77.12004915791884, 38.72891307598279], [-77.12019907802981, 38.72885896895069], [-77.12035494402382, 38.728816227207204], [-77.12049799140414, 38.72878287873817], [-77.12102218834079, 38.72864990230939], [-77.12118674108058, 38.728615031645084], [-77.12135490405643, 38.72859292348603], [-77.12144241866228, 38.72858822672856], [-77.12151072349565, 38.72855468683978], [-77.12166695937664, 38.72849413517725], [-77.12183023535468, 38.728446127610816], [-77.12191423535468, 38.72842512761082], [-77.12197164063497, 38.72841162490551], [-77.12251402220751, 38.728291981911575], [-77.12315308695472, 38.728149967523294], [-77.12349934061827, 38.72806408214983], [-77.1241487341658, 38.72789510228573], [-77.12416436723869, 38.72789109853765], [-77.12551217855192, 38.72755142834781], [-77.12557446808215, 38.72752473283486], [-77.12571295842665, 38.727471499240835], [-77.12575095842665, 38.72745849924084], [-77.12577898373115, 38.727449986087485], [-77.12578907222886, 38.72744357279041], [-77.12593203825914, 38.72736974901049], [-77.1260836916857, 38.72730729542304], [-77.12624254377364, 38.72725682511567], [-77.12634854377364, 38.72722782511567], [-77.12650814069883, 38.72719076729568], [-77.12667157474091, 38.72716580958239], [-77.12683733426564, 38.72715318281468], [-77.12700388612993, 38.727153003780074], [-77.12716968986217, 38.72716527413448], [-77.12733321191041, 38.727189880386945], [-77.12749293982641, 38.7272265949493], [-77.12764739625462, 38.72727507824119], [-77.12779515259658, 38.72733488183093], [-77.12793484222424, 38.72740545258311], [-77.12806517312019, 38.7274861377747], [-77.12816530679726, 38.72756142893025], [-77.1281697391465, 38.7275340042999], [-77.12820859834243, 38.727402200063935], [-77.12826424074129, 38.72727409006204], [-77.12833610593938, 38.72715096455707], [-77.1284234701447, 38.72703406361038], [-77.12852545346661, 38.7269245645926], [-77.12864102877775, 38.7268235703256], [-77.12876903205864, 38.7267320979755], [-77.12890817412134, 38.72665106880819], [-77.12905705359327, 38.72658129891079], [-77.12921417103142, 38.72652349097246], [-77.12937794402384, 38.726478227207195], [-77.12964568973183, 38.7264158079624], [-77.13030980325432, 38.726220534638166], [-77.13035598044495, 38.72620875696679], [-77.1304082289658, 38.726176246776035], [-77.13064140533874, 38.72600816204078], [-77.13073378964945, 38.72594079848088], [-77.13084637049572, 38.72586549418026], [-77.13084861868383, 38.72586411625852], [-77.13095511729128, 38.725786144063775], [-77.13102006692812, 38.725737660532054], [-77.13103244613075, 38.725728510477964], [-77.13112918684347, 38.72565770749257], [-77.13143816792795, 38.7253999478713], [-77.13178871864511, 38.72507998622194], [-77.13184821383717, 38.72499687695105], [-77.13194995311754, 38.72488378241431], [-77.13206603007428, 38.724779380636114], [-77.13394303007432, 38.723256380636116], [-77.13478332980013, 38.722574804162846], [-77.1356984394832, 38.720771347438344], [-77.1359319774884, 38.720256109893825], [-77.13623092166013, 38.71948945053694], [-77.13620857664553, 38.71905372275198], [-77.13621137638458, 38.71890647264324], [-77.13623481182798, 38.71876033967765], [-77.1362786030496, 38.718617069349214], [-77.13634222698259, 38.71847837295899], [-77.13801122698257, 38.71538537295899], [-77.13808132759003, 38.71527087910285], [-77.1381649520063, 38.71516202023256], [-77.13818732563851, 38.71513828847648], [-77.13772845891296, 38.71517088556627], [-77.13755396930242, 38.715176401604474], [-77.13737965286973, 38.715168216496835], [-77.13720728216346, 38.715146413474194], [-77.13703860994701, 38.71511121424207], [-77.13687535137544, 38.715062976726294], [-77.1367191665547, 38.71500219143335], [-77.13657164366091, 38.71492947646267], [-77.13643428279076, 38.71484557122143], [-77.13630848070768, 38.71475132890584], [-77.13619551663882, 38.71464770782538], [-77.13609653926707, 38.71453576165811], [-77.13601255505064, 38.71441662873634], [-77.1359444179888, 38.71429152047137], [-77.13589282093795, 38.714161709035196], [-77.13585828856627, 38.71402851442432], [-77.13584117201853, 38.7138932910373], [-77.13584164534552, 38.713757413902464], [-77.13585062537558, 38.71362608096284], [-77.13582651214297, 38.71354665576134], [-77.13582112740734, 38.71352377063492], [-77.13580564522077, 38.71347076983147], [-77.13569571210688, 38.71345259967179], [-77.13554185623731, 38.713415251811014], [-77.134503188326, 38.71312119970826], [-77.13447401756977, 38.71312937388077], [-77.13407601756977, 38.713223373880766], [-77.13388075911496, 38.713260018876696], [-77.1336813607178, 38.713278826410104], [-77.13318936071782, 38.71330282641011], [-77.1330462277228, 38.71330519511701], [-77.13290333236445, 38.713298356979344], [-77.13241733236443, 38.71325935697934], [-77.13223803159053, 38.71323753063951], [-77.13189953782927, 38.71318205137158], [-77.13182453809212, 38.71322705121388], [-77.13168836015765, 38.71330093914878], [-77.1315437148227, 38.71336434172828], [-77.13129271482269, 38.71346234172828], [-77.13115336813127, 38.71351088914009], [-77.13100906753651, 38.71354969855061], [-77.13077167020069, 38.71360455927948], [-77.13052627272982, 38.713661419669066], [-77.13035572258936, 38.713693715705006], [-77.13018184682994, 38.71371241314084], [-77.13000643168625, 38.71371731989682], [-77.12983127920721, 38.7137083855656], [-77.12965818874325, 38.713685701930025], [-77.12948893846175, 38.71364950202025], [-77.1293252670796, 38.71360015771985], [-77.1291688560014, 38.71353817594536], [-77.12902131204629, 38.713464193438774], [-77.12888415094096, 38.71337897022623], [-77.12875878174859, 38.71328338181019], [-77.12864649239336, 38.71317841017543], [-77.12854843642965, 38.713065133700994], [-77.12846562119148, 38.712944716081985], [-77.12840625456833, 38.712846761153806], [-77.12799528098557, 38.712171658377486], [-77.12788497943487, 38.71201254522099], [-77.1277381170107, 38.7118445134384], [-77.12755969255447, 38.71166146316295], [-77.12722043359496, 38.71139035556174], [-77.12702419495287, 38.71125265869942], [-77.12701874651026, 38.711248819287015], [-77.12684806409766, 38.71112802865656], [-77.12669550350988, 38.711028024826305], [-77.12657712557679, 38.71095758995612], [-77.12643604891146, 38.710885441159235], [-77.1262351889311, 38.71079065330334], [-77.12599289155987, 38.71068957219141], [-77.12573284710905, 38.71059541816611], [-77.12521286678597, 38.71043375014339], [-77.12511974058454, 38.71041341874831], [-77.12496489743322, 38.71036676185545], [-77.12481650897806, 38.71030878090696], [-77.12467593941062, 38.71024000894379], [-77.12454448104043, 38.710161078212764], [-77.12442334241435, 38.71007271435413], [-77.12431363720584, 38.7099757297305], [-77.12421637397668, 38.70987101595843], [-77.12413244690475, 38.70975953571148], [-77.12406262756356, 38.709642313869985], [-77.1240075578289, 38.709520428098976], [-77.12396774397781, 38.709394998940745], [-77.12394355203416, 38.70926717951327], [-77.12393520440372, 38.70913814490922], [-77.12394277782943, 38.70900908139282], [-77.12396620268588, 38.7088811754941], [-77.12400526361947, 38.70875560310069], [-77.12405960152816, 38.7086335186474], [-77.1241287168629, 38.70851604450308], [-77.1242367457082, 38.70835350568992], [-77.12581277914418, 38.7059679687136], [-77.12584582033682, 38.70592033453508], [-77.12636245526122, 38.70521003740048], [-77.12636717909193, 38.70510212373964], [-77.12638957609735, 38.70497107258969], [-77.12642837071105, 38.70484235992315], [-77.12648318948582, 38.70471722476211], [-77.12655350472167, 38.7045968716907], [-77.1271030361235, 38.703766952319484], [-77.12701970410988, 38.70376051216202], [-77.12684960788843, 38.70373378802619], [-77.12668380284383, 38.70369395328958], [-77.12652395372082, 38.70364140790784], [-77.12637166546448, 38.70357667945629], [-77.1262284671059, 38.70350041783283], [-77.12609579641027, 38.703413388732706], [-77.125974985441, 38.70331646596069], [-77.12586724718554, 38.7032106226577], [-77.12577366337625, 38.70309692153014], [-77.12569517362968, 38.70297650417991], [-77.12563256601223, 38.702850579642295], [-77.12558646912787, 38.702720412246826], [-77.12557846912784, 38.702692412246826], [-77.12554937278594, 38.70255948513285], [-77.12553749684697, 38.70242496092956], [-77.12554296023701, 38.70229018676672], [-77.12556570824547, 38.70215651227716], [-77.1256031968465, 38.70203291266188], [-77.12560014813964, 38.70200458949255], [-77.12559814813966, 38.70195758949256], [-77.12559950787367, 38.70184345356564], [-77.12561327740023, 38.70172981666199], [-77.12563935791748, 38.7016174941715], [-77.12565235791747, 38.7015724941715], [-77.12570366753836, 38.70143130835478], [-77.12577440186637, 38.70129530012412], [-77.12581858064684, 38.70123138753198], [-77.12579934723634, 38.70112229653833], [-77.12579902568807, 38.70111679475916], [-77.12578842166181, 38.7010826660849], [-77.12576647322643, 38.700973499286576], [-77.12575247322641, 38.700878499286574], [-77.12574123864319, 38.70073403796272], [-77.12574116807234, 38.700725851744366], [-77.1257254515855, 38.70069671514255], [-77.12570845158552, 38.70066071514255], [-77.12566592211995, 38.70055815801513], [-77.12563406165846, 38.700453284529836], [-77.12561706165845, 38.70038528452984], [-77.12559394698505, 38.70026326082114], [-77.12558526955557, 38.70014010377908], [-77.12559110207707, 38.70001684532099], [-77.12559610207708, 38.699969845320986], [-77.12561936769917, 38.69983473586675], [-77.12562089755644, 38.699829750927385], [-77.12560909589021, 38.699826552853786], [-77.12553495329242, 38.699817855036216], [-77.12538149956696, 38.69978851963845], [-77.12523212121954, 38.699748423257], [-77.12508806191249, 38.69969789971775], [-77.12501706191249, 38.69966989971775], [-77.1248686913124, 38.69960403867122], [-77.1247336913124, 38.69953703867122], [-77.1245953073562, 38.69946069119128], [-77.12454130735622, 38.69942769119129], [-77.12438364464005, 38.69931862896904], [-77.12424419503796, 38.69919546006307], [-77.12421119503796, 38.69916246006307], [-77.12407634433815, 38.6990062034292], [-77.12391834433814, 38.69879220342919], [-77.12391278127976, 38.69878461176433], [-77.12384078127977, 38.698685611764326], [-77.12376473402968, 38.6985679838482], [-77.12371973402966, 38.698488983848215], [-77.12366089451523, 38.69837102627079], [-77.12361653452659, 38.69824929450379], [-77.12361053452659, 38.69822929450378], [-77.12358463715951, 38.698124317719746], [-77.12356951584152, 38.69801807402569], [-77.12356863386925, 38.698008372330705], [-77.12355374235808, 38.697987434642066], [-77.12346869982923, 38.697850041713046], [-77.12340415406118, 38.69770605209237], [-77.12326315406116, 38.69732305209237], [-77.1232428453649, 38.69725608303588], [-77.12321748188484, 38.69721324912468], [-77.12316064129813, 38.697084373035054], [-77.1231248664307, 38.69696517626871], [-77.12308483867703, 38.69687069505955], [-77.12307283867703, 38.696833695059546], [-77.12302937297117, 38.696642506675225], [-77.1230184536878, 38.69656029089466], [-77.12298691000663, 38.69645435293277], [-77.12297925150622, 38.69644414159889], [-77.12286878536162, 38.69626877247852], [-77.12279980432281, 38.696135623031545], [-77.12272755162974, 38.69603162324381], [-77.12266682613338, 38.6959219978896], [-77.12261880864553, 38.69580862099185], [-77.12260155978211, 38.695760874138045], [-77.12257997418463, 38.69572649707538], [-77.12250722010691, 38.69559281396721], [-77.12248062017645, 38.695524151549975], [-77.12243581441719, 38.6954645974236], [-77.12225514869603, 38.695205510867396], [-77.12220449091359, 38.69513342094627], [-77.12216942148144, 38.69507786681736], [-77.1221490037818, 38.695051722201974], [-77.12207555943252, 38.694947596694675], [-77.12201418527214, 38.694838843418054], [-77.12196535817611, 38.694726307381956], [-77.1219294575296, 38.694610862988185], [-77.1218504575296, 38.69429686298818], [-77.12183817058478, 38.694242045615596], [-77.1218001705848, 38.6940490456156], [-77.12179584044961, 38.69402568841656], [-77.12176626232441, 38.69385561419667], [-77.1216750313793, 38.69374242899855], [-77.12159863385942, 38.69362272824109], [-77.1215378521422, 38.69349772771461], [-77.12149328417117, 38.69336865711873], [-77.12148828417116, 38.693350657118735], [-77.1214619627217, 38.69322928996055], [-77.121455285545, 38.69316087552952], [-77.12143700602115, 38.6930808071759], [-77.12142900602116, 38.6930318071759], [-77.12141650873525, 38.692914381738866], [-77.12141350873524, 38.69285438173886], [-77.12141271138739, 38.69276924632845], [-77.12141576289866, 38.692671597967546], [-77.12141320298565, 38.69257560122972], [-77.12140421453852, 38.692450512006936], [-77.121385838283, 38.69227873396629], [-77.1213035552482, 38.69174876044094], [-77.12125668513808, 38.691592796108914], [-77.12124559842015, 38.691553231715545], [-77.12115416316097, 38.691201630151994], [-77.1211277520896, 38.69111466686822], [-77.12104567683649, 38.69088649766456], [-77.12090013769735, 38.69053156995746], [-77.12085006165839, 38.69037928452964], [-77.1208350616584, 38.690319284529636], [-77.1208151697289, 38.69022015402124], [-77.1207970644424, 38.69010096088518], [-77.12075575773004, 38.689919846838706], [-77.1207291907289, 38.68984634480216], [-77.12069367636467, 38.68979201228489], [-77.12063730257437, 38.68968328665809], [-77.12062730257438, 38.68966128665809], [-77.12059467935012, 38.68957998819669], [-77.12053835994558, 38.689499091213996], [-77.12047347988485, 38.68937977506617], [-77.1204236267528, 38.68925616236016], [-77.1203866267528, 38.68914616236015], [-77.12037185082796, 38.68909874500915], [-77.12033265153846, 38.68896220081738], [-77.12031955678684, 38.68893244001824], [-77.12027379299786, 38.688809727510254], [-77.12024179299786, 38.68870572751025], [-77.12021952042889, 38.68862157736911], [-77.12020152042889, 38.68854057736911], [-77.12018781475398, 38.68846679933284], [-77.12017686231705, 38.68839359093863], [-77.12017168087681, 38.68837330930111], [-77.12014263081564, 38.688288266358065], [-77.12010463081562, 38.68816026635807], [-77.12007666774191, 38.68804238320882], [-77.12006228040406, 38.687923032872405], [-77.12006158266846, 38.68780315992887], [-77.12007458005723, 38.68768371309439], [-77.12007858005722, 38.68765971309438], [-77.12011196591983, 38.687518711024616], [-77.12016441785143, 38.68738126722921], [-77.12016497273967, 38.687380231925516], [-77.1201888436951, 38.687304068341895], [-77.1201917168004, 38.68729648334389], [-77.12019945249946, 38.687266213217114], [-77.12026320620237, 38.68708435226989], [-77.12029420620236, 38.687015352269896], [-77.12034247281505, 38.6869197776912], [-77.12039611945438, 38.68683350629735], [-77.1204009295514, 38.68680647813317], [-77.12040565825626, 38.686761555436966], [-77.12039560970399, 38.68640231969364], [-77.1204029417575, 38.68626725121767], [-77.12040160043291, 38.68623501364407], [-77.12041564823885, 38.686090304494584], [-77.12044961588197, 38.685947610067004], [-77.12045933352556, 38.685922354818715], [-77.12046217872978, 38.68590396561603], [-77.12050018856417, 38.68577189371048], [-77.1205550344612, 38.685643454793016], [-77.1205770344612, 38.68559945479302], [-77.1206374897884, 38.685492513286206], [-77.12068804575728, 38.6854126669544], [-77.12070305679555, 38.68537105748988], [-77.12081305679555, 38.68513005748988], [-77.12086437126524, 38.68503040962703], [-77.12105137126522, 38.684705409627036], [-77.12114745253632, 38.68456213912227], [-77.12140145253632, 38.68423313912227], [-77.12140340409468, 38.68423061755969], [-77.12144840409466, 38.68417261755969], [-77.12155481316893, 38.68405100817524], [-77.12161904340805, 38.68398558848727], [-77.1216867440301, 38.68390324989288], [-77.12173953213684, 38.68383347417061], [-77.1217453473748, 38.683826843712374], [-77.12176712692684, 38.68375032708181], [-77.12179854085177, 38.68366892823248], [-77.12180208750391, 38.683643215004594], [-77.12183508432852, 38.683488990815796], [-77.12189081896044, 38.683338778713285], [-77.12192481896044, 38.683263778713275], [-77.12198600539189, 38.68314664279944], [-77.12206103353998, 38.68303448496512], [-77.12214924276734, 38.68292829278175], [-77.12218324276733, 38.682891292781754], [-77.12228825416894, 38.68278807235562], [-77.12229314829031, 38.6827837170366], [-77.12229624243503, 38.68277878914968], [-77.12237324827073, 38.68267902202554], [-77.12246103080092, 38.682584796923926], [-77.1226101885325, 38.68243843589979], [-77.12265914671104, 38.68236849564474], [-77.1227490397572, 38.68225541095964], [-77.12282135674813, 38.68213470139582], [-77.12288309217986, 38.682041336642364], [-77.12290582338784, 38.682012689409824], [-77.12302836418219, 38.68166940136887], [-77.1230316474895, 38.681660326685396], [-77.1230536474895, 38.6816003266854], [-77.1231316371624, 38.68143126586704], [-77.12328613150838, 38.68115568135802], [-77.12329289463688, 38.68113997344668], [-77.12338614823888, 38.68096521168788], [-77.12342214823887, 38.68090921168788], [-77.12349070206554, 38.68081266428817], [-77.12356917517273, 38.68072080304449], [-77.12357973826651, 38.680710397076396], [-77.12361095260718, 38.68067158879567], [-77.12370078200203, 38.68057877324237], [-77.12380055389994, 38.68049232391893], [-77.12395098061504, 38.6803727795096], [-77.12395298765259, 38.68037099582862], [-77.12399498765261, 38.68033399582862], [-77.12414181611624, 38.68021933252079], [-77.12416781611624, 38.68020133252079], [-77.12419553165199, 38.68018255102452], [-77.12422344339919, 38.68016403813098], [-77.12434601805317, 38.68006341714637], [-77.12439236485551, 38.68002339036252], [-77.12448349893606, 38.67992229990017], [-77.12449960154187, 38.67989997275765], [-77.12458480807223, 38.67975409181312], [-77.12462180807222, 38.67970009181313], [-77.12470151014024, 38.67960122193175], [-77.1247293077827, 38.67955216423206], [-77.12484260645479, 38.67937071598276], [-77.12488104170585, 38.67930002257455], [-77.12495699043274, 38.67917786870669], [-77.12504834423045, 38.679062277735866], [-77.12515417663234, 38.67895442193062], [-77.1251859604469, 38.6789252065051], [-77.12519459630666, 38.67891639723018], [-77.12524369343949, 38.678850993141296], [-77.12524770199397, 38.678846656543286], [-77.12525894099053, 38.67881795047561], [-77.12532365922138, 38.67869657427907], [-77.12540326459053, 38.678580680166405], [-77.12549700001291, 38.67847137034597], [-77.1255725315607, 38.678399572564196], [-77.12557770258556, 38.67837749199195], [-77.12562171482118, 38.67825572348252], [-77.1256802082436, 38.67813770265411], [-77.1257526673889, 38.678024469546315], [-77.12576716322997, 38.67800631347906], [-77.12580454293759, 38.67794704010727], [-77.12589895871622, 38.67782960676562], [-77.12600837040841, 38.6777203357955], [-77.12613162179109, 38.67762038193289], [-77.12618890581808, 38.677582591347544], [-77.12627919295822, 38.677514046201864], [-77.12641557618129, 38.67740780663299], [-77.12650957618129, 38.67734280663299], [-77.12658892477378, 38.67729300729931], [-77.12661773990425, 38.67727162446444], [-77.12662366450087, 38.67726701644484], [-77.12673126644628, 38.67719343075661], [-77.12681290763025, 38.67713442013094], [-77.12687338387225, 38.677058100974904], [-77.12689612268974, 38.67703497246282], [-77.12691668017078, 38.67700305916296], [-77.12698068017077, 38.676914059162954], [-77.12709453506098, 38.67677614747043], [-77.12722906896482, 38.676650012420616], [-77.12725471151641, 38.67662874786564], [-77.12728334630296, 38.67659960426149], [-77.12738055852313, 38.67651615192322], [-77.12739955852312, 38.67650115192321], [-77.12749942909892, 38.67642830406054], [-77.12760638274919, 38.676361821480526], [-77.12762819864695, 38.676349326920906], [-77.12765288391427, 38.6763310415377], [-77.12769518395929, 38.676294135357274], [-77.1277571164203, 38.67623190153767], [-77.1278709147062, 38.67613777041854], [-77.12794344240461, 38.67608827247436], [-77.12799120168725, 38.676049627423836], [-77.12804820168724, 38.67600762742383], [-77.12812019142274, 38.67595747139415], [-77.1281701467952, 38.67592457395376], [-77.12821678396082, 38.67588723452162], [-77.12831185999133, 38.675768496398085], [-77.12837850121751, 38.6757027120892], [-77.12844565388161, 38.67557967827418], [-77.12852065388161, 38.67546167827418], [-77.12864587301453, 38.67529567887624], [-77.12873687301453, 38.67519267887623], [-77.12883348691265, 38.67509347293321], [-77.12894145383164, 38.67500162677332], [-77.12903945383164, 38.67492562677333], [-77.12916081608026, 38.67484002007885], [-77.12918672507645, 38.67482341174796], [-77.1291872363346, 38.67482302830433], [-77.12925120341897, 38.67476579459727], [-77.12940908057035, 38.67464176758007], [-77.12956708057037, 38.674532767580075], [-77.12968725400185, 38.674457042623295], [-77.12991525400184, 38.674326042623285], [-77.12994806678844, 38.674308768769784], [-77.12996937574022, 38.67428283353242], [-77.13001887403293, 38.67422244561531], [-77.13010750116919, 38.67412425530098], [-77.1302070030504, 38.67403258860779], [-77.13029966107243, 38.67396121340727], [-77.13032383585157, 38.67393619776624], [-77.13033127130801, 38.673928560365674], [-77.130382271308, 38.67387656036567], [-77.13053597234712, 38.67374000031612], [-77.13054560688694, 38.67373252276283], [-77.1305728347342, 38.67370701819704], [-77.13063500560708, 38.673656320918326], [-77.130719917367, 38.67357408354453], [-77.13075752406114, 38.673538901920566], [-77.13091352406116, 38.673397901920566], [-77.13103325633396, 38.673300063066215], [-77.13114825633396, 38.673215063066216], [-77.13127176260195, 38.67313203069869], [-77.13140476715049, 38.673058414281066], [-77.1314658414873, 38.67302787711266], [-77.13157155422982, 38.672972329527305], [-77.13169989918708, 38.67291659164611], [-77.13185785073843, 38.67285468389522], [-77.1320040343484, 38.67278242736834], [-77.13216610611698, 38.67271973126946], [-77.13224910611699, 38.67269173126946], [-77.13247392381204, 38.67262981501791], [-77.13260792381205, 38.672600815017915], [-77.13274098198514, 38.672576377030296], [-77.13276244293182, 38.672573125371706], [-77.13310441917623, 38.67250667921022], [-77.13323939882747, 38.672484853353374], [-77.13332194281443, 38.67247415320691], [-77.13335605864482, 38.67246714727746], [-77.13345617719911, 38.67244904188507], [-77.13379717838565, 38.672395621333656], [-77.13384170950275, 38.67238684234201], [-77.13447602541636, 38.67207738417374], [-77.13463812180036, 38.67200741469693], [-77.13480890144247, 38.67195132674872], [-77.13498640766453, 38.671909762947045], [-77.13516860671977, 38.67188319950196], [-77.13579780408058, 38.67181835645518], [-77.13582460179018, 38.6718072573589], [-77.13594537114177, 38.67176801152236], [-77.1359932794192, 38.671750222067516], [-77.13618393680586, 38.67169959604565], [-77.13627193680587, 38.67168059604565], [-77.13638250026244, 38.6716613822461], [-77.1365548365362, 38.67162532730703], [-77.13673257507027, 38.67160319569844], [-77.13691257507028, 38.67158819569843], [-77.13707397071659, 38.67158065238159], [-77.13723556710231, 38.67158485349355], [-77.13739595563979, 38.67160076241444], [-77.13739695069398, 38.67160089810365], [-77.13752894406386, 38.67161389742923], [-77.1376916194343, 38.67164250028331], [-77.1377936194343, 38.67166450028331], [-77.13788071830011, 38.67168522007662], [-77.13807982857107, 38.6717370783787], [-77.13809134832634, 38.671738669262744], [-77.13835734832635, 38.67178966926275], [-77.1384735412845, 38.671817905710476], [-77.13864056349708, 38.67185085045883], [-77.13886431758704, 38.67190783103784], [-77.13896942556809, 38.671940906975934], [-77.13920585274, 38.67200538711372], [-77.13927779397638, 38.67202641328714], [-77.13945079397638, 38.67208041328715], [-77.1395944947463, 38.672131301432465], [-77.13973164190273, 38.67219216093238], [-77.13990104992192, 38.67227552043391], [-77.13999012815366, 38.67229315968772], [-77.14017777869395, 38.67233929565474], [-77.14030977869396, 38.67237829565473], [-77.1404482972085, 38.67242468638873], [-77.14058110351692, 38.67248027760472], [-77.14070719055726, 38.672544647757945], [-77.1407290602991, 38.6725580676927], [-77.14075348873247, 38.67256439819519], [-77.14078648873247, 38.67257439819519], [-77.1408489574316, 38.67259618172485], [-77.14090918084803, 38.672612604033226], [-77.14107979939698, 38.67267613783381], [-77.14124049495767, 38.67275377071215], [-77.14138935050522, 38.67284457654333], [-77.14143335050521, 38.67287457654333], [-77.14155516055396, 38.67296620279023], [-77.14166079715307, 38.67306291325435], [-77.1416866546784, 38.673057914308714], [-77.1418288446012, 38.67304002157454], [-77.14197568339031, 38.67302639096965], [-77.14207663827088, 38.673005020958435], [-77.14216993764228, 38.672976942435696], [-77.14235369952894, 38.67292807691527], [-77.14240386765343, 38.67290471349847], [-77.14256029885162, 38.67284748908069], [-77.14272328260142, 38.6728026834144], [-77.1428911951267, 38.672770742889966], [-77.14306236354686, 38.67275198572476], [-77.14323508254341, 38.67274659879285], [-77.14340763134985, 38.67275463576322], [-77.14357829089516, 38.67277601656506], [-77.14374536093072, 38.67281052818551], [-77.1439071769695, 38.672857826791834], [-77.14406212686907, 38.67291744115701], [-77.14420866689298, 38.672988777354455], [-77.14434533709083, 38.67307112467516], [-77.14447077584336, 38.67316366270843], [-77.14456277584334, 38.67323866270843], [-77.14466918185965, 38.673333972694536], [-77.14476365658437, 38.673436612791946], [-77.14484537069099, 38.67354568199616], [-77.144902370691, 38.673630681996165], [-77.14495768731344, 38.67372123529507], [-77.14500419715336, 38.67381473822642], [-77.14504319715336, 38.67390273822643], [-77.14509572121099, 38.674046768211255], [-77.14510828618275, 38.67410536861032], [-77.14511358247931, 38.674110931626856], [-77.14514694174431, 38.67414777792606], [-77.145181004946, 38.674170969599714], [-77.14530240372537, 38.67427257744312], [-77.14537240372537, 38.67433757744312], [-77.14546641047102, 38.67443324857927], [-77.14549192768851, 38.67446468310052], [-77.14568177483744, 38.67466072934001], [-77.14574323560134, 38.67468261200426], [-77.14589418277188, 38.67475146312138], [-77.14603543039395, 38.67483181402506], [-77.14605443039395, 38.67484381402507], [-77.1461698597586, 38.67492361543134], [-77.14627569459422, 38.67501109959007], [-77.14637109351442, 38.67510557100265], [-77.14640481791344, 38.6751459049581], [-77.14640537980625, 38.67514633768015], [-77.1464066906363, 38.675147114230526], [-77.14640840750636, 38.67514834947171], [-77.14651316777929, 38.67521173389717], [-77.14661101364564, 38.675278016580826], [-77.14662194738416, 38.67528407632217], [-77.14674689352478, 38.675368397084966], [-77.14681689352479, 38.675420397084956], [-77.1469522792837, 38.675533188965034], [-77.14706027928368, 38.675634188965034], [-77.14713248783889, 38.67570743254631], [-77.14733935841532, 38.6757292359512], [-77.14749535841534, 38.67575423595121], [-77.1476449326908, 38.675783665623904], [-77.1477905471054, 38.675823336246275], [-77.1479155471054, 38.67586233624627], [-77.14803421734993, 38.67590344541322], [-77.14814859347828, 38.675951359938985], [-77.14827759347827, 38.67601035993898], [-77.14840973696595, 38.6760772751526], [-77.14853351131502, 38.67615326392129], [-77.14864789062993, 38.67623769641713], [-77.14875192688525, 38.67632987282691], [-77.14892586497177, 38.676498921087706], [-77.14903624976017, 38.676505575069285], [-77.14904508226016, 38.67650681778363], [-77.14909929898371, 38.67650610170087], [-77.14918164722981, 38.67651092072481], [-77.14928157337482, 38.676501769978934], [-77.14937985650499, 38.67649497188995], [-77.14944385650499, 38.67649197188994], [-77.14959310213128, 38.67648999028384], [-77.14974201269101, 38.67649801569789], [-77.14979901269102, 38.6765030156979], [-77.14989277894816, 38.67651514712268], [-77.14998786245009, 38.676524342864276], [-77.15015012475898, 38.67655253591104], [-77.15030816468624, 38.67659270568078], [-77.15046052563103, 38.676644481942255], [-77.15060580333386, 38.67670738749107], [-77.1506661022995, 38.676739752024694], [-77.15084299645451, 38.676788113605525], [-77.1509009964545, 38.676807113605534], [-77.15103638568104, 38.67685693232893], [-77.15116573664176, 38.676915666272976], [-77.15128808194831, 38.67698287617899], [-77.15130098024142, 38.67699063319442], [-77.1514220899556, 38.677043203865225], [-77.1515401393303, 38.67710483477323], [-77.15156547692771, 38.67712055338467], [-77.15168490779914, 38.67715380585177], [-77.15171890779915, 38.67716480585177], [-77.15187282643309, 38.67722166607012], [-77.15201881888751, 38.677290019593414], [-77.15215547196621, 38.67736920476457], [-77.15216137073196, 38.677373383373016], [-77.15217106136177, 38.6773769827498], [-77.15230506056608, 38.67743249043308], [-77.15243229743086, 38.67749691541138], [-77.1525517942747, 38.67756976264654], [-77.15265979427468, 38.67764176264654], [-77.15279089894895, 38.677738857148164], [-77.15290826314407, 38.6778460682387], [-77.15293774899222, 38.67787604551765], [-77.1530697992139, 38.67781991609035], [-77.15321663460519, 38.67777058423489], [-77.15336869304974, 38.677732002854114], [-77.1535246775942, 38.677704501020514], [-77.1535606775942, 38.67769950102051], [-77.15370852386386, 38.67768404483866], [-77.1538575311637, 38.67767854576894], [-77.1540065938812, 38.67768304461365], [-77.15405359388122, 38.67768604461365], [-77.15423041382975, 38.677704504988455], [-77.15444341382974, 38.67773550498846], [-77.15458836960381, 38.67776166222586], [-77.15472990435855, 38.677797404983316], [-77.15486697315461, 38.67784246937501], [-77.15499856402444, 38.67789652269426], [-77.15503156402444, 38.67791152269426], [-77.15516796155092, 38.67798040058152], [-77.15529545512821, 38.678058928596144], [-77.15541292075676, 38.678146414425186], [-77.1555193228447, 38.67824208678248], [-77.15561372333771, 38.67834510220839], [-77.15569528998904, 38.67845455250585], [-77.15570728998904, 38.67847255250585], [-77.15577627307924, 38.67858934034062], [-77.15583064110527, 38.67871071084462], [-77.15586989938653, 38.67883555969898], [-77.15589369072201, 38.67896275093619], [-77.15590179864053, 38.67909112727602], [-77.15589414937021, 38.67921952065527], [-77.15589014937022, 38.67925252065526], [-77.15585764930101, 38.67941446987495], [-77.15580011735335, 38.679572150513174], [-77.15577711735335, 38.67962315051318], [-77.15572302544196, 38.67972863768037], [-77.15565770868216, 38.67983020589209], [-77.15564242511317, 38.67985166167163], [-77.15561061160778, 38.679946452932626], [-77.15557679074564, 38.68003475658527], [-77.15555479074563, 38.68008575658528], [-77.15552894993618, 38.68013758851515], [-77.15545744661642, 38.6803336460048], [-77.15541789221832, 38.68052361853659], [-77.1554373895128, 38.68056344783341], [-77.15545238951282, 38.68059944783341], [-77.15546773626073, 38.680643772530004], [-77.15555440815314, 38.6806595463641], [-77.15573180426838, 38.680708126559644], [-77.15590138416738, 38.68077138710729], [-77.15596938416736, 38.68080038710728], [-77.15611239803475, 38.68086896826025], [-77.15614244787321, 38.68087984429405], [-77.15626544787322, 38.680930844294046], [-77.15640738403695, 38.680996644468564], [-77.15643275202773, 38.68101112001618], [-77.15645770018664, 38.68102039682384], [-77.15659470018664, 38.68107839682384], [-77.15673504391383, 38.68114823596185], [-77.15675010133073, 38.68115397697736], [-77.15689220967518, 38.681222080259474], [-77.1568977329573, 38.68122533681153], [-77.15693847284935, 38.681243115949286], [-77.15705072212236, 38.68130428497935], [-77.15715305242378, 38.6813573696181], [-77.15720268912136, 38.681373070352265], [-77.15721158881307, 38.68137674214671], [-77.15727476442407, 38.68139240757131], [-77.15744128985276, 38.6814492740046], [-77.15759923284885, 38.68151941428075], [-77.15761923284887, 38.681529414280746], [-77.15775776081308, 38.681606417921586], [-77.1578859019747, 38.68169363268044], [-77.15800241794005, 38.68179021568837], [-77.15810618266482, 38.681895233538974], [-77.15819619333638, 38.68200767130905], [-77.15827158006529, 38.682126442367114], [-77.1582886900488, 38.682161770444424], [-77.15835790948334, 38.68228962633934], [-77.1584114528122, 38.68242883141808], [-77.15844541994281, 38.682571713094575], [-77.1584534199428, 38.682619713094574], [-77.15846028399618, 38.68268052060971], [-77.15858042404074, 38.68282615976578], [-77.15864399819361, 38.68290970269454], [-77.15888399819362, 38.68325270269454], [-77.15894617527229, 38.68335085695412], [-77.1589979109644, 38.683452613146336], [-77.15901991096442, 38.68350161314633], [-77.15906740963133, 38.683626487488084], [-77.15909919354941, 38.68375434627475], [-77.15911496583709, 38.683883995226026], [-77.15911485289111, 38.683922035184644], [-77.15911986516102, 38.68397772417748], [-77.15912286516102, 38.68404872417748], [-77.15912024826535, 38.68417925826978], [-77.15910140865351, 38.684308982673194], [-77.15906652316907, 38.684436679691025], [-77.15901591927502, 38.68456115065725], [-77.158995919275, 38.684603150657246], [-77.15893252419417, 38.68471927858878], [-77.15885544731016, 38.68483028389249], [-77.15883144731016, 38.684861283892495], [-77.15875767183208, 38.68494871096257], [-77.15867540372545, 38.685031422556804], [-77.15864740372545, 38.6850574225568], [-77.15850947747063, 38.68517134480542], [-77.15847547747065, 38.68519634480542], [-77.15829720948412, 38.6853109016873], [-77.15818820948412, 38.685371901687304], [-77.15814240664133, 38.68539594643789], [-77.15805751755826, 38.68545975489591], [-77.15789449655196, 38.68555614862241], [-77.15787149655196, 38.68556814862241], [-77.15772765630703, 38.685635568852106], [-77.1576734628677, 38.68565568770243], [-77.15764455144759, 38.685691047642614], [-77.15754865945132, 38.685787728717564], [-77.15751165945132, 38.68582172871757], [-77.15738322600856, 38.68592758028255], [-77.15724086640716, 38.68602203416444], [-77.1570862421282, 38.68610398799054], [-77.15700124212822, 38.68614398799054], [-77.15697331037771, 38.68615583248357], [-77.15693045509381, 38.686296394414256], [-77.15686313938897, 38.6864411323072], [-77.15684113938896, 38.6864811323072], [-77.1567505216958, 38.68662238484427], [-77.156688437581, 38.68669608297286], [-77.15664448177432, 38.686759172483605], [-77.15654827725314, 38.68688128201757], [-77.15643595827761, 38.68699475649294], [-77.15637195827763, 38.687052756492946], [-77.15626457480603, 38.68714159995604], [-77.15614730695191, 38.68722252493479], [-77.15613611926152, 38.687228938653604], [-77.15612077805653, 38.68727751913606], [-77.15606754561783, 38.68741431824506], [-77.15598154561782, 38.687599318245056], [-77.15592110782097, 38.68771285451286], [-77.15584762726327, 38.68782163437198], [-77.15583508274477, 38.68783831120245], [-77.15578818281895, 38.68793402533679], [-77.15573422360593, 38.688032258800604], [-77.15568839441632, 38.688100220885154], [-77.15569830195363, 38.68813686615859], [-77.15578113941562, 38.688109102540814], [-77.15585713941563, 38.68808710254081], [-77.15603035530798, 38.688044859085736], [-77.15620830268567, 38.68801695519002], [-77.15638902644415, 38.68800369743327], [-77.15657054097476, 38.68800523147819], [-77.15675085198069, 38.68802154047029], [-77.15692797838821, 38.68805244522293], [-77.1571069783882, 38.68809144522293], [-77.15725752395842, 38.68813010882902], [-77.157402894578, 38.68817932214672], [-77.15754187201763, 38.68823867276048], [-77.1576732916239, 38.68830766330254], [-77.15779605207923, 38.688385715620996], [-77.1579091246312, 38.68847217562482], [-77.15805112463121, 38.688591175624815], [-77.1581758472956, 38.6887083159785], [-77.15828280645417, 38.68883564768658], [-77.15846780645415, 38.68908564768658], [-77.15855809433945, 38.68922597161716], [-77.15862680216131, 38.68937351146574], [-77.15873057045422, 38.68964470423122], [-77.1588322166894, 38.68986070248099], [-77.15888784077117, 38.69000267952538], [-77.15892305804145, 38.69014855534929], [-77.15893744118739, 38.690296559951356], [-77.1589424411874, 38.69048755995136], [-77.15894243739837, 38.69054258440957], [-77.15893743739836, 38.69073258440958], [-77.15892612353507, 38.690861211269905], [-77.15889906200356, 38.69098840802176], [-77.15888363885128, 38.69103356057196], [-77.15897588592168, 38.69110972901906], [-77.15908261359607, 38.69121796874291], [-77.1591747277794, 38.69133405054785], [-77.15925128423983, 38.69145678451789], [-77.15925668550246, 38.691468277747695], [-77.15930100953018, 38.691470328322325], [-77.15946595999628, 38.691490493228216], [-77.15962764789309, 38.69152292443885], [-77.15978457014914, 38.69156732046952], [-77.15993526799491, 38.691623268609], [-77.16007834052385, 38.691690248756196], [-77.16012634052386, 38.6917152487562], [-77.16027206694555, 38.69180010381314], [-77.160405542089, 38.69189639082303], [-77.16052529152458, 38.692003046154014], [-77.1606299924434, 38.69211889164083], [-77.16071848826957, 38.69224264759942], [-77.16075748826955, 38.692304647599414], [-77.1608255965434, 38.69242817216345], [-77.16087754939369, 38.69255636174868], [-77.16091282986913, 38.69268794081835], [-77.16093108691514, 38.692821600109035], [-77.16093213886695, 38.692956009658246], [-77.16093161147403, 38.69296537088245], [-77.16095505149875, 38.693030914968816], [-77.16098490349607, 38.69316732879034], [-77.16109090349606, 38.69386732879034], [-77.16110214669932, 38.693987982783014], [-77.16109943720288, 38.69410893512713], [-77.16108691930184, 38.694264991627], [-77.16108249823498, 38.69447572914669], [-77.16108369094117, 38.69449451426915], [-77.1610843382216, 38.69450564208275], [-77.16109325040003, 38.69467428792048], [-77.16114043362948, 38.69471487239386], [-77.16124100189647, 38.694820460432844], [-77.16132787192421, 38.694933169069444], [-77.16140021734823, 38.695051926145446], [-77.1614573499716, 38.6951756019659], [-77.16149872631141, 38.69530302004559], [-77.16152395276892, 38.69543296830046], [-77.16153278937355, 38.69556421057776], [-77.16153103561874, 38.69559435820085], [-77.1615761175856, 38.695837935394835], [-77.16159045506369, 38.69594628783472], [-77.16160620123446, 38.6961431149695], [-77.1616209370793, 38.696163932274125], [-77.16167690515913, 38.696250178083496], [-77.16170183228961, 38.69629227723721], [-77.16182437821413, 38.69647229297462], [-77.16185166390574, 38.69651411889311], [-77.16199966390573, 38.69675111889312], [-77.16202401033175, 38.696791817111105], [-77.16208931302016, 38.69690590916443], [-77.16213165884416, 38.696969111886816], [-77.16222009193116, 38.69712421208045], [-77.16230181985631, 38.69729599207127], [-77.16239562907549, 38.69745201161474], [-77.16243906613649, 38.6975306728621], [-77.1625520661365, 38.697754672862104], [-77.16255312444493, 38.697757005239225], [-77.16257701459361, 38.69779212579968], [-77.16260138803055, 38.69782238248002], [-77.1626672066763, 38.69791146552973], [-77.1626942066763, 38.69795146552972], [-77.16272154088385, 38.697993748397984], [-77.16276854088386, 38.698069748397984], [-77.16280721160327, 38.69813691538876], [-77.16292358919095, 38.69835481385083], [-77.16295764979925, 38.6984072563747], [-77.16301398605607, 38.69850314102005], [-77.16305198605608, 38.69857514102005], [-77.16311247884849, 38.69870957740928], [-77.16328494757617, 38.69916949401642], [-77.16332085973613, 38.69925179271634], [-77.1633647353756, 38.6993697436433], [-77.16341413665373, 38.69952947444254], [-77.16346670327275, 38.69968826154718], [-77.16348170327275, 38.69975226154718], [-77.1635055739302, 38.69989991867142], [-77.16350837156031, 38.700048723404095], [-77.16350437082471, 38.70012530891408], [-77.16350807711126, 38.700189904193955], [-77.1635009500529, 38.700386052523875], [-77.1634949500529, 38.70043205252387], [-77.1634656000299, 38.70057745515492], [-77.1634421352565, 38.70066293397227], [-77.16343610450751, 38.7007061980411], [-77.16343608167473, 38.700706814526505], [-77.16342241994276, 38.70084128690564], [-77.16341041994275, 38.700913286905646], [-77.16338707848819, 38.701019706521514], [-77.1633697875988, 38.70108310644931], [-77.16337114131971, 38.701162169212566], [-77.1633614459269, 38.70127212829466], [-77.16334944592688, 38.70135712829467], [-77.16332136513799, 38.70149230947663], [-77.16327579609384, 38.701624575103004], [-77.16319874862334, 38.70180997057888], [-77.16314348885194, 38.70198443357146], [-77.16309130291089, 38.702118685898746], [-77.16302146377672, 38.7022479901195], [-77.16300346377673, 38.70227699011949], [-77.16292524960265, 38.70238911473245], [-77.16283375768266, 38.70249498152766], [-77.16272980813949, 38.70259364152773], [-77.1626640585064, 38.702650343046166], [-77.16263188280269, 38.70273842403507], [-77.16262448038799, 38.70276556622225], [-77.16261037302613, 38.70282434689673], [-77.16256376603131, 38.70297188339904], [-77.1625117660313, 38.70310388339904], [-77.162466581831, 38.70320425939128], [-77.1624062937594, 38.703322951532215], [-77.16239493070883, 38.70335503713286], [-77.16233663707415, 38.70347424468962], [-77.16232263707417, 38.703499244689624], [-77.16224218395674, 38.703624659561875], [-77.1621454215031, 38.703742892930585], [-77.16203339678609, 38.70385266538473], [-77.16199512315426, 38.70388306082025], [-77.16193655640052, 38.703950493671414], [-77.16190255640053, 38.70398549367142], [-77.16190120298685, 38.70398676399376], [-77.16192348333352, 38.704013278118616], [-77.16199548333353, 38.70411127811862], [-77.16208802959328, 38.70425699737576], [-77.16215735251053, 38.704410326685455], [-77.16216835251052, 38.70444032668546], [-77.1622055054139, 38.704563205356976], [-77.16222771663259, 38.70468824997036], [-77.16223479123443, 38.70481436309756], [-77.16222666713064, 38.70494043793293], [-77.16220966713065, 38.70507643793293], [-77.16218800136481, 38.70519489049996], [-77.16215291657839, 38.705311380749684], [-77.16213191657837, 38.70536938074968], [-77.16208840006739, 38.705463617539095], [-77.16211790866815, 38.70548655107528], [-77.1622506284933, 38.7055048997587], [-77.16241876243623, 38.70554206781361], [-77.16258122486761, 38.70559223326866], [-77.16273636084895, 38.70565488510884], [-77.1628825900734, 38.705729385125444], [-77.16291959007339, 38.70575038512545], [-77.16306139378979, 38.70584016145388], [-77.1631902441054, 38.70594106856785], [-77.16329365240622, 38.70604127181527], [-77.16330765212169, 38.70605073134061], [-77.16344339530956, 38.706166563836895], [-77.16349339530956, 38.706214563836895], [-77.16358276172653, 38.706308393254645], [-77.1636613505371, 38.70640789110802], [-77.16371019626531, 38.7064837666056], [-77.16390391112922, 38.70667865549899], [-77.16391790768996, 38.7066941676205], [-77.16394762879416, 38.70669056785943], [-77.16409548812457, 38.70667769206225], [-77.16551948812456, 38.70660169206225], [-77.16553649856499, 38.7066008496199], [-77.16677750996088, 38.70654415816426], [-77.16713996213004, 38.70647418670305], [-77.16727367942431, 38.70645268773387], [-77.16740915795106, 38.70643945229417], [-77.16755915795105, 38.70642945229417], [-77.16764363061297, 38.706425435632966], [-77.167994630613, 38.70641543563297], [-77.16809146376691, 38.70641478482129], [-77.16831329786551, 38.706418120672396], [-77.16862285194243, 38.706410487832144], [-77.16881256363541, 38.70640388095726], [-77.16897815915205, 38.706404280301776], [-77.16914294859806, 38.70641698404238], [-77.16930542524466, 38.706441876024215], [-77.1694641035098, 38.70647872865102], [-77.1696175325414, 38.70652720496604], [-77.16976430948297, 38.70658686173301], [-77.16990309230053, 38.7066571534888], [-77.17003261205318, 38.706737437530755], [-77.1701516844955, 38.70682697979319], [-77.17025922090563, 38.706924961559224], [-77.17035423803975, 38.707030486946536], [-77.17043586712224, 38.70714259109881], [-77.17050336178923, 38.70726024900771], [-77.17055610491286, 38.707382384884944], [-77.1705936142439, 38.70750788199855], [-77.17061554682114, 38.70763559288355], [-77.17062170210717, 38.7077643498337], [-77.17061202382203, 38.707892975578204], [-77.1706093769614, 38.70790623087505], [-77.17063563935363, 38.70796145950265], [-77.17066663935361, 38.70803645950265], [-77.17068425584854, 38.70808179927187], [-77.17077125584856, 38.70832079927188], [-77.17081366169828, 38.708468468265174], [-77.17083452204461, 38.70861890546106], [-77.17084752204461, 38.70881590546106], [-77.17084863864511, 38.708934346041644], [-77.17083638329707, 38.70905240534521], [-77.17082238329706, 38.70913940534522], [-77.17079353870447, 38.70926786344822], [-77.17075853870446, 38.70938886344822], [-77.17072538655896, 38.70948630476282], [-77.17068296553886, 38.70958154520682], [-77.17066696553887, 38.709613545206814], [-77.17061181839192, 38.70971202877048], [-77.17045381839192, 38.70996602877048], [-77.1703940643895, 38.710053700986364], [-77.1703261795962, 38.710137713684595], [-77.17022650814474, 38.71025153602113], [-77.1701936825171, 38.71030176318632], [-77.17016314941222, 38.710346390088716], [-77.17015600841135, 38.71035637126038], [-77.1701106171832, 38.71044067011085], [-77.1700706171832, 38.71050767011085], [-77.16999494779755, 38.71062020807077], [-77.16990599661432, 38.71072670275218], [-77.16984499661432, 38.71079270275219], [-77.16976134225362, 38.7108761008892], [-77.16966953691568, 38.71095413568513], [-77.16964153691568, 38.71097613568513], [-77.16948927685146, 38.71108241108303], [-77.16944749107715, 38.711105280721334], [-77.16946197473357, 38.711148981806815], [-77.16949497473355, 38.71127698180682], [-77.16951837344293, 38.7113943591808], [-77.16952839596888, 38.7115128838193], [-77.16952939596891, 38.71154888381931], [-77.16952544098869, 38.71167354770749], [-77.16950669107628, 38.71179739326275], [-77.1694938830526, 38.71184418628043], [-77.16955586088015, 38.71195124552735], [-77.16961237918902, 38.712084321397036], [-77.16971437918902, 38.712374321397036], [-77.1697583818337, 38.71253936858075], [-77.16977638183373, 38.712637368580744], [-77.16979041661502, 38.71274380860337], [-77.169797416615, 38.71283080860338], [-77.16979998385119, 38.71295637146697], [-77.16978751657967, 38.71308157499756], [-77.16976012308527, 38.71320533173643], [-77.16974112308527, 38.71327233173643], [-77.16969917227516, 38.71339324894088], [-77.16964297349665, 38.71351061317394], [-77.16957301227716, 38.71362341047125], [-77.16955701227717, 38.71364641047125], [-77.16947011025057, 38.71375805217669], [-77.16942829600455, 38.71380161581655], [-77.16953742900829, 38.71392912516799], [-77.16958880035467, 38.713992942711066], [-77.16965380035467, 38.71407894271107], [-77.16971679737645, 38.71417013925299], [-77.16974369145325, 38.71421746380545], [-77.16975086934342, 38.71422743309735], [-77.16982838140676, 38.714349086433316], [-77.1698731102124, 38.71444170580592], [-77.16993835561074, 38.7144736256785], [-77.1703292653991, 38.714681556417], [-77.17034369378587, 38.714687531809496], [-77.17042075543826, 38.714721440807914], [-77.17046575543827, 38.714742440807925], [-77.17061129539671, 38.71481840490974], [-77.17074622279357, 38.71490542499948], [-77.17086915585556, 38.715002609916105], [-77.17097883564172, 38.71510896440198], [-77.17107413893616, 38.71522339929515], [-77.17115408975069, 38.715344742683264], [-77.17121786931975, 38.71547175190505], [-77.17126482448538, 38.71560312627617], [-77.17129447438604, 38.71573752040938], [-77.17130651538113, 38.71587355799246], [-77.1713008241604, 38.716009845882844], [-77.1712774590069, 38.71614498837461], [-77.1712366592, 38.71627760149169], [-77.17117884256504, 38.71640632716103], [-77.17109439170427, 38.71656763779397], [-77.1709479976346, 38.716858808319266], [-77.17093354109424, 38.716898342531664], [-77.17069429400226, 38.717703519491806], [-77.17068437914571, 38.717735142192], [-77.17058437914572, 38.71803814219201], [-77.17056556106108, 38.718090717312286], [-77.17052656106108, 38.71819171731229], [-77.17047633843016, 38.71830365351749], [-77.17039833843016, 38.718455653517495], [-77.17035047652776, 38.718540355655755], [-77.17023047652776, 38.718734355655755], [-77.17022455199066, 38.71874360620187], [-77.17239785450205, 38.71982472940711], [-77.17352641310235, 38.72038654020936], [-77.17382670886926, 38.720529383601196], [-77.17384183605232, 38.72053543447442], [-77.17397159744894, 38.720581198538405], [-77.17409432829457, 38.7206166423602], [-77.17422930946609, 38.72064809983661], [-77.17431597655143, 38.72066414929686], [-77.17431992452505, 38.7206648842083], [-77.17625933356378, 38.721027773631526], [-77.1791107425242, 38.7215596633815], [-77.17919809808892, 38.721577847313725], [-77.17942409808893, 38.72162984731373], [-77.17953468680673, 38.72165847457809], [-77.17975668680671, 38.721722474578094], [-77.17985017658023, 38.7217518622349], [-77.18006717658025, 38.7218258622349], [-77.18022770735627, 38.72188851653014], [-77.18042670735626, 38.72197651653014], [-77.18052438035386, 38.722023099823545], [-77.18071538035386, 38.72212109982355], [-77.18080238344508, 38.72216878785754], [-77.1809853834451, 38.722275787857534], [-77.18107641451037, 38.722332853787584], [-77.18142641451037, 38.72256785378758], [-77.18146567195721, 38.72259503167487], [-77.18172767195719, 38.722782031674875], [-77.18174000485939, 38.72279092031651], [-77.18225050915616, 38.72316245226027], [-77.18241812268914, 38.72304825402902], [-77.1825074666741, 38.722991362182725], [-77.18262753254143, 38.72291997166701], [-77.18271963046386, 38.72286045260149], [-77.18293876473288, 38.722706345981415], [-77.18303902326855, 38.72264101732899], [-77.1831453316212, 38.72258176133591], [-77.18342853820627, 38.72243616921823], [-77.18417874538137, 38.722049577771145], [-77.18430880309089, 38.72198876114843], [-77.18444520355452, 38.721937035985384], [-77.18481220355451, 38.721813035985384], [-77.18481433704427, 38.72181231645747], [-77.18487080127855, 38.72179330869543], [-77.18514438002077, 38.72168668737294], [-77.18542247541296, 38.7215733539768], [-77.1856101340626, 38.72150761721085], [-77.18606613406261, 38.72137261721084], [-77.18610152582274, 38.72136248123889], [-77.18677544846464, 38.72117593163802], [-77.1873388826077, 38.72101016384633], [-77.18755209582568, 38.720933060911406], [-77.18755682801407, 38.72093135637653], [-77.18758331835726, 38.720921852207596], [-77.18770818498558, 38.720860293309606], [-77.18780034114445, 38.72079366689744], [-77.18900630894446, 38.71964606756239], [-77.18901067314341, 38.71964193137759], [-77.18911767314341, 38.719540931377594], [-77.1892317824132, 38.71944337202322], [-77.18935760495293, 38.719354961461434], [-77.1894939349271, 38.71927654698554], [-77.18963946580092, 38.719208880090136], [-77.18979280286167, 38.719152609269095], [-77.1899524765851, 38.719108273800636], [-77.1901169567188, 38.71907629857906], [-77.19018044355721, 38.719068989317535], [-77.19027396131692, 38.71904380718263], [-77.19040845278775, 38.718994903312385], [-77.19046245278776, 38.718977903312386], [-77.19061705167742, 38.718935736987206], [-77.19077607961111, 38.71890512552634], [-77.19082807961111, 38.71889712552634], [-77.19099577591523, 38.71887790554779], [-77.19113650619258, 38.71887260904514], [-77.1911831353286, 38.71886882042784], [-77.19136463478668, 38.718861533837874], [-77.1915461162407, 38.71886908703235], [-77.19172558101658, 38.718891396827175], [-77.19190105265015, 38.71892821752224], [-77.19190133336664, 38.71892830184031], [-77.19201393680862, 38.718865342310544], [-77.19215735079955, 38.71880037475842], [-77.19230809837667, 38.71874638601996], [-77.19246479530227, 38.71870387184608], [-77.19262600270879, 38.71867322262265], [-77.19279024031127, 38.718654719785775], [-77.192956, 38.71864853323751], [-77.19299000000001, 38.71864853323751], [-77.19315669874035, 38.71865479024359], [-77.19332184933859, 38.71867350315261], [-77.19348391803025, 38.71870449817655], [-77.19364139967279, 38.718747487462586], [-77.19379283172385, 38.718802071766426], [-77.19393680782407, 38.718867744160036], [-77.19407199085795, 38.718943894739596], [-77.1941971253718, 38.719029816289684], [-77.19431104923319, 38.71912471085123], [-77.19438233866279, 38.71919693375682], [-77.19443719875468, 38.71916572628456], [-77.1945998984805, 38.719092770589576], [-77.19477179394869, 38.71903395038932], [-77.19495086405784, 38.718989957276094], [-77.19498086405787, 38.718983957276095], [-77.19514687225535, 38.71895741761389], [-77.1952466166958, 38.718949258425546], [-77.19529673932686, 38.718929374328596], [-77.19545862819002, 38.71888035143096], [-77.19562601472512, 38.718844194479615], [-77.1957972146647, 38.71882126729103], [-77.19597050537028, 38.71881180056185], [-77.19614414316582, 38.718815889547706], [-77.19631638088275, 38.71883349310461], [-77.19648548544033, 38.71886443410305], [-77.19664975528413, 38.71890840121022], [-77.19671365313178, 38.718931302872605], [-77.19682259782101, 38.71891438355164], [-77.1969893563691, 38.71890133967328], [-77.19715695450701, 38.71890089906251], [-77.19729036564058, 38.71891062641659], [-77.19729042492922, 38.7189101956984], [-77.19731442492922, 38.718912195698394], [-77.1973180965665, 38.7189126483508], [-77.1973238225338, 38.718913065846024], [-77.1973508225338, 38.71891606584603], [-77.19735071178486, 38.71891666927006], [-77.19748692179628, 38.7189334617211], [-77.19765578864812, 38.7189681377235], [-77.19781930805179, 38.71901587103895], [-77.19797581695973, 38.719076176203494], [-77.19812372362347, 38.71914843989323], [-77.19826152378228, 38.71923192716204], [-77.19838781596201, 38.719325788916194], [-77.19843885327835, 38.71937223145593], [-77.19852747121146, 38.719427614198295], [-77.19865752102608, 38.7195282497211], [-77.1987005210261, 38.7195652497211], [-77.19882188306188, 38.71968217440235], [-77.19892575496026, 38.719808887726906], [-77.19896475496024, 38.71986288772691], [-77.19903526376001, 38.719971775750736], [-77.19909283366454, 38.72008517709253], [-77.19911399145268, 38.72013309325977], [-77.19911853261165, 38.72013651154281], [-77.1991400202298, 38.72015619456708], [-77.19919001348009, 38.72018702880386], [-77.19931381816652, 38.7202804124876], [-77.1993318181665, 38.7202954124876], [-77.199434470014, 38.72038920768375], [-77.19952568304984, 38.72048990553957], [-77.199541057625, 38.72051067928972], [-77.19959352285927, 38.72053247197439], [-77.1997293730985, 38.72060239846833], [-77.19984593904326, 38.72067552291827], [-77.19989152020987, 38.720697697765885], [-77.20002868779582, 38.7207803587371], [-77.20009807776957, 38.720831595096904], [-77.20024509769858, 38.72079552347225], [-77.20030109769858, 38.72078452347225], [-77.20048738337672, 38.720756277205375], [-77.20067652288375, 38.72074406125839], [-77.20074319928966, 38.72074545335612], [-77.2008729825843, 38.72073390126895], [-77.20092998258428, 38.72073190126895], [-77.20107976491705, 38.72073169069055], [-77.20122901041687, 38.72074155109415], [-77.2013766026622, 38.7207614087196], [-77.20143560266219, 38.7207714087196], [-77.20159123493421, 38.72080375313427], [-77.20174233135633, 38.720847209267475], [-77.20188758459348, 38.720901401122724], [-77.20202573786779, 38.720965859814584], [-77.20205324328289, 38.72098008675342], [-77.20212414912511, 38.72094619323411], [-77.20216487196768, 38.720931199923115], [-77.20224461375686, 38.720888822762404], [-77.20239154091462, 38.72082601413809], [-77.20254558470405, 38.72077455324867], [-77.20257658470405, 38.72076555324867], [-77.20274356386705, 38.72072443050682], [-77.20291502739198, 38.7206966407843], [-77.2030892215354, 38.72068246831675], [-77.20326436462483, 38.7206820580614], [-77.20343866528188, 38.72069541421434], [-77.20361034074466, 38.72072240016773], [-77.20377763510199, 38.72076273990693], [-77.20389653612457, 38.720802039361914], [-77.20391293511234, 38.72080617475883], [-77.20410562202008, 38.720864877248786], [-77.20421962202008, 38.720905877248796], [-77.20435790041397, 38.720961610793566], [-77.20449390041398, 38.72102261079356], [-77.20453740105422, 38.721044712944256], [-77.2047620857999, 38.720929640027634], [-77.20520414276574, 38.72068669136459], [-77.20563981080002, 38.72043354530678], [-77.20606350164438, 38.72017147790951], [-77.20651721854253, 38.71987358297638], [-77.20693005624855, 38.7195837763748], [-77.20704870362793, 38.71949544036972], [-77.20717950255188, 38.71940736089572], [-77.20732094218033, 38.71932987365335], [-77.20747161133572, 38.719263751751676], [-77.2076300067552, 38.719209654904994], [-77.20779454808914, 38.719168122850704], [-77.20796359366862, 38.71913956996422], [-77.2081354568848, 38.71912428112465], [-77.20830842301652, 38.71912240887244], [-77.20848076633862, 38.719133971887516], [-77.20865076733985, 38.71915885480286], [-77.20878235754846, 38.7191889486273], [-77.20882977868199, 38.71915313298999], [-77.20886057782035, 38.719130434811134], [-77.20983957782033, 38.71842643481114], [-77.20986682500079, 38.71840725431434], [-77.2101048250008, 38.71824325431434], [-77.2102366834308, 38.718160967386034], [-77.21037822381102, 38.71808907419112], [-77.21052809775559, 38.718028259620866], [-77.21068487748883, 38.71797910302589], [-77.21084706944698, 38.717942072697], [-77.21101312850675, 38.717917521404004], [-77.21118147270474, 38.71790568303505], [-77.21135049830824, 38.71790667036848], [-77.21151859509311, 38.717920473998454], [-77.2116841616836, 38.717946962424534], [-77.21184562080788, 38.717985883304486], [-77.21200143432397, 38.71803686585812], [-77.21215011787277, 38.71809942439963], [-77.21229025501897, 38.718172962964424], [-77.21242051074456, 38.718256780986614], [-77.2125396441671, 38.71835007997294], [-77.21280364416708, 38.71857807997294], [-77.21290688056773, 38.71867614708586], [-77.21299781600136, 38.71878132860012], [-77.21307564565508, 38.718892693619686], [-77.21313968070713, 38.71900925652214], [-77.21318935442315, 38.71912998568185], [-77.21319659599544, 38.71915569921491], [-77.21329317347526, 38.719200641451266], [-77.21343230092882, 38.719281095091354], [-77.21346327476212, 38.71930306862276], [-77.21354000321719, 38.71933208358475], [-77.21371304353484, 38.71940733403782], [-77.21387389783378, 38.71949747780735], [-77.21397689783377, 38.71956247780736], [-77.21409594339926, 38.71964495260529], [-77.21420473874926, 38.71973559447412], [-77.21430236220783, 38.719833635527785], [-77.21434584868034, 38.719881726450325], [-77.21454825900109, 38.7200700804988], [-77.2147049106517, 38.720196501129124], [-77.21472132697578, 38.72020643732527], [-77.21485776515212, 38.72029828207655], [-77.21495676515211, 38.72037228207655], [-77.21506746136876, 38.72046308433557], [-77.21516685250788, 38.7205614860707], [-77.2152540811428, 38.72066663839066], [-77.21532508114281, 38.720761638390655], [-77.21541267288005, 38.72089549277443], [-77.21548057319339, 38.72103610087459], [-77.21552793834157, 38.72118171547014], [-77.21554593834158, 38.72125371547014], [-77.21556946259821, 38.72137893603952], [-77.215577784935, 38.7215053214881], [-77.21557083194423, 38.72163175702439], [-77.21554866495522, 38.72175712741507], [-77.21552413174204, 38.721838408570854], [-77.21553073728795, 38.72184458953049], [-77.21562573728795, 38.72193758953049], [-77.21574210045071, 38.72206626595983], [-77.21578594948295, 38.722129268261995], [-77.21589256111533, 38.72221959930027], [-77.21599339221319, 38.722316109107254], [-77.21603993030797, 38.72233833796982], [-77.21617101662821, 38.72241512941483], [-77.21629217386813, 38.72250122919306], [-77.21640231435876, 38.722595864358055], [-77.21649431435878, 38.722682864358056], [-77.21655790345413, 38.72274681569357], [-77.21664290345412, 38.722837815693566], [-77.21672232550279, 38.72293069961701], [-77.21679160009069, 38.723028377164006], [-77.21685060009068, 38.72312037716401], [-77.21690530067613, 38.723214548762265], [-77.21695056478215, 38.72331170518328], [-77.21700356478217, 38.72344070518328], [-77.2170380352531, 38.723536714829415], [-77.2170790352531, 38.72366971482941], [-77.21711994714387, 38.723864243305044], [-77.21713719670193, 38.72401465945139], [-77.2171577597759, 38.724098023264744], [-77.21717580016998, 38.724187205901984], [-77.21719025219909, 38.724278460142884], [-77.21720965001148, 38.724321734266965], [-77.21724905647488, 38.72444718845462], [-77.21727284608652, 38.72457500173322], [-77.2172808003131, 38.724704], [-77.2172808003131, 38.724833999999994], [-77.21727349545911, 38.72495763216307], [-77.21726451219679, 38.725033490822526], [-77.217265289709, 38.72506163676469], [-77.21727108869607, 38.72509490463779], [-77.21728070595945, 38.72516305537662], [-77.21729201386675, 38.72526765351914], [-77.21732532860831, 38.725365746924815], [-77.21735152608436, 38.725455077691926], [-77.2173617527551, 38.725496377708346], [-77.21740218772464, 38.725603151299836], [-77.21740423110745, 38.72560858924907], [-77.21746817758822, 38.725780104616085], [-77.21748415958997, 38.72579848703644], [-77.21756490797458, 38.725914342363225], [-77.21760690797458, 38.72598234236322], [-77.21762192727968, 38.726008464037946], [-77.21768689820868, 38.726110890680935], [-77.21775088504153, 38.726223934085624], [-77.21780155166775, 38.72630154152601], [-77.21786183941819, 38.726420746157146], [-77.21790730617937, 38.72654386656837], [-77.21793754101932, 38.72666978998837], [-77.21794134900176, 38.7267027747479], [-77.21795382456385, 38.72673652528525], [-77.21798677616245, 38.72681209428468], [-77.21800766121167, 38.72684795744111], [-77.21801655256438, 38.726858515922444], [-77.2180944936776, 38.72696061948423], [-77.21811997864968, 38.72699762809586], [-77.21817653656477, 38.727056918776114], [-77.21826387625124, 38.727170175360115], [-77.21833654551489, 38.72728954102879], [-77.21836054551491, 38.72733454102879], [-77.21842308523135, 38.72747614104767], [-77.21846602148568, 38.727569267777184], [-77.21850078775643, 38.727667455160066], [-77.21851378775644, 38.72771045516008], [-77.21854916468544, 38.72786989304601], [-77.21855094692077, 38.72789716111292], [-77.2186337519752, 38.72797687429173], [-77.2186857519752, 38.728032874291735], [-77.21875293492903, 38.72811584594569], [-77.21880765526753, 38.728162376845766], [-77.21892102825525, 38.72826934981917], [-77.2189472015901, 38.7282968103672], [-77.21900299885041, 38.72834777186495], [-77.2190340687719, 38.72837135458349], [-77.2191219732734, 38.728449200499014], [-77.21916897327341, 38.728494200499014], [-77.21925819027796, 38.728587587567205], [-77.21929219027794, 38.728626587567206], [-77.2193604948649, 38.72871157882949], [-77.2194254948649, 38.728799578829495], [-77.21948061783952, 38.72888044671022], [-77.21948510655604, 38.72888760955572], [-77.21949512512214, 38.72889989037869], [-77.2195795445121, 38.72901563591289], [-77.21963040518871, 38.72910488232903], [-77.21971980311154, 38.72916760628022], [-77.21976580311156, 38.72920260628022], [-77.2198644908883, 38.729284211080454], [-77.21995412343404, 38.72937191351941], [-77.21999912343402, 38.72941991351941], [-77.2200472843068, 38.72947401205711], [-77.2202102843068, 38.729667012057114], [-77.2203118517613, 38.72980421168812], [-77.22035685176128, 38.72987421168813], [-77.22042148948724, 38.72998750375601], [-77.22047247360494, 38.730104938020034], [-77.22049647360495, 38.73016993802003], [-77.22052092627771, 38.73025026623351], [-77.22055885254338, 38.73029852138699], [-77.22058885254339, 38.73034252138699], [-77.2206634932814, 38.730466917556406], [-77.22071946380997, 38.73059207163978], [-77.22080997938606, 38.73062809514663], [-77.22087897938606, 38.73065909514662], [-77.22099112047347, 38.73071403275405], [-77.22109753430937, 38.73077548133458], [-77.22114553430936, 38.73080548133459], [-77.22126286792758, 38.73088585650099], [-77.22131086792758, 38.730921856500984], [-77.2214152520631, 38.73100730763264], [-77.22150963726669, 38.73109953079474], [-77.2217096372667, 38.73131353079474], [-77.22175743007054, 38.73136737048148], [-77.22188409246058, 38.731517739735985], [-77.22193587810442, 38.731561716433525], [-77.22204733162111, 38.731666528265364], [-77.22220833162113, 38.731834528265374], [-77.22230597749078, 38.73194799477494], [-77.22233597749076, 38.731986994774935], [-77.22242821045373, 38.73212422584301], [-77.22246421045374, 38.73218622584301], [-77.22252410694215, 38.73230379647571], [-77.22256510694214, 38.732396796475705], [-77.22262794691257, 38.73258078310537], [-77.22264294691257, 38.73264178310537], [-77.22266659004178, 38.73277216915393], [-77.22266692148322, 38.7327749864062], [-77.22269104879126, 38.73288050055085], [-77.22270404879123, 38.732957500550846], [-77.22271761284249, 38.73308310912464], [-77.2227226128425, 38.73318810912465], [-77.22271961157385, 38.73333166191811], [-77.22271377535387, 38.73339683304127], [-77.22278752725884, 38.73344226548544], [-77.22284952725883, 38.73348326548544], [-77.22295684555178, 38.733560537228136], [-77.22305540372543, 38.73364457744318], [-77.22309740372543, 38.73368357744318], [-77.22322491201913, 38.73381812353764], [-77.22326391201914, 38.73386512353764], [-77.22336369954591, 38.73400239537256], [-77.22342541789693, 38.73410025510031], [-77.22354762472892, 38.73422337392358], [-77.22365183246892, 38.734340708056884], [-77.22370483246891, 38.734407708056885], [-77.22376824810371, 38.734494991795096], [-77.22385029747556, 38.734618428903204], [-77.22385880091461, 38.734626420086876], [-77.2238875458049, 38.734650528704535], [-77.2239413528827, 38.73469113781985], [-77.22411484292971, 38.734814128416566], [-77.22430430161745, 38.7349404342084], [-77.22440293433168, 38.73496987122926], [-77.22442893433168, 38.73497887122925], [-77.22458998828833, 38.73504265021047], [-77.22474162339326, 38.73511914045578], [-77.2248821884928, 38.73520750906343], [-77.22501015297455, 38.735306793788226], [-77.22512412343409, 38.73541591351947], [-77.22513912343408, 38.73543191351947], [-77.22524227084376, 38.73555563048056], [-77.22532742497326, 38.735687376717216], [-77.22539356589856, 38.73582557425371], [-77.22541556589856, 38.735880574253706], [-77.22546090882975, 38.73601963108955], [-77.22548699378022, 38.736161650672614], [-77.22549099378023, 38.736196650672625], [-77.2254977990124, 38.73631434852934], [-77.22549136459304, 38.73643205901159], [-77.22548736459304, 38.736468059011585], [-77.22544908163658, 38.736656233315976], [-77.22543508163659, 38.736703233315986], [-77.22539778664193, 38.736808754426214], [-77.2253918055649, 38.7368233333015], [-77.22539227540875, 38.73682399012403], [-77.22542311322748, 38.736866638171215], [-77.22559670459239, 38.737088956936816], [-77.22571201617862, 38.73716038866335], [-77.22578501617862, 38.73721138866335], [-77.22592244588435, 38.73731886375965], [-77.22619544588436, 38.737557863759655], [-77.22623391970305, 38.73759272537562], [-77.22684691970304, 38.73816772537562], [-77.22692484480358, 38.73824656954043], [-77.22705384480358, 38.73838756954042], [-77.2271242451896, 38.73847087959893], [-77.22718653553818, 38.738558011970326], [-77.2272205355382, 38.73861001197033], [-77.2272827820694, 38.73871639336573], [-77.22733294526688, 38.73882657187061], [-77.22735694526688, 38.73888757187061], [-77.22740921978918, 38.73906039606752], [-77.22742421978919, 38.739130396067516], [-77.22743824208966, 38.73921062498331], [-77.22750224208967, 38.73968262498331], [-77.22750619005978, 38.73971562643173], [-77.22752019005976, 38.739850626431725], [-77.22752575997796, 38.73996819651625], [-77.22752475997795, 38.740082196516255], [-77.22751699112513, 38.74020081945093], [-77.22749582666246, 38.74031844921375], [-77.22748582666249, 38.74036044921375], [-77.22743140290626, 38.74052636809999], [-77.22742398398329, 38.74055931982612], [-77.22740298398328, 38.74063231982612], [-77.22736199879122, 38.74074966987681], [-77.22732199879123, 38.74084666987681], [-77.22727672042174, 38.74094356040608], [-77.22723272042174, 38.741027560406074], [-77.22716379401389, 38.74114317720725], [-77.22714632119528, 38.74116643695916], [-77.22710764927363, 38.74124102872151], [-77.22714305978117, 38.74130631298037], [-77.22716905978116, 38.74136331298037], [-77.22722515990827, 38.74151340956273], [-77.22724015990828, 38.74156440956272], [-77.22727586534076, 38.741736157597586], [-77.22729101113366, 38.7418588385201], [-77.22731632720135, 38.741985418858576], [-77.22732781458244, 38.74200627752422], [-77.22739122960562, 38.74214075746451], [-77.2274359383416, 38.742279715470346], [-77.2274479383416, 38.74232771547034], [-77.2274752811031, 38.74248771813212], [-77.22747783866873, 38.74264911671616], [-77.22747483866873, 38.742698116716156], [-77.22745925864048, 38.74282530093805], [-77.2274192586405, 38.74304230093805], [-77.22740785866617, 38.74309631476016], [-77.22732385866617, 38.74344931476016], [-77.22729511497053, 38.74354888150603], [-77.2272567694254, 38.74364647019162], [-77.22723576942539, 38.74369347019162], [-77.22716163090105, 38.74383348573684], [-77.22706776892531, 38.743966144467386], [-77.22695536897814, 38.744089770898995], [-77.22690936897813, 38.744134770898995], [-77.22677983849945, 38.74424781311861], [-77.22663482290076, 38.74434883178017], [-77.2264761540579, 38.74443655078889], [-77.2262861540579, 38.7445295507889], [-77.22614244562965, 38.74459266501199], [-77.22600542037861, 38.74464009055737], [-77.22599452898564, 38.74464573074302], [-77.22584031655828, 38.744716914695196], [-77.22567747093863, 38.74477531030738], [-77.22566188332912, 38.74477944120703], [-77.22553438766946, 38.74484296051862], [-77.22538344554867, 38.744902862377906], [-77.22534344554866, 38.744916862377906], [-77.22531714799882, 38.74492480844557], [-77.2252704779482, 38.74502074062971], [-77.22526215517425, 38.74503565226638], [-77.22524309533543, 38.745084493103356], [-77.22521142340636, 38.745157979780146], [-77.22508429404232, 38.74542702099237], [-77.22506601626661, 38.745466462508396], [-77.22505328277818, 38.74553489305424], [-77.22501113766964, 38.74566638460547], [-77.22495223072994, 38.7457939173289], [-77.22492744587403, 38.74584013075816], [-77.22491692508724, 38.745872479415624], [-77.22485902973524, 38.74599729194147], [-77.22478563753108, 38.74611706864709], [-77.22469746019374, 38.746230648000974], [-77.22459535282069, 38.74633692857026], [-77.22448030559553, 38.746434879701866], [-77.22444530559554, 38.74646187970187], [-77.2244018242758, 38.746492634003964], [-77.22440240198524, 38.746689632919825], [-77.22442895125548, 38.746791042427425], [-77.22445214207137, 38.746903912349154], [-77.22446295505478, 38.747017905449496], [-77.22446131239741, 38.74713220145465], [-77.22445531239741, 38.74721920145464], [-77.22443572276137, 38.74736147221934], [-77.22436672276136, 38.747694472219344], [-77.22434585750162, 38.747778208693916], [-77.22434494669591, 38.74778133145635], [-77.22434398926991, 38.74779760769829], [-77.22432359084036, 38.74793120808149], [-77.2243794050536, 38.748049678201], [-77.22442311500001, 38.74818352645274], [-77.22447160833529, 38.74837202473994], [-77.22447179018512, 38.74837252243419], [-77.2245072606682, 38.74848906239418], [-77.2245292916799, 38.74860759258901], [-77.22453770918153, 38.74872717666412], [-77.22453244667724, 38.74884686993962], [-77.22451354573931, 38.74896572687296], [-77.22450854573933, 38.74898872687296], [-77.22446987736562, 38.74912392126945], [-77.22441357709798, 38.7492553130536], [-77.22434023975558, 38.74938151405512], [-77.22425064015647, 38.74950119094494], [-77.22422964015647, 38.74952619094494], [-77.22416086271629, 38.749600689771576], [-77.22430543657578, 38.749635398719676], [-77.22446824051654, 38.7496891733372], [-77.22462314625665, 38.749755587598216], [-77.22476853809194, 38.74983394878601], [-77.22479353809193, 38.74984894878601], [-77.22493398967542, 38.74994295683821], [-77.22506073048598, 38.750048101191595], [-77.2251723099982, 38.75016317848824], [-77.22526745120496, 38.750286871689525], [-77.22528645120497, 38.750314871689525], [-77.22535769601826, 38.75043348828271], [-77.2254138088278, 38.75055692491984], [-77.22545425983922, 38.750684016162396], [-77.22547866713057, 38.75081356206658], [-77.22548266713059, 38.750845562066594], [-77.22549079291723, 38.75097206197338], [-77.22548361756493, 38.75109859667433], [-77.22547184662459, 38.751164481473815], [-77.22549977876776, 38.75116972513319], [-77.22557077876775, 38.75118572513318], [-77.22573020884003, 38.751228297835766], [-77.22583688897089, 38.75126138218014], [-77.2259103696906, 38.751280043950224], [-77.22604854974631, 38.75132028124127], [-77.2261818265792, 38.75136952382113], [-77.22629692395329, 38.75142182140355], [-77.22638785626475, 38.751454102374126], [-77.22649124685641, 38.75149409795271], [-77.22665324685642, 38.75156209795271], [-77.2267930195206, 38.75162756141636], [-77.22692425494708, 38.75170296797401], [-77.22695425494707, 38.75172196797401], [-77.22706837178787, 38.751801002707936], [-77.22717309229581, 38.7518875552853], [-77.22720409229582, 38.7519155552853], [-77.22735289347126, 38.75207138282266], [-77.22735460784475, 38.752073478168036], [-77.2275235343092, 38.752166481334484], [-77.2275955343092, 38.752211481334484], [-77.2277151467666, 38.7522935687616], [-77.22782454607214, 38.75238387008387], [-77.22792280433919, 38.75248161939705], [-77.22796480433917, 38.75252761939705], [-77.22806165729347, 38.75264637017748], [-77.22814207426924, 38.75277232904525], [-77.22819107426926, 38.752860329045255], [-77.2282384632674, 38.75295508575798], [-77.22827653426201, 38.753052353031485], [-77.22829653426201, 38.753111353031485], [-77.22833094054235, 38.75323678622368], [-77.22834986362354, 38.75336419645794], [-77.22835313206025, 38.75349242938282], [-77.22835113206024, 38.753548429382825], [-77.22834618587672, 38.75359275378137], [-77.22836277931256, 38.75367825268144], [-77.2283723366838, 38.753791822555655], [-77.22836954227076, 38.75390561485747], [-77.22836654227075, 38.75394361485748], [-77.2283492145666, 38.7540681443096], [-77.22831710008883, 38.75419088380734], [-77.2282704763418, 38.754310772746614], [-77.22820974620592, 38.754426775155274], [-77.22818774620593, 38.75446377515527], [-77.2280948675647, 38.754599165389614], [-77.22798280496195, 38.754725460063156], [-77.22796480496196, 38.75474346006316], [-77.22786596018099, 38.75483379925127], [-77.22775728545435, 38.75491702313961], [-77.22771999268836, 38.75494094109619], [-77.22767281554692, 38.75504618193089], [-77.22759200930065, 38.75517828143143], [-77.2274932732028, 38.75530278606029], [-77.22739327320278, 38.75541478606029], [-77.2272795492338, 38.75552863479317], [-77.22715084105035, 38.75563237646343], [-77.22709284105036, 38.75567437646343], [-77.22700881397749, 38.75572844158319], [-77.22710320854496, 38.75580198091467], [-77.22720320854496, 38.755887980914665], [-77.22732984480372, 38.756010569540585], [-77.22735871555207, 38.756042125939956], [-77.22741918935834, 38.75608124377545], [-77.22756383701277, 38.756200775527695], [-77.22762137608801, 38.75625454154885], [-77.22764891077769, 38.756264794429555], [-77.22777323284963, 38.75632141428112], [-77.22789323284962, 38.75638141428112], [-77.22801504521168, 38.756450874500395], [-77.22801609528018, 38.75644979005621], [-77.22807409528016, 38.756483790056215], [-77.22808258961172, 38.756488801454], [-77.22811458961172, 38.756507801454], [-77.22823003298527, 38.75658273269331], [-77.228336689095, 38.756665171836566], [-77.228438689095, 38.75675117183656], [-77.22856806869072, 38.75687406468558], [-77.22860906869073, 38.75691806468558], [-77.228699413698, 38.7570254313922], [-77.22877622177387, 38.75713899840464], [-77.22879422177387, 38.75716899840464], [-77.22886404046747, 38.757303919743535], [-77.22891476221737, 38.75744391033077], [-77.22894476221737, 38.757547910330764], [-77.2289699680043, 38.7576555876792], [-77.22897458768938, 38.75769180849241], [-77.22900081909506, 38.75777875624536], [-77.22902341416193, 38.757913809545784], [-77.22902837254215, 38.75804994766573], [-77.22902637254215, 38.758119947665726], [-77.2290168919119, 38.75823393415278], [-77.2289950378109, 38.758346886332724], [-77.2289664433713, 38.75844013465274], [-77.22894556885916, 38.75853319660423], [-77.22893356885916, 38.75857419660423], [-77.22889969230212, 38.75867259879933], [-77.22885635806337, 38.758768728449326], [-77.22874926842965, 38.758980316838525], [-77.22873642901659, 38.75901027546901], [-77.22871015990826, 38.75909959043734], [-77.22865318059992, 38.75925160983452], [-77.22862128205051, 38.759321206669604], [-77.22863265777545, 38.75936884251777], [-77.22865824558772, 38.7595287092577], [-77.22866054019438, 38.75955653136357], [-77.22866445330389, 38.75957460620269], [-77.2287083533012, 38.75952305064818], [-77.2287273533012, 38.75950305064817], [-77.2288560695574, 38.75938284189856], [-77.22900182714872, 38.7592750529494], [-77.22903982714871, 38.759250052949405], [-77.22916490076953, 38.75917509966939], [-77.22929822719976, 38.75910931997318], [-77.22943869847599, 38.75905326050031], [-77.22958514725997, 38.75900738711373], [-77.22961814725998, 38.75899838711373], [-77.22979890887193, 38.75895752308793], [-77.229957089407, 38.75893588744039], [-77.23021982131536, 38.75888085575688], [-77.23030410418284, 38.75886717566585], [-77.2303766840026, 38.75883874265691], [-77.23051970166412, 38.758794611015716], [-77.2305457016641, 38.75878761101572], [-77.23070776362762, 38.75875075556143], [-77.2308736679951, 38.75872635442539], [-77.23104183778919, 38.75871463954867], [-77.23121067449894, 38.758715722285146], [-77.23122224793124, 38.75871667836226], [-77.23122639239982, 38.758716638124696], [-77.23137335828935, 38.75872006806784], [-77.23151942056874, 38.758733185367916], [-77.23166352638899, 38.75875589547254], [-77.23168952638898, 38.75876089547254], [-77.2318426787365, 38.758796253401776], [-77.23199099199056, 38.75884244159304], [-77.23213320409994, 38.75889906701428], [-77.23226810493026, 38.75896564781928], [-77.23232310493027, 38.758995647819276], [-77.23245704248002, 38.759076595583345], [-77.2325452028157, 38.75914157988756], [-77.23263344147618, 38.759204151922674], [-77.2326714414762, 38.75923415192267], [-77.23279333476222, 38.75934119562999], [-77.2328999603161, 38.75945768839803], [-77.23299011700993, 38.759582317945515], [-77.23306278923617, 38.7597136803311], [-77.23307310216414, 38.759735434163524], [-77.2331001444787, 38.759768406751846], [-77.23317003127035, 38.75987268100644], [-77.23322796671047, 38.75998129939547], [-77.23324296671048, 38.76001329939546], [-77.23328915918029, 38.76012732184999], [-77.23332218058238, 38.76024408121833], [-77.23334177097308, 38.760362658373616], [-77.23335177097309, 38.760455658373616], [-77.23335775253196, 38.76057800943109], [-77.2333494355042, 38.760700277843554], [-77.23332688856108, 38.7608214540756], [-77.23329029786633, 38.760940537609635], [-77.23328169272177, 38.760960371028695], [-77.23328150308942, 38.76096167175683], [-77.23325105558901, 38.761077925371374], [-77.23324205558899, 38.761105925371375], [-77.23323443015508, 38.76112537878], [-77.23325855602039, 38.76119605019322], [-77.2332864334931, 38.76133404378155], [-77.23329090750113, 38.7614006747635], [-77.23344249407806, 38.76135874151984], [-77.23359886055269, 38.76132788152427], [-77.2337582391661, 38.76130847623399], [-77.23391924698558, 38.76130069402927], [-77.2340804869417, 38.76130460243651], [-77.2341134869417, 38.76130660243652], [-77.23428988831732, 38.76132442311086], [-77.23446300969945, 38.761356229140496], [-77.2346310245897, 38.76140168495938], [-77.23479216036519, 38.7614603109908], [-77.2348211603652, 38.7614723109908], [-77.23495933670367, 38.761536052860166], [-77.23508932789856, 38.76160948219242], [-77.23521001552712, 38.761691967213736], [-77.23532036121297, 38.76178279823666], [-77.23535188181992, 38.76181410919774], [-77.23541907743734, 38.76185635055071], [-77.23551366154858, 38.761925536585174], [-77.23556566154859, 38.76196653658517], [-77.23565800261008, 38.76204535271214], [-77.23574204327794, 38.76212960415976], [-77.23578704327792, 38.762178604159764], [-77.23589262441024, 38.762308675817145], [-77.23591587324803, 38.762346211689476], [-77.23598465777737, 38.76242136515671], [-77.23610267291669, 38.76256979429665], [-77.23612867291669, 38.76260779429665], [-77.23620462233393, 38.76273416483681], [-77.23622862233393, 38.762780164836805], [-77.23628963019813, 38.76291808485592], [-77.23630457157954, 38.76295892463177], [-77.23631110656497, 38.762976770168905], [-77.23632121359509, 38.76299770615985], [-77.23637251554773, 38.76307382283819], [-77.2364324437028, 38.76318646257838], [-77.2364524437028, 38.76322946257839], [-77.23650559916544, 38.7633659149037], [-77.2365399259758, 38.76350597357494], [-77.23655503978095, 38.76364807037293], [-77.23655077135354, 38.76379061425789], [-77.23653477135355, 38.7639536142579], [-77.2365160527082, 38.76407338223883], [-77.2364836403284, 38.76419136734542], [-77.23645294405205, 38.76428285428669], [-77.23643095650787, 38.76438713806763], [-77.23640512110235, 38.76448216384621], [-77.23646994306155, 38.76450679589079], [-77.23682182036903, 38.76465982586567], [-77.23685392365185, 38.76465647767053], [-77.23702752317392, 38.76464524995585], [-77.23720169412479, 38.76464764856953], [-77.23737467425427, 38.76466364924254], [-77.23754471336075, 38.76469309008113], [-77.23759541865431, 38.76470614619802], [-77.2376244940284, 38.76469997869443], [-77.23776935771667, 38.7646743881922], [-77.23791650706924, 38.76465855136405], [-77.2380648593809, 38.76465258473524], [-77.23821185938088, 38.76465158473523], [-77.23834373709998, 38.76465459805362], [-77.238474937286, 38.76466541417662], [-77.23870593728601, 38.76469141417662], [-77.2388687057272, 38.76471597412419], [-77.23902770965692, 38.764752532548016], [-77.2391814916518, 38.764800754355136], [-77.23952249165181, 38.764922754355126], [-77.23965734234255, 38.76497668412611], [-77.23978561369312, 38.76503958456752], [-77.23990632248174, 38.76511097353676], [-77.24000832248174, 38.76517697353676], [-77.24013652889336, 38.76526880271864], [-77.24025222569806, 38.76537019180391], [-77.2403251897284, 38.76544881085576], [-77.24033596867096, 38.76545321512866], [-77.24048974078964, 38.76553341227878], [-77.24082142858478, 38.765727162601415], [-77.24104706071769, 38.76582823440859], [-77.2411950023768, 38.76590254230569], [-77.24133248113492, 38.765988155254874], [-77.24150048113492, 38.76610415525487], [-77.24160052975591, 38.766179023613056], [-77.24169255051, 38.76625988607441], [-77.24182055051, 38.76638188607441], [-77.24193523437164, 38.76650471960888], [-77.24203143084927, 38.76663681160264], [-77.24209243084925, 38.76673281160264], [-77.24216426333177, 38.76686257249701], [-77.24221823844559, 38.76699747235197], [-77.24225376278109, 38.76713602806044], [-77.24227044577894, 38.767276716322414], [-77.24226810402406, 38.767417990392275], [-77.24224676326202, 38.76755829708397], [-77.24220665811599, 38.76769609384694], [-77.24216565811601, 38.76780909384694], [-77.24214394302324, 38.767859390236275], [-77.24214375090307, 38.76787917861491], [-77.24213129733437, 38.76803062391332], [-77.24210629733435, 38.768191623913324], [-77.24208146014084, 38.76830830345184], [-77.24204356912514, 38.76842283898963], [-77.24201558060541, 38.76848445391742], [-77.24198981921455, 38.7685736495526], [-77.24192976738944, 38.76871070422425], [-77.24180064109892, 38.7689605635964], [-77.2417913481552, 38.768998995306575], [-77.24174743089999, 38.7691185898717], [-77.24168952772682, 38.76923452408859], [-77.2416181320034, 38.769345810132265], [-77.24153385206162, 38.7694514997828], [-77.2414689351653, 38.769518265438954], [-77.24159523284969, 38.76958141428115], [-77.24174652332495, 38.76966635371225], [-77.24188519266185, 38.769763463098315], [-77.24202619266184, 38.76987346309831], [-77.24214526162791, 38.76997643551863], [-77.24225011511, 38.77008837478565], [-77.24239611511, 38.77026237478566], [-77.24243606758796, 38.77031233986179], [-77.24255571137498, 38.77046951895453], [-77.24274019898712, 38.770674782198654], [-77.24282667441148, 38.77078126928195], [-77.24289999212165, 38.77089357402039], [-77.24314199212166, 38.77131157402039], [-77.24317769141774, 38.771381249265744], [-77.24326720230334, 38.771455191986654], [-77.24337072989518, 38.77155948830968], [-77.24345672989517, 38.77165548830968], [-77.24354301558292, 38.77176210899943], [-77.24361612467486, 38.77187453442239], [-77.24367541794139, 38.771991781586465], [-77.24370877086903, 38.772068016849616], [-77.24377440808438, 38.77220407279929], [-77.24382321871995, 38.77226238823528], [-77.24382655721455, 38.77226697866534], [-77.24391078919278, 38.77237517318911], [-77.24405793564239, 38.772444754416064], [-77.2441955740488, 38.77252543294218], [-77.24432222597832, 38.772616355261476], [-77.24439874051701, 38.772677039205945], [-77.24453772069872, 38.77277378784073], [-77.2446155830592, 38.7728314747033], [-77.24469875834232, 38.77289704675191], [-77.24472660200539, 38.77290922876193], [-77.24479860200539, 38.772944228761936], [-77.24495889068781, 38.77303234991296], [-77.24510533549912, 38.773134016444835], [-77.24515933549912, 38.773176016444836], [-77.24520440024791, 38.773214782101675], [-77.24522187158998, 38.773225734578], [-77.24533878822743, 38.773314387538996], [-77.24544445650447, 38.77341121258767], [-77.24553793740556, 38.773515349293326], [-77.2456184002176, 38.773625872250626], [-77.24564929532187, 38.77367340318026], [-77.24569994774969, 38.77367887529408], [-77.24588394774969, 38.77370587529409], [-77.24602886921038, 38.77373220386795], [-77.24617035043501, 38.77376811608659], [-77.24630734664795, 38.77381334675433], [-77.24643884619336, 38.77386756186287], [-77.24649584619335, 38.77389356186286], [-77.24660209702525, 38.773946156704476], [-77.24668609702523, 38.77399115670448], [-77.24679306208672, 38.774053320940375], [-77.24689242891905, 38.77411585351589], [-77.24690632740824, 38.77412416663091], [-77.24700224341534, 38.774159569105635], [-77.24706388462475, 38.774183500746396], [-77.24716688462475, 38.7742255007464], [-77.24731496874531, 38.7742933763116], [-77.24743996874531, 38.774357376311606], [-77.24760593783719, 38.774453898362744], [-77.2477169378372, 38.774526898362744], [-77.24786147274239, 38.77463363252018], [-77.24798929271098, 38.77475257867508], [-77.24801029271099, 38.77477457867507], [-77.24810521282687, 38.774885001680246], [-77.24818325301518, 38.77499860265322], [-77.2482122549466, 38.77501496797372], [-77.2482422549466, 38.77503396797371], [-77.24834989300666, 38.775108125881964], [-77.24844925456175, 38.77518897501449], [-77.24853965481618, 38.7752759581624], [-77.24860165481618, 38.7753409581624], [-77.24869849583175, 38.77545397245264], [-77.24878022177367, 38.77557399840434], [-77.24880122177369, 38.77560899840434], [-77.24885148636425, 38.77570164344999], [-77.24889273095535, 38.7757969472126], [-77.24891173095534, 38.7758469472126], [-77.24891731919489, 38.775865216207364], [-77.24900452607318, 38.77587847454525], [-77.24917385824969, 38.77591853990553], [-77.24920672416994, 38.77592776826738], [-77.2492280334646, 38.77592976488627], [-77.2494210334646, 38.77595176488628], [-77.24963956237472, 38.77598800989492], [-77.24971256237473, 38.77600400989492], [-77.24984355396874, 38.77603714834373], [-77.24991655396873, 38.77605814834372], [-77.25004975356724, 38.77610145741146], [-77.25017785445469, 38.77615324779264], [-77.25023385445468, 38.776178247792636], [-77.25041301311975, 38.77627015620236], [-77.25063001311977, 38.776397156202364], [-77.2507468340799, 38.77647196043885], [-77.25085340778043, 38.77655333557684], [-77.25090496074232, 38.77658425716819], [-77.2509939607423, 38.77664025716819], [-77.25110194957371, 38.776714182241086], [-77.25120168162172, 38.776794824892136], [-77.25129246891593, 38.776881628833124], [-77.25134046891594, 38.776931628833125], [-77.25141531107822, 38.77701611837534], [-77.25148167291718, 38.77710479429737], [-77.25150767291716, 38.777142794297376], [-77.25157033722292, 38.777244411576284], [-77.25162186770021, 38.77734974812616], [-77.25164886770023, 38.77741274812616], [-77.25170129058385, 38.77756377532641], [-77.25173086304531, 38.77771851221517], [-77.25173686304531, 38.77777051221517], [-77.25174266737793, 38.77793973215793], [-77.25174066737792, 38.77798273215794], [-77.25172898680573, 38.77809761131799], [-77.25170473353262, 38.778211293821855], [-77.25168473353263, 38.77828529382186], [-77.25165193708634, 38.77838686430085], [-77.25160910152859, 38.778486146208884], [-77.2515891015286, 38.77852714620889], [-77.25154859198193, 38.77860159993161], [-77.2515839497726, 38.77863937047974], [-77.25165033441087, 38.77872844376993], [-77.25168967951562, 38.77873873188919], [-77.25183447267675, 38.778782304713076], [-77.25191347267676, 38.77880930471308], [-77.25208873402802, 38.77887869204549], [-77.25225275566919, 38.7789630913924], [-77.25228375566918, 38.7789810913924], [-77.2524495825078, 38.779090952037514], [-77.25245808298888, 38.77909522220072], [-77.25249853683083, 38.779116958593406], [-77.25252534848363, 38.77912764136133], [-77.25265932797228, 38.77918702432204], [-77.25278598786736, 38.77925544433015], [-77.25290432408477, 38.779332358992605], [-77.25294932408477, 38.7793643589926], [-77.25297455214775, 38.779383893468236], [-77.25313059044568, 38.77940216228326], [-77.25329763945567, 38.77943520133871], [-77.25345964013933, 38.779480996918025], [-77.25355350485624, 38.77951610138745], [-77.25368399776839, 38.77953536449686], [-77.25375199776839, 38.77954936449686], [-77.2539059905229, 38.77958712669707], [-77.25405479408423, 38.77963588349713], [-77.25419711501407, 38.77969521109054], [-77.25426811501407, 38.77972821109053], [-77.25439265638427, 38.779791908925446], [-77.2545096976677, 38.77986370257452], [-77.25461837201578, 38.7799430603089], [-77.25466737201577, 38.77998206030891], [-77.25477676383397, 38.78007784268222], [-77.25487396803267, 38.780181276725045], [-77.25495810560936, 38.78029142709934], [-77.25499910560934, 38.78035142709934], [-77.25509931541792, 38.78052734111556], [-77.25512175346263, 38.7805758072921], [-77.25514398735103, 38.78059070105204], [-77.25536098735103, 38.78075270105205], [-77.25546791041312, 38.78084000233399], [-77.25556437366966, 38.78093439208342], [-77.25564960448963, 38.78103511427724], [-77.2557229202092, 38.78114136217208], [-77.25578373359957, 38.78125228476599], [-77.25579673359958, 38.781279284765986], [-77.2558504144983, 38.78141096030178], [-77.25588648648943, 38.78154622022612], [-77.25590457044987, 38.78168364293287], [-77.25590447631393, 38.781821784084684], [-77.25589185263885, 38.781916719622046], [-77.25589168472386, 38.78192035778003], [-77.25587349058453, 38.78207265881536], [-77.25586149058454, 38.78213465881536], [-77.25582288280593, 38.78227541763673], [-77.255825488551, 38.78234256679345], [-77.255824488551, 38.782383566793456], [-77.25581132930037, 38.782525740555194], [-77.25577894109068, 38.782666037216735], [-77.25572768636209, 38.782802886788694], [-77.2556581386805, 38.78293475785634], [-77.25564955930797, 38.78294885253978], [-77.25564760960664, 38.78303275747065], [-77.25564260960665, 38.783096757470645], [-77.25562354253168, 38.783230340221245], [-77.25558866720225, 38.78335740711609], [-77.25567781869378, 38.7834528320478], [-77.2557633885978, 38.783566219654986], [-77.25583434736336, 38.78368555670169], [-77.25589001928917, 38.78380970680684], [-77.2559298742421, 38.7839374877573], [-77.25595353270535, 38.78406768276539], [-77.25596076939242, 38.784199052055655], [-77.25595151539228, 38.784330344670614], [-77.2559258588257, 38.78446031038295], [-77.25588404400607, 38.78458771160066], [-77.25582646911289, 38.78471133515206], [-77.2557536824002, 38.78483000383806], [-77.25566637697582, 38.78494258764206], [-77.25303637697581, 38.78798758764206], [-77.25021409001411, 38.79125513350971], [-77.24965405282981, 38.79197779317535], [-77.24963634846851, 38.79200014317362], [-77.2495893305274, 38.79205822415968], [-77.24945825788754, 38.79222327859507], [-77.24945600668424, 38.792226105635805], [-77.24817410640445, 38.79383147607965], [-77.24829653928782, 38.793972416259344], [-77.24878827420741, 38.79449494475513], [-77.24884738918571, 38.79456190679193], [-77.24897638918573, 38.79471790679193], [-77.24908637880857, 38.794872283918096], [-77.24922637880857, 38.795103283918095], [-77.24926986197214, 38.79518132572435], [-77.24932010169096, 38.79527990932355], [-77.24937528131106, 38.79538551169992], [-77.24937948379723, 38.79539362985504], [-77.24939948379723, 38.79543262985504], [-77.24945585219416, 38.79556096489946], [-77.24949535493477, 38.79569305868626], [-77.2495175918396, 38.79582757304955], [-77.24952233763942, 38.795963145301975], [-77.24950954425724, 38.796098402039334], [-77.24947934129546, 38.79623197305371], [-77.24943203472284, 38.796362505214276], [-77.24936810377494, 38.79648867617507], [-77.24928819609929, 38.79660920777098], [-77.24919312119441, 38.796722878965944], [-77.24908384220929, 38.79682853822275], [-77.24896146618619, 38.79692511516848], [-77.24882723284597, 38.797011631437826], [-77.2486825020291, 38.79708721058445], [-77.2485287399199, 38.79715108695964], [-77.24836750419354, 38.79720261346871], [-77.24820042823606, 38.79724126812638], [-77.24802920459751, 38.797266659344594], [-77.24785556784572, 38.7972785298996], [-77.24423873710168, 38.79738352498616], [-77.23988690634633, 38.79751052004727], [-77.2398795662936, 38.79751072211797], [-77.2387975662936, 38.79753872211798], [-77.23873293416653, 38.797539455546925], [-77.23841793416653, 38.79753845554693], [-77.2383710684481, 38.79753781320528], [-77.2382060684481, 38.797533813205284], [-77.23811081162236, 38.79752945753887], [-77.23778381162236, 38.79750745753887], [-77.23768964969827, 38.79749909723349], [-77.23752664969825, 38.797481097233494], [-77.23744662815528, 38.79747076760485], [-77.23730994217786, 38.79745055348142], [-77.23714026240559, 38.79742631351396], [-77.23703175008441, 38.797407995798935], [-77.23691161063218, 38.797384553954586], [-77.23673247361097, 38.79735010452744], [-77.23661184482249, 38.79732326411193], [-77.23631184482248, 38.797247264111924], [-77.23622560927076, 38.797223439375266], [-77.23593860927076, 38.79713743937527], [-77.23585055445125, 38.79710886237787], [-77.23571055445127, 38.79705986237787], [-77.23565447456636, 38.79703928749676], [-77.23537847456635, 38.796933287496756], [-77.23527872867942, 38.7968917736649], [-77.2347047286794, 38.79663377366491], [-77.23467574672871, 38.796620452984506], [-77.23334774672873, 38.79599645298451], [-77.2308989532681, 38.79484555006366], [-77.22974891585582, 38.794305635680935], [-77.22941595722827, 38.794155267268486], [-77.22928358261599, 38.79410022729812], [-77.22897436627557, 38.793983872695804], [-77.2289609165879, 38.79397957434201], [-77.22873565278763, 38.79391635514646], [-77.22871588189909, 38.79391183608622], [-77.2286962003175, 38.79390723856851], [-77.22864940741248, 38.793896072079804], [-77.2284320815883, 38.793853286058166], [-77.22819107509486, 38.79382006815438], [-77.22812526026279, 38.793813342551104], [-77.22800020295782, 38.79380432399547], [-77.22764213371612, 38.79379473285506], [-77.22748833693852, 38.793796106040574], [-77.22542696346396, 38.79387099341345], [-77.22293415574872, 38.793961986394635], [-77.21902783769829, 38.7941039979814], [-77.21888087388574, 38.79410934212004], [-77.21884187796522, 38.794111394536905], [-77.2187973583216, 38.79411329008058], [-77.21788001051162, 38.7941431387078], [-77.21148674984738, 38.794377964630925], [-77.21067183813993, 38.79440796138089], [-77.20580851021276, 38.79458605792216], [-77.20546462898098, 38.794606442634354], [-77.20527425460708, 38.79462102450128], [-77.20498498550833, 38.79464995141117], [-77.20467239867051, 38.794691408551465], [-77.20441698966984, 38.79473237037233], [-77.20404575994523, 38.79480386008727], [-77.20385254264485, 38.79484617627289], [-77.20366921661781, 38.79489048006276], [-77.20323290638022, 38.79501167735098], [-77.2030456766856, 38.79507056410977], [-77.20275939044596, 38.79516966319272], [-77.2024680045162, 38.79527904229548], [-77.2002453083611, 38.79616177303089], [-77.19949391071358, 38.79646113464345], [-77.19851260372653, 38.79685285800284], [-77.19625886866136, 38.797752752216965], [-77.19500005144148, 38.79825567919204], [-77.19464691040788, 38.79839673553191], [-77.19449126438005, 38.798451535810784], [-77.1943294362504, 38.79849413725364], [-77.19416300085614, 38.798524125282775], [-77.19399357787024, 38.798541208068414], [-77.19382281603959, 38.79854521936873], [-77.19365237714, 38.798536120147574], [-77.19348391980478, 38.79851399895441], [-77.19331908338349, 38.79847907106253], [-77.19326215322438, 38.798464626096795], [-77.19283991790553, 38.79836192020842], [-77.19158192424375, 38.79807100917413], [-77.19128505038921, 38.79800546559586], [-77.19004483885779, 38.79773263904624], [-77.18991687015897, 38.797704425711494], [-77.18985800768651, 38.79769056507971], [-77.1890760076865, 38.79749456507972], [-77.18903091584255, 38.79748272879762], [-77.18829491584256, 38.79728072879762], [-77.18826528900395, 38.79727236087903], [-77.18766628900394, 38.79709836087902], [-77.18762434698493, 38.797085691997594], [-77.18758196521416, 38.79707239483448], [-77.1875812617044, 38.79707561495054], [-77.1874239183678, 38.797741602784], [-77.18741747957105, 38.797770577369356], [-77.1874158657125, 38.79777772503115], [-77.18734773939873, 38.79807475575913], [-77.18744050026967, 38.79810869666544], [-77.18759287995304, 38.79818014591858], [-77.18773503433678, 38.79826338215068], [-77.18786546316159, 38.79835752690884], [-77.1879304631616, 38.798409526908834], [-77.18803668847217, 38.798502770017485], [-77.18813138991838, 38.79860324910073], [-77.18821375772363, 38.79871010497829], [-77.18828308757422, 38.798822423943], [-77.18833878664192, 38.798939245573706], [-77.18835478664192, 38.7989782455737], [-77.18839499031823, 38.799093702196245], [-77.1883953916327, 38.79909546022397], [-77.18849626361497, 38.79921662067356], [-77.18853443672376, 38.79927558208664], [-77.18857127372162, 38.79932489613216], [-77.18867862233367, 38.799495164836344], [-77.18869062233368, 38.799518164836336], [-77.18875437149134, 38.79966366169713], [-77.18879640794977, 38.79981386112562], [-77.18881618463357, 38.799966808380304], [-77.18881718463358, 38.79998480838031], [-77.18881621071118, 38.80011666110721], [-77.18879867892252, 38.8002478085003], [-77.18876475714129, 38.80037699477221], [-77.18871477018176, 38.80050298291404], [-77.18864919668854, 38.80062456654026], [-77.18860462866574, 38.80068877140331], [-77.18860249863847, 38.800777914611444], [-77.18858055614564, 38.80091669473791], [-77.18857577747873, 38.800932849229774], [-77.18857630049648, 38.80093862884806], [-77.18857601722152, 38.800948536575156], [-77.18859821160328, 38.800984915388796], [-77.18860437207293, 38.80099644988516], [-77.18860823980548, 38.80100042122621], [-77.18868809186306, 38.80109910707633], [-77.18875667845525, 38.80120279536333], [-77.18877267845525, 38.801229795363334], [-77.18882936693123, 38.80133745239959], [-77.18887390871267, 38.80144851293211], [-77.18890597174699, 38.8015621490207], [-77.18891337186406, 38.8015951131785], [-77.18892438816667, 38.80162324871677], [-77.18892785195109, 38.80163417295998], [-77.18893047201443, 38.801639750322536], [-77.18894692498783, 38.80165233570538], [-77.18904522273898, 38.80174196013775], [-77.18913308231924, 38.80183792321327], [-77.18914808231924, 38.801855923213274], [-77.18917564998698, 38.80189254558273], [-77.1891921480865, 38.80191061492983], [-77.18925619589409, 38.80194957720625], [-77.18926475478287, 38.8019483363924], [-77.1892964792927, 38.80194580230689], [-77.18935222697502, 38.80192501552004], [-77.18949745399034, 38.80188282496676], [-77.18964694814187, 38.80185090810889], [-77.18968094814188, 38.80184490810889], [-77.18987127698307, 38.80181990294935], [-77.190064, 38.80181153323751], [-77.190115, 38.80181153323751], [-77.1902640954888, 38.801816536213686], [-77.19041208383167, 38.801831507991345], [-77.19056708383168, 38.801852507991335], [-77.19075080331775, 38.80188550555462], [-77.19092882341133, 38.8019338479204], [-77.19109903388072, 38.801996962043305], [-77.19116503388071, 38.802024962043305], [-77.19130571824863, 38.80209158645793], [-77.19143763248347, 38.80216830771804], [-77.19155958355272, 38.80225443195647], [-77.19167046853076, 38.802349180265516], [-77.19176928457372, 38.80245169574132], [-77.19180161285237, 38.802492873774995], [-77.1918043505044, 38.802494576542784], [-77.19182635050441, 38.80250957654278], [-77.19188718244402, 38.8025549431432], [-77.1919461459213, 38.80259384435843], [-77.19205865422242, 38.802683297690564], [-77.19214678797881, 38.80276780909141], [-77.19223993686484, 38.80279798520506], [-77.19237973912897, 38.80285542656186], [-77.19251222629775, 38.80292254849479], [-77.19263629422048, 38.80299879160834], [-77.19267929422047, 38.80302779160834], [-77.19279339613847, 38.80311210533916], [-77.19289719096874, 38.80320412955056], [-77.1929093166852, 38.80321708573751], [-77.19300737230532, 38.80325395284344], [-77.19316923522025, 38.803333007037466], [-77.19331891752051, 38.80342545667101], [-77.1934545964125, 38.80353017591551], [-77.19347566928688, 38.80354834218653], [-77.19354211334091, 38.80357374132838], [-77.19359711334091, 38.803597741328375], [-77.19373802543582, 38.80366634680924], [-77.19386983491965, 38.80374514781061], [-77.19391683491966, 38.80377614781061], [-77.19405763895595, 38.8038801153485], [-77.19418260454317, 38.80399569041282], [-77.1942901616354, 38.804121420938515], [-77.19432716163539, 38.80417042093852], [-77.19439671221117, 38.804272272551806], [-77.19445481379357, 38.80437837878388], [-77.19450104070943, 38.8044879622622], [-77.19450120466904, 38.8044884155623], [-77.19455533727317, 38.80461471663514], [-77.19457433727317, 38.80467171663515], [-77.1946097711785, 38.80480565882239], [-77.19461598456607, 38.80483716957358], [-77.19467231167407, 38.804937674206975], [-77.19473011482242, 38.80508454917081], [-77.19476605849727, 38.80523558846773], [-77.19477224843473, 38.80527359180475], [-77.19483982719494, 38.80534868674155], [-77.19492497627051, 38.80546709673264], [-77.19498097627053, 38.80555509673264], [-77.19504181455913, 38.805662159048524], [-77.19509048070655, 38.80577292581096], [-77.1951087545488, 38.80583040549969], [-77.19513470355064, 38.8058636024776], [-77.19515170355064, 38.805887602477604], [-77.1952573471314, 38.8060665609882], [-77.1952813471314, 38.80611656098819], [-77.19530074998337, 38.80616361786473], [-77.19534216291464, 38.80624166822851], [-77.19535040028305, 38.806249345644396], [-77.19542048708477, 38.80632920266911], [-77.19545291876014, 38.80634905879688], [-77.19559166823407, 38.80644374357742], [-77.1957166798808, 38.80654937911927], [-77.19582653398183, 38.80666476575232], [-77.19591998295816, 38.80678859306636], [-77.19599596553876, 38.80691945479295], [-77.19600696553876, 38.80694145479294], [-77.19606778224043, 38.807087085402394], [-77.1961069708775, 38.807237144395955], [-77.19612402536961, 38.80738969391836], [-77.19612502536961, 38.807415693918365], [-77.19612241387232, 38.80754022547758], [-77.19610503558565, 38.80766403745227], [-77.19607303898187, 38.8077860720487], [-77.19606155324615, 38.80781561934075], [-77.19606673498872, 38.807828003768094], [-77.19608073498873, 38.80786900376809], [-77.19612085829192, 38.80802153961274], [-77.19613809908505, 38.80817665843597], [-77.19614109908505, 38.80825865843598], [-77.19613817856528, 38.808384099582845], [-77.1961202758653, 38.80850878563318], [-77.19611906532856, 38.80851470381277], [-77.19612732599875, 38.808571689835404], [-77.19612976575716, 38.80870356893129], [-77.19612576575716, 38.80879356893129], [-77.19611138431456, 38.808926391281965], [-77.19609635147005, 38.808989588967584], [-77.19611477115356, 38.80903664214103], [-77.19612477115356, 38.80906864214103], [-77.19615285990017, 38.809178089654], [-77.19616921127187, 38.8092889703989], [-77.19617221127187, 38.8093209703989], [-77.19617586360715, 38.80946331258187], [-77.19616019327702, 38.80960516007699], [-77.19612537521874, 38.809744929355865], [-77.19610364393917, 38.80981275728913], [-77.19608346603393, 38.80989416469987], [-77.19605385607102, 38.8099933199736], [-77.19601471003499, 38.81009045303773], [-77.19591371003499, 38.81031145303774], [-77.1958872205658, 38.810364122687986], [-77.19595233211412, 38.81036289084788], [-77.19599179960746, 38.81035844380638], [-77.19599937056168, 38.81035760401623], [-77.19622837056167, 38.81033260401623], [-77.19630738500963, 38.810325413603934], [-77.19711638500962, 38.810266413603934], [-77.1971908261005, 38.81026224144552], [-77.19758518318986, 38.810246776461625], [-77.19761296381628, 38.810244058791646], [-77.19775472165844, 38.81023477322331], [-77.19823372165845, 38.81021877322331], [-77.19826874980133, 38.810217879361694], [-77.19899491868226, 38.810205070412636], [-77.19989709148297, 38.81018036688578], [-77.19992355831006, 38.81017979974186], [-77.20108655831007, 38.81016179974186], [-77.20114239986668, 38.81016163611756], [-77.20121344553895, 38.81016231924903], [-77.2016304995774, 38.81015397816825], [-77.20164115466206, 38.810153790591926], [-77.2029444219498, 38.810133969036215], [-77.20335657141736, 38.810123351602634], [-77.20352332975528, 38.81011858707868], [-77.20418121091308, 38.81009675693469], [-77.20427252474101, 38.81009560223079], [-77.20475616245523, 38.81009941040177], [-77.20494580287526, 38.81009675189121], [-77.20494833888566, 38.81009671778508], [-77.20626833888566, 38.81007971778509], [-77.20644227235428, 38.81008428248076], [-77.20661473876427, 38.81010240684728], [-77.20701759286005, 38.810160909556046], [-77.20703432743667, 38.81016121755438], [-77.20751569835178, 38.810153797578806], [-77.2075178148728, 38.810153765961104], [-77.2080018148728, 38.81014676596111], [-77.20800652498835, 38.81014670282568], [-77.20892857500662, 38.81013531949211], [-77.20919275377096, 38.81012017548652], [-77.20930355426817, 38.81011659399624], [-77.20970955426814, 38.810113593996235], [-77.20974303302357, 38.81011359841332], [-77.21013503302358, 38.81011659841332], [-77.21013742557639, 38.81011661800981], [-77.21090598772754, 38.81012332615825], [-77.21134156032372, 38.810114038896074], [-77.21136501785946, 38.81011366244543], [-77.21182901785949, 38.81010866244544], [-77.211853, 38.81010853323751], [-77.21255764679977, 38.81010853323751], [-77.21432730104686, 38.81007298214772], [-77.21434305474033, 38.81007272146267], [-77.21634205474032, 38.81004672146267], [-77.21645991282682, 38.81004831032066], [-77.21667919353723, 38.810057081549076], [-77.21700625886191, 38.81005376108892], [-77.21734208264812, 38.810046986545686], [-77.21754005037955, 38.81004298719758], [-77.21770953064559, 38.810046021486045], [-77.21787781761404, 38.8100619342618], [-77.21804329869839, 38.810090573042885], [-77.21820438819918, 38.81013166340217], [-77.21835954249863, 38.81018481159699], [-77.21850727485226, 38.81024950834217], [-77.2186461696353, 38.81032513369012], [-77.21877489590784, 38.810410962971474], [-77.21889222016823, 38.810506173739064], [-77.21899701817306, 38.81060985364895], [-77.21908828571, 38.8107210092028], [-77.22125599735863, 38.81366993192699], [-77.22152428176169, 38.81401006198377], [-77.2219079895989, 38.81446722522558], [-77.22198572476219, 38.81456941047425], [-77.22226772476219, 38.814980410474256], [-77.22233159227294, 38.81508387403849], [-77.22238391146796, 38.81519119136], [-77.22296391146796, 38.81655319135999], [-77.22298257696136, 38.81659983914201], [-77.22348057696134, 38.81792883914201], [-77.22352818830812, 38.81809378675221], [-77.22356118830812, 38.8182547867522], [-77.22356333946865, 38.81826556196672], [-77.22377533946867, 38.81935656196672], [-77.22378904962905, 38.819448280688704], [-77.22383104962904, 38.8198482806887], [-77.22383488768796, 38.81989468900518], [-77.22385841360187, 38.820283846831344], [-77.22386182210434, 38.82032900948892], [-77.22386460269827, 38.820387644511904], [-77.22387460269829, 38.8209026445119], [-77.22387438977438, 38.820952338336], [-77.22386338977438, 38.82134533833601], [-77.223860559303, 38.821398398832486], [-77.223830559303, 38.821779398832476], [-77.22382686304533, 38.82181748778474], [-77.22380586304533, 38.82199948778475], [-77.22380156253985, 38.822032256392106], [-77.22374256253985, 38.8224332563921], [-77.2237338710079, 38.82248383425641], [-77.22365087100789, 38.82290583425642], [-77.2236413730261, 38.8229493468968], [-77.22355737302611, 38.823299346896796], [-77.2235450042419, 38.8233462493945], [-77.22343600424189, 38.823725249394506], [-77.2234197134501, 38.82377705930316], [-77.22329471345009, 38.824143059303154], [-77.22327639799852, 38.82419281643], [-77.22313539799853, 38.82454981643], [-77.22311743818281, 38.82459271753511], [-77.2229864381828, 38.82488871753511], [-77.22296738024461, 38.82492962223346], [-77.22278038024463, 38.825311622233464], [-77.22276723709228, 38.8253376552773], [-77.22251134359676, 38.82582945058896], [-77.22088341207126, 38.828961081991224], [-77.22068854825702, 38.82937175292683], [-77.22051015387616, 38.82978983616808], [-77.22035684597975, 38.830185499062466], [-77.22024917294017, 38.830493264500554], [-77.22011497505783, 38.83092251389134], [-77.2199964022763, 38.8313594089864], [-77.21989301986738, 38.83181502349647], [-77.21982712010566, 38.832168057934325], [-77.21981122416231, 38.832254690825536], [-77.21974802334556, 38.83269709654275], [-77.21970415797904, 38.833116559110145], [-77.21969125115457, 38.83331016147713], [-77.21985891471164, 38.83335506208916], [-77.22050414205343, 38.83350305829064], [-77.22096569294344, 38.83359379797412], [-77.22118260350206, 38.83362912542667], [-77.2213527607568, 38.833647948131826], [-77.2214358421922, 38.83365874847003], [-77.22161056174352, 38.83368487475808], [-77.22331176340279, 38.83387638145915], [-77.2241675383652, 38.83396542162865], [-77.22439426296184, 38.83400113941148], [-77.22441088259299, 38.8340046710831], [-77.22452197111086, 38.83402136314019], [-77.22475728798196, 38.834052849200404], [-77.22526089633644, 38.83410556334592], [-77.22530596130068, 38.834110750827385], [-77.22636045720729, 38.83424318515749], [-77.22704697732881, 38.83432651996993], [-77.22711933348444, 38.83433523757904], [-77.22769053806853, 38.83439892248121], [-77.22794157612418, 38.8344264213495], [-77.22879391568128, 38.834496347211164], [-77.22897854338125, 38.83450818232014], [-77.22995817571245, 38.834544678426596], [-77.23110452051782, 38.83457638372804], [-77.2311300998337, 38.83457723854221], [-77.2317170998337, 38.834600238542215], [-77.23174497564602, 38.8346015061595], [-77.23211197564605, 38.834620506159496], [-77.23213536163897, 38.834621840670614], [-77.23302633068339, 38.834677404385644], [-77.23326825867828, 38.83468744667977], [-77.23336281901507, 38.83469339651553], [-77.23389581901509, 38.83473839651553], [-77.23392898688769, 38.83474144886431], [-77.23420911042034, 38.834769361529474], [-77.23438023383555, 38.834786274890284], [-77.23445035290284, 38.8347943429845], [-77.23582035290285, 38.834974342984495], [-77.23597380803649, 38.835000119903924], [-77.23611029549839, 38.83503335583853], [-77.23637113840464, 38.83507801100997], [-77.23658257847934, 38.835125343136006], [-77.23670801530017, 38.8351602749089], [-77.23679314836465, 38.835181039070974], [-77.23750255959682, 38.83529220279276], [-77.23784391660543, 38.83533363398642], [-77.23786332070739, 38.83533607694823], [-77.23838668840122, 38.8354043422996], [-77.23912375974058, 38.83549659760557], [-77.2394074225192, 38.83552780051123], [-77.23945956601514, 38.835534168356794], [-77.24001056601514, 38.83560816835679], [-77.24002152595368, 38.835609668521066], [-77.24144458468567, 38.83580812228981], [-77.2427462515411, 38.83593259599207], [-77.24287436113968, 38.83594865769072], [-77.24472373245553, 38.83623620637241], [-77.24496414733953, 38.836267070445366], [-77.24592324215831, 38.83636628715075], [-77.24599442722605, 38.83637482677395], [-77.2475900890717, 38.83659277083092], [-77.24796540643352, 38.836628515341566], [-77.24848799772148, 38.836678667474544], [-77.24858554461395, 38.8366902327522], [-77.24902468885206, 38.8367523058829], [-77.24912760329308, 38.836763492235185], [-77.24992419932146, 38.83685066630567], [-77.25001913676711, 38.83686315882644], [-77.25076613676711, 38.83697815882643], [-77.25168528851034, 38.837120086444315], [-77.25199422799308, 38.837157915768735], [-77.2520885355391, 38.83717155606442], [-77.25251953553912, 38.837243556064415], [-77.25252290618441, 38.83724412187393], [-77.25342328740061, 38.837395993404385], [-77.25400409246184, 38.837486927530136], [-77.25511141075694, 38.837659728770795], [-77.25535256862167, 38.83769572248195], [-77.25608622217081, 38.83779158148384], [-77.25649236626239, 38.83783722611799], [-77.256618142618, 38.83785017368401], [-77.25662377659098, 38.83785076097358], [-77.257002776591, 38.83789076097358], [-77.25702866279609, 38.83789364805881], [-77.2579905212252, 38.83800669704167], [-77.25826390422117, 38.83802393741079], [-77.25837803983742, 38.83803410967827], [-77.2591119265572, 38.838118788915175], [-77.2591537487912, 38.83812283622814], [-77.25919079493373, 38.83812673770942], [-77.25947179493373, 38.83815873770942], [-77.25949261786486, 38.838161209737386], [-77.26011842474519, 38.83823853644961], [-77.26023455426123, 38.83824536759761], [-77.26035708733154, 38.83825599998429], [-77.26083036694207, 38.83831039993953], [-77.26093831626575, 38.83831796326794], [-77.26107315454199, 38.83833158045693], [-77.26119415454197, 38.838347580456926], [-77.26125668842627, 38.838356772259125], [-77.26155361822947, 38.83840483026196], [-77.2618940398374, 38.83844410967826], [-77.2619253151642, 38.83844794602717], [-77.26218827487631, 38.83848212129662], [-77.262987197935, 38.83857547638957], [-77.26303221905783, 38.83858120993033], [-77.26409399741547, 38.8387276277714], [-77.26531694197902, 38.838891414989725], [-77.26617950722662, 38.839003029562065], [-77.26666287296032, 38.839059438440444], [-77.26667990624325, 38.839061493718205], [-77.26837290624326, 38.839272493718205], [-77.26841858850516, 38.83927867627703], [-77.26877620823218, 38.83933092298778], [-77.26929552812027, 38.83938759295768], [-77.2693732876722, 38.83939748663126], [-77.27003459192241, 38.839493693323035], [-77.27074448775655, 38.83956590201422], [-77.2709161158442, 38.83959025492677], [-77.27108372406454, 38.8396279197056], [-77.27124561149391, 38.839678514120564], [-77.27140013526446, 38.839741524728844], [-77.2715457272363, 38.839816312085475], [-77.27168090991135, 38.83990211723255], [-77.27180431142722, 38.8399980694013], [-77.27191467947925, 38.84010319484884], [-77.27201089402914, 38.84021642673989], [-77.27209197867127, 38.84033661597331], [-77.27215711054157, 38.84046254284333], [-77.27220562866806, 38.84059292941747], [-77.2722370406785, 38.84072645250522], [-77.27225102779721, 38.84086175708605], [-77.27224744807994, 38.84099747006047], [-77.2722263378544, 38.84113221418454], [-77.2721873429002, 38.8413071915432], [-77.2717473226927, 38.8432820441411], [-77.2721002159545, 38.844338366065024], [-77.27232618749564, 38.844991503107174], [-77.27341610689896, 38.84813727048593], [-77.27345123726425, 38.84826185872098], [-77.27347106984196, 38.84838847330662], [-77.27347542692127, 38.848515979706335], [-77.2734642694603, 38.84864323539245], [-77.27343769743612, 38.84876910008383], [-77.27266569743611, 38.85158510008382], [-77.27262357647389, 38.85170936584284], [-77.27256643208452, 38.85182994422541], [-77.27249478407715, 38.851945738400346], [-77.2724092841919, 38.85205569505565], [-77.2723107101713, 38.85215881397979], [-77.27219995868569, 38.85225415716013], [-77.27207803717667, 38.8523408573154], [-77.27194605469306, 38.85241812578488], [-77.27180521180249, 38.85248525970242], [-77.27165678967047, 38.85254164838996], [-77.27150213840656, 38.85258677891251], [-77.27134266478299, 38.852620240744066], [-77.27117981943826, 38.85264172950186], [-77.27092298719707, 38.8526658845495], [-77.2708225806886, 38.852701261422105], [-77.27085129389243, 38.85286708573882], [-77.27085281455254, 38.8528760974285], [-77.2708998044175, 38.8531620357558], [-77.27096179427134, 38.85353897406062], [-77.27097464935464, 38.85366088187209], [-77.2709732434441, 38.853783194429504], [-77.27095758812483, 38.85390490384607], [-77.27092781240061, 38.85402500720505], [-77.27088416163107, 38.854142514824], [-77.27082699550971, 38.85425645841005], [-77.27080231797083, 38.85429973618347], [-77.27084211351207, 38.85434821171339], [-77.27100375413026, 38.854544774687355], [-77.27101034846841, 38.854552856826274], [-77.27105805476948, 38.85461178813935], [-77.27126772383346, 38.85486673784628], [-77.27135133108854, 38.85498017335601], [-77.27142041309568, 38.855099380297716], [-77.27147431925967, 38.85522323601335], [-77.27151254190711, 38.85535057406401], [-77.27153472106771, 38.85548019521514], [-77.27154064786423, 38.85561087873055], [-77.27153026647977, 38.85574139386902], [-77.27150367468332, 38.85587051147505], [-77.27143781691863, 38.85611398563543], [-77.27111195861829, 38.857323459694946], [-77.2710809205466, 38.85743860096637], [-77.27107941286711, 38.857444136100824], [-77.27087770523478, 38.858177073735106], [-77.27079799540199, 38.85846901099769], [-77.27079737024438, 38.858471290933], [-77.27077861017551, 38.85853941960422], [-77.27069184862499, 38.85885654803022], [-77.2706914679788, 38.858857935769066], [-77.27064753406424, 38.85901769545839], [-77.27061960002985, 38.85911945515507], [-77.27045052275653, 38.85973473650368], [-77.27044910939655, 38.85973983157866], [-77.27044623643602, 38.85975009215203], [-77.27044393834154, 38.859759284529886], [-77.27043807848837, 38.85978170652088], [-77.27043507848838, 38.85979270652088], [-77.27043310939649, 38.85979983157892], [-77.27041910939649, 38.85984983157893], [-77.27041819192816, 38.85985308886822], [-77.27040191552838, 38.85991053498503], [-77.27036938819404, 38.86002749497448], [-77.27040014646295, 38.86035328153705], [-77.27044822907473, 38.86086716048136], [-77.270448360673, 38.86086857724914], [-77.2705452583148, 38.86191946713746], [-77.27059199074982, 38.86241483094883], [-77.27101691873494, 38.86338917022746], [-77.27149149836912, 38.86440443518292], [-77.27149313278989, 38.86440794683128], [-77.27153113278987, 38.86448994683127], [-77.27155240090336, 38.86453874586135], [-77.27156623002159, 38.86457259080858], [-77.27157917173477, 38.86459641532604], [-77.2716054353388, 38.86464766576356], [-77.27167740502902, 38.86479691834259], [-77.27243785273755, 38.86484865506574], [-77.27243990096815, 38.86484879536956], [-77.27252143642832, 38.86485441850475], [-77.27351502617442, 38.8649180082485], [-77.27428762467798, 38.86496679346328], [-77.27448216546811, 38.86497864366369], [-77.27448945405719, 38.8649790996864], [-77.27459845405718, 38.864986099686405], [-77.27503377931416, 38.865014120598474], [-77.27507851443049, 38.865017455338474], [-77.27512346480094, 38.8650212646919], [-77.27540068494383, 38.865041201756966], [-77.27632402143563, 38.865107011917296], [-77.27742687244245, 38.86518365409015], [-77.2783246791561, 38.86524344144067], [-77.278347381377, 38.86524507043264], [-77.278360381377, 38.865246070432654], [-77.27837442492905, 38.86524719569839], [-77.27837918840686, 38.86524759265487], [-77.278508287516, 38.86525608601732], [-77.27856866312034, 38.86525985949258], [-77.27858466312064, 38.86526085949261], [-77.27858696666353, 38.865261004667744], [-77.27888596666351, 38.865280004667746], [-77.27889142876141, 38.865280358528615], [-77.27961842876141, 38.86532835852861], [-77.27962038761999, 38.86532848873317], [-77.28042738762, 38.86538248873318], [-77.28042996396854, 38.8653826626361], [-77.28066413888588, 38.86539860646025], [-77.28136131373824, 38.86544555089874], [-77.28278638669963, 38.865542555270885], [-77.2829048420489, 38.86555045229417], [-77.28290742283662, 38.86555062585961], [-77.28410142283661, 38.865631625859606], [-77.28521997927018, 38.865707595726775], [-77.28579836275264, 38.86574655419968], [-77.28709138079458, 38.8658346229145], [-77.28778673959754, 38.865881579615284], [-77.28779235401794, 38.86588196591332], [-77.28815744079847, 38.86590755150979], [-77.28832152406842, 38.86591816866257], [-77.28832931192913, 38.86591868635455], [-77.29128814040655, 38.86612060640604], [-77.29180796874556, 38.86615552769561], [-77.29197829222615, 38.86617363301271], [-77.2921454696029, 38.86620478780522], [-77.29230785361558, 38.866248685093524], [-77.29246384423476, 38.86630489234147], [-77.29261190442742, 38.86637285571835], [-77.292750575302, 38.86645190555601], [-77.29287849048332, 38.86654126294729], [-77.29299438957601, 38.86664004742092], [-77.29309713058366, 38.86674728561713], [-77.29318570116129, 38.866861920878485], [-77.2932592285904, 38.866982823661566], [-77.29331698837818, 38.86710880266674], [-77.29335841139617, 38.86723861657651], [-77.2933830894881, 38.86737098628662], [-77.29339077949169, 38.86750460750961], [-77.29338140563448, 38.867638163626374], [-77.29335506028053, 38.867770338659334], [-77.29328106028055, 38.86804933865933], [-77.29323800824952, 38.86821153475679], [-77.29323607848809, 38.86821870652197], [-77.29321885246, 38.86828186862487], [-77.2931566107196, 38.868515028160346], [-77.2931559092523, 38.86851764286121], [-77.29310161497139, 38.86871902528493], [-77.29306530733031, 38.868856405548556], [-77.29306203669394, 38.86886849954124], [-77.2929588180741, 38.86924167455138], [-77.29294658387488, 38.86928684697928], [-77.29294462027379, 38.86929400089962], [-77.2927646961223, 38.86994091000791], [-77.29281803738232, 38.86996538888994], [-77.29295185933861, 38.87004105969376], [-77.29303862399713, 38.870100750529176], [-77.29343808978807, 38.86998943554687], [-77.293463181647, 38.86998261204313], [-77.294315181647, 38.869756612043126], [-77.2943472966257, 38.869748364731095], [-77.29513229662572, 38.8695533647311], [-77.2951586757039, 38.86954699187833], [-77.29611267570391, 38.86932299187833], [-77.29615102011033, 38.86931436244497], [-77.29694502011033, 38.869143362444966], [-77.2969914736109, 38.869133895472565], [-77.29709098575329, 38.86911475852211], [-77.29714750388204, 38.86910364020169], [-77.29719937870932, 38.8690940937342], [-77.29723034467541, 38.86908878528287], [-77.29737913134518, 38.8690626993083], [-77.2974099799358, 38.869057255439365], [-77.29833301277178, 38.8688926063389], [-77.30004037827278, 38.86858807623465], [-77.30010418132406, 38.86857653092062], [-77.30034930305985, 38.868522887258074], [-77.30059028343078, 38.86845885051615], [-77.30099733744184, 38.86835083604919], [-77.30110567846341, 38.86832201137373], [-77.3011180063074, 38.86831877168557], [-77.30124427636466, 38.8682859993043], [-77.30164440937368, 38.86818015189878], [-77.30220737933243, 38.86607200907453], [-77.30252924544098, 38.8648655109595], [-77.30269514704624, 38.86424188082892], [-77.30269609754866, 38.864238331914535], [-77.30279859232023, 38.86385820567437], [-77.30281909393624, 38.863781080547454], [-77.30282614249855, 38.86375579130548], [-77.3028292540548, 38.863745123112636], [-77.30287171405152, 38.8635845135598], [-77.30289705140704, 38.86350194426887], [-77.30290341705927, 38.8634837566911], [-77.3029332832656, 38.86339747653944], [-77.30294335654311, 38.863366822803776], [-77.30297335654312, 38.86327982280378], [-77.30301081046807, 38.86318523407886], [-77.30302173053984, 38.86316087391875], [-77.30311469415983, 38.86294852543938], [-77.30317552351242, 38.862828684240405], [-77.30325078606644, 38.862713911568626], [-77.3033397936396, 38.86260525687718], [-77.30344173236847, 38.86250371367789], [-77.30355567015035, 38.86241021045684], [-77.30368056516616, 38.86232560218451], [-77.3038152754065, 38.862250662498184], [-77.30395856911406, 38.86218607662795], [-77.30410913604632, 38.86213243513114], [-77.30426559945624, 38.862090228492434], [-77.30442652868082, 38.86205984263898], [-77.30459045222274, 38.86204155541155], [-77.30542000726062, 38.86198032634924], [-77.30544557507001, 38.861978195698455], [-77.30546711218948, 38.86197650679889], [-77.30618811218949, 38.86192350679889], [-77.30690911218949, 38.86187050679889], [-77.30692013821823, 38.861869723946974], [-77.30705803879866, 38.86186027870174], [-77.30719378244744, 38.86184998090769], [-77.30728361862447, 38.861843070432535], [-77.30730934923874, 38.861841241854364], [-77.30740134923872, 38.861835241854365], [-77.30740142003977, 38.86183589908336], [-77.30754458977452, 38.86182775488881], [-77.30773431686137, 38.86183317554831], [-77.30776231686137, 38.861835175548315], [-77.30797150337065, 38.86186022268999], [-77.30817520082114, 38.86190493731954], [-77.30827820082114, 38.86193293731954], [-77.3082870723411, 38.86193537004936], [-77.30833407234111, 38.86194837004936], [-77.30834039755052, 38.861950130334215], [-77.30848833549881, 38.86199155295973], [-77.30859427157738, 38.86202097964823], [-77.30875002503456, 38.86207101751989], [-77.30889879108432, 38.862132596364894], [-77.30903916125271, 38.86220513317257], [-77.30916980655563, 38.86228794118541], [-77.30928949008117, 38.8623802364011], [-77.30939707870031, 38.86248114499526], [-77.30949155379517, 38.86258971159451], [-77.30957202090288, 38.862704908321724], [-77.30963771818415, 38.86282564452763], [-77.30968802363614, 38.86295077711676], [-77.30972246098139, 38.86307912136997], [-77.30977701181654, 38.86334699039626], [-77.30978760077261, 38.86337939901941], [-77.30979464345697, 38.863399822804084], [-77.30980186919733, 38.86342149528896], [-77.30981913182498, 38.86347510029057], [-77.30981952801501, 38.86347628886068], [-77.30982786770032, 38.863495748126404], [-77.30983386770018, 38.863509748126056], [-77.30983762506847, 38.863518707153204], [-77.30985978104422, 38.86356216695176], [-77.3098639655388, 38.863570454793], [-77.3098789655388, 38.863600454793], [-77.30989196553878, 38.86362645479298], [-77.30990254756925, 38.863647618853925], [-77.30990591121454, 38.86365352796051], [-77.30993001020306, 38.8636907242254], [-77.31000044027454, 38.86379777793409], [-77.31000828998836, 38.86380955250478], [-77.31002841259016, 38.86384071661845], [-77.3100296162222, 38.863842642429724], [-77.31005621477858, 38.86388032371794], [-77.3101097994116, 38.86395592943301], [-77.3101168202918, 38.86396442839324], [-77.31012663678935, 38.863976450749995], [-77.31019210966225, 38.86405758017947], [-77.31020128322402, 38.86406722243027], [-77.31029119817181, 38.86416355987432], [-77.31032399168062, 38.864193658026245], [-77.31034645635029, 38.86421470581177], [-77.31035881511113, 38.86422652723519], [-77.31039034023118, 38.86425551000685], [-77.31044803158662, 38.864301783281526], [-77.31045208887375, 38.86430504855702], [-77.31066371607646, 38.8644759400071], [-77.31082666500349, 38.86460692287666], [-77.31091569055278, 38.86466794845482], [-77.31105089663416, 38.864756922779335], [-77.31107539936121, 38.86477273099034], [-77.31108546785835, 38.8647792770339], [-77.31128664194017, 38.86491108074268], [-77.3113262635457, 38.864936894819], [-77.31144990058722, 38.86501157491119], [-77.31160382883378, 38.86510453157958], [-77.31160907178598, 38.86510771034108], [-77.31167807178599, 38.86514971034108], [-77.31169553431, 38.86516048133498], [-77.31170082040957, 38.86516378514722], [-77.3117388923393, 38.865186816314576], [-77.31175844628838, 38.86519753944794], [-77.31176412952964, 38.86520057050995], [-77.31177668561222, 38.86520733058332], [-77.31184105487606, 38.86524231387888], [-77.3119862814884, 38.865310086297974], [-77.31200439836826, 38.86531714482259], [-77.3120131931853, 38.86532059574926], [-77.3121203629254, 38.86536294508205], [-77.31216803671984, 38.865378236676484], [-77.31217168984068, 38.86537941222954], [-77.31227039310461, 38.86541127706277], [-77.31233525025525, 38.86542846143602], [-77.31235732243634, 38.865434450746655], [-77.31236563054883, 38.865436587118445], [-77.31262334978531, 38.86548502371254], [-77.3127160668654, 38.865501881363464], [-77.3127288074613, 38.86550423739768], [-77.31317672702934, 38.86558846158996], [-77.31383697885501, 38.865626862728035], [-77.31395920169417, 38.865574523154635], [-77.31411279539515, 38.86552307360035], [-77.3142720505795, 38.86548339005589], [-77.31443548237613, 38.86545584252462], [-77.31460156697182, 38.86544068785551], [-77.31476875581906, 38.8654380673484], [-77.31493549007445, 38.8654480054365], [-77.31510021513314, 38.86547040945858], [-77.31535721513315, 38.86551540945858], [-77.3155237741793, 38.86555145556195], [-77.31568488429411, 38.86560024312445], [-77.31583893991903, 38.86566128594888], [-77.31586137451093, 38.865672496585184], [-77.31595600978821, 38.86567133508725], [-77.31596068188155, 38.865671065799766], [-77.31620476524675, 38.86565728690012], [-77.31630316608282, 38.86565138284995], [-77.3163427578416, 38.865647287150765], [-77.31635098654917, 38.865646451511324], [-77.31660720615278, 38.865620917598946], [-77.31685398466942, 38.86558629759122], [-77.3168792624058, 38.86558268648602], [-77.3168968006792, 38.86558018101839], [-77.31797603945375, 38.86538842341471], [-77.31818731601308, 38.86535079882195], [-77.31823402344838, 38.865342149296886], [-77.31824948815337, 38.86533934369066], [-77.32056848815337, 38.86492734369065], [-77.3205853973378, 38.86492440871961], [-77.32063522944819, 38.864915962599206], [-77.32125408373652, 38.86480559368153], [-77.32125668349376, 38.86480513166949], [-77.32144833687616, 38.8647711930497], [-77.32200530672655, 38.864672375818174], [-77.32221877094887, 38.8646343616416], [-77.322306925034, 38.864618247454], [-77.32232158972661, 38.86461561906999], [-77.32246750145168, 38.8645899859291], [-77.3244267051186, 38.864241838230654], [-77.32448499789115, 38.86423132641921], [-77.32449014517542, 38.8642304046536], [-77.32492304659448, 38.86415342218416], [-77.32840194806435, 38.8635344397151], [-77.32857137364626, 38.863511116605785], [-77.3287429374835, 38.86350098948119], [-77.32891494611964, 38.86350415830319], [-77.3290857017078, 38.863520591793296], [-77.32925351876952, 38.86355012774131], [-77.3294167408317, 38.86359247460655], [-77.32957375677717, 38.8636472143955], [-77.32972301674744, 38.86371380678771], [-77.32983950348113, 38.863778515693326], [-77.32999037655158, 38.86375045493972], [-77.3300583341294, 38.86373893289795], [-77.33108933412942, 38.86358093289795], [-77.33126128032423, 38.86356149444591], [-77.33143486447534, 38.8635555597539], [-77.33160833926328, 38.86356318856124], [-77.33177995846953, 38.86358430407544], [-77.331947994554, 38.86361869374513], [-77.3321107560448, 38.863666011399665], [-77.33226660456474, 38.863725780733695], [-77.33241397132339, 38.86379740010176], [-77.33255137290887, 38.86388014857448], [-77.33267742621987, 38.86397319319555], [-77.33279086238828, 38.86407559736635], [-77.33289053955164, 38.86418633027392], [-77.33297545434738, 38.864304277267145], [-77.33304475201268, 38.8644282510771], [-77.33309773498874, 38.86455700376815], [-77.33320973498873, 38.864885003768144], [-77.33322206680471, 38.864923379627285], [-77.33324406680472, 38.864996379627286], [-77.33328375250416, 38.865191486744635], [-77.33328568023556, 38.86520938710765], [-77.33331192114827, 38.86523351181771], [-77.33341827136347, 38.86534197578228], [-77.33350998092021, 38.86545825096297], [-77.33354998092021, 38.86551525096297], [-77.33361929968063, 38.86562573404748], [-77.33362835153146, 38.865644283766564], [-77.33373831039931, 38.865770036622244], [-77.33383461204086, 38.865915385398466], [-77.33385161204086, 38.86594538539847], [-77.33392487395929, 38.86609950770183], [-77.3339402647298, 38.866150144117626], [-77.33396663858149, 38.86620079420186], [-77.33403772451375, 38.866317360725574], [-77.33407319438376, 38.866398487818905], [-77.33415402959012, 38.86650516206337], [-77.33423096553882, 38.86663745479305], [-77.33426496553881, 38.866705454793056], [-77.33427332564516, 38.866724940333164], [-77.33428219982375, 38.86672947182862], [-77.33430805992654, 38.8667438062973], [-77.33440713553428, 38.86676203135014], [-77.33457259466473, 38.86680660369214], [-77.33473142359469, 38.86686394787531], [-77.33488199870972, 38.86693347770388], [-77.33494199870972, 38.866964477703874], [-77.3350452009728, 38.86702517877305], [-77.33507503681457, 38.867028302381996], [-77.33523107342545, 38.86705624825828], [-77.3353831259076, 38.86709528768704], [-77.33542012590758, 38.86710628768704], [-77.33559259808808, 38.867166139748235], [-77.33575566895284, 38.86724024793268], [-77.33580467617541, 38.86726850398052], [-77.33583339335429, 38.86728048532006], [-77.33600934387395, 38.86736477817557], [-77.33617113907887, 38.86746477631429], [-77.33621413907888, 38.867494776314295], [-77.33632606439082, 38.867580519713535], [-77.3364010407988, 38.867616896032956], [-77.3365387942744, 38.86769976264636], [-77.33657479427441, 38.86772376264636], [-77.33670517019831, 38.86782025829406], [-77.33682197375116, 38.867926759016925], [-77.33692394392533, 38.86804211503639], [-77.33700997985397, 38.86816508097238], [-77.33702597985398, 38.86819108097238], [-77.33709086296464, 38.86831107813109], [-77.33714056049025, 38.868435386995216], [-77.33717460854048, 38.8685628472317], [-77.33719268930149, 38.86869226909176], [-77.33719463400249, 38.868822444516255], [-77.33718042449111, 38.86895215841208], [-77.33717542449111, 38.86898115841208], [-77.33714568702013, 38.86910755507369], [-77.33710061099707, 38.86923117305001], [-77.33706474410168, 38.869302730990185], [-77.337079283425, 38.86932169532492], [-77.33715318777213, 38.86942879558534], [-77.33721438617467, 38.86954064233629], [-77.33726238056086, 38.86965632529737], [-77.33729678032174, 38.86977490296666], [-77.33731378032171, 38.869848902966666], [-77.33733475992298, 38.86997355565508], [-77.33734071737713, 38.87009918713287], [-77.33733871737714, 38.87025818713286], [-77.3373328665634, 38.87035644906602], [-77.3373248665634, 38.870431449066025], [-77.33729288817746, 38.8706004034202], [-77.33725788817746, 38.8707284034202], [-77.3372184784666, 38.870846137156605], [-77.33718045804648, 38.87092842670546], [-77.33721128593679, 38.87097961091019], [-77.33726918830901, 38.871108152842915], [-77.33727462763991, 38.87112575320062], [-77.33754504144034, 38.871370413305776], [-77.33759165311214, 38.871414437281636], [-77.33765624031355, 38.87147813972686], [-77.33789266127313, 38.871703945867836], [-77.33797597660545, 38.871790378430305], [-77.33803797660545, 38.87186037843031], [-77.3381111678685, 38.871950438220765], [-77.33816616786851, 38.872024438220755], [-77.33823743614454, 38.87213102674781], [-77.33828343614454, 38.87220802674781], [-77.33834999026121, 38.87233627167013], [-77.33841699026121, 38.87248727167012], [-77.33847641059336, 38.87265598547007], [-77.33851441059336, 38.87279998547008], [-77.33853628109848, 38.87290296078262], [-77.33855728109847, 38.873032960782616], [-77.33856760179356, 38.8731191425833], [-77.33859524094225, 38.87347249013139], [-77.3386933208848, 38.873505103213155], [-77.33877476395844, 38.873536169127846], [-77.33889705755965, 38.87358047840364], [-77.33895459746911, 38.8736023423086], [-77.33934659746913, 38.8737583423086], [-77.33950089626522, 38.87382776279083], [-77.33959989626521, 38.87387776279083], [-77.33971331682471, 38.87394021669991], [-77.33981993728479, 38.87400954452448], [-77.33989793728479, 38.87406454452448], [-77.34007102371258, 38.87420564531251], [-77.34012402371258, 38.874255645312516], [-77.34024569495672, 38.87438548828695], [-77.34040396137944, 38.87457746826717], [-77.34054010061452, 38.874734551999964], [-77.3408680427261, 38.87507855313248], [-77.34105069952419, 38.87524400906616], [-77.34108422469514, 38.875275323064926], [-77.34130222469514, 38.87548532306492], [-77.34130777526984, 38.875490698024336], [-77.34136489006711, 38.87554629649956], [-77.34137989562399, 38.87555815572999], [-77.34152626665445, 38.875657478929234], [-77.34158729647785, 38.87570093188591], [-77.3416579570798, 38.87575370924909], [-77.34178570758228, 38.875824522261695], [-77.34187472194495, 38.875868699760204], [-77.34195707137636, 38.8759085170677], [-77.34210902593657, 38.87599107423968], [-77.34229002593656, 38.876101074239685], [-77.34238799151801, 38.876165288508204], [-77.34247955228676, 38.876229957302904], [-77.34255460822475, 38.876274990865696], [-77.3430188760611, 38.87653717257532], [-77.34308767362478, 38.876507789227055], [-77.34315712396888, 38.87647969716414], [-77.3436393857699, 38.87629527582532], [-77.34415243970736, 38.87607239173774], [-77.34426071377055, 38.876016594061014], [-77.3442668001765, 38.87601347182849], [-77.34450180017647, 38.8758934718285], [-77.34461080811067, 38.87584216926766], [-77.34502480811068, 38.87566316926765], [-77.34510625760535, 38.87563012172685], [-77.34536425760534, 38.87553212172685], [-77.34545676501635, 38.87549956031074], [-77.34580896143682, 38.87538514621936], [-77.34591115956782, 38.87535173529191], [-77.34592401764573, 38.875347578928164], [-77.34602101764573, 38.87531657892817], [-77.346202855086, 38.87526746357045], [-77.34660285508599, 38.87517846357046], [-77.34671883928968, 38.87515599502425], [-77.34712383928967, 38.87508899502425], [-77.34722111145356, 38.87507514887006], [-77.34730618173595, 38.87506498323883], [-77.3473590887986, 38.875054965333476], [-77.3479534473971, 38.87491680709451], [-77.34816962611717, 38.874865710306125], [-77.34825628122158, 38.87484712512737], [-77.34845328122158, 38.87480912512737], [-77.34849383513426, 38.8748017042343], [-77.34911183513427, 38.8746947042343], [-77.34911415639654, 38.87469430363395], [-77.34952202915169, 38.87462414203616], [-77.34980473754952, 38.8745677764989], [-77.34996206981177, 38.87453478747617], [-77.35045686755223, 38.87442193886869], [-77.35049071800536, 38.87441450817854], [-77.35070871800538, 38.874368508178534], [-77.35080220978843, 38.87435093376481], [-77.35103820978843, 38.874311933764815], [-77.35104824144545, 38.87431030011437], [-77.35128903170805, 38.874271665855815], [-77.35227110210585, 38.87408835871193], [-77.35289037596374, 38.8739575803817], [-77.35289690711109, 38.87395621178238], [-77.35299790711106, 38.873935211782374], [-77.35312184779542, 38.873913199924594], [-77.35332484779545, 38.87388319992459], [-77.35351861006332, 38.87386329941508], [-77.3537416100633, 38.873850299415075], [-77.35389990189704, 38.8738467208991], [-77.35397690189703, 38.87384772089909], [-77.35412512669332, 38.8738545996785], [-77.35420012669331, 38.8738605996785], [-77.35437941769447, 38.873882379170794], [-77.35448941769448, 38.8739003791708], [-77.35472622006925, 38.87395305321045], [-77.35486722006927, 38.87399305321045], [-77.35507335378048, 38.87406365984391], [-77.35536235378046, 38.87418065984391], [-77.35549783068882, 38.87424171394205], [-77.3559642107501, 38.87447441097051], [-77.35624997970636, 38.87461416005257], [-77.35653111540725, 38.874740825588134], [-77.35664786479686, 38.87478477058309], [-77.35670098252618, 38.87480454846103], [-77.35707596997216, 38.87492730219895], [-77.3577828142104, 38.875132669106016], [-77.35783420930503, 38.87514833204077], [-77.35811620930502, 38.87523833204077], [-77.35814980409575, 38.87524937674051], [-77.35821480409575, 38.87527137674051], [-77.3582176745963, 38.875272350696946], [-77.35835998943807, 38.87532075710572], [-77.35860329226881, 38.87540218506923], [-77.35862650214342, 38.87541010999399], [-77.35899806129228, 38.875539508702545], [-77.35909782044334, 38.87557072168846], [-77.35944247225785, 38.87566622761297], [-77.35960234224157, 38.875704176548496], [-77.35960843302276, 38.87570563187457], [-77.35998262310969, 38.87579562695877], [-77.36081465799977, 38.875978030856125], [-77.36090793432854, 38.87600070833144], [-77.36107993432854, 38.87604670833145], [-77.36120882356204, 38.876085722093514], [-77.36144182356203, 38.87616472209351], [-77.36146170474801, 38.876171578811636], [-77.36186370474802, 38.876312578811635], [-77.36192221915067, 38.87633413536042], [-77.36205421915066, 38.87638513536042], [-77.36209716036548, 38.87640231099093], [-77.36218416036549, 38.876438310990935], [-77.36219015932487, 38.87644080508979], [-77.36234815932488, 38.87650680508978], [-77.36235567800077, 38.87650996441981], [-77.3624457376093, 38.87654803085229], [-77.36252803671135, 38.87658206431554], [-77.3627343458935, 38.87665594530645], [-77.36275000860385, 38.87666081179917], [-77.36285487540795, 38.876694925096885], [-77.36289296796072, 38.87670473110057], [-77.36290221616999, 38.87670713432288], [-77.36302421616998, 38.87673913432288], [-77.36317171889898, 38.87678376123732], [-77.3632016733882, 38.876794073438525], [-77.36321594298806, 38.87679751343135], [-77.36328535548047, 38.8768141333239], [-77.36335537961884, 38.87683217857417], [-77.36364137961884, 38.87691117857417], [-77.36374027180294, 38.87694118064186], [-77.36420827180292, 38.877096180641864], [-77.36427183910163, 38.87711841992377], [-77.36439383910165, 38.87716341992377], [-77.36482534062577, 38.87732297445141], [-77.36486264704172, 38.877337198431526], [-77.36541739751631, 38.87755516952863], [-77.36551418896008, 38.87758863465546], [-77.36575809283569, 38.877658424259984], [-77.36649772516286, 38.877837184502745], [-77.3665850807586, 38.87786029996158], [-77.3667760807586, 38.877915299961586], [-77.36688059665703, 38.87794844746385], [-77.36750859665705, 38.87816644746385], [-77.36759600745937, 38.878199725138316], [-77.36779275981723, 38.878217764267085], [-77.36782551607962, 38.87821590733611], [-77.36804629216687, 38.8781526181911], [-77.36820537577599, 38.87811367277186], [-77.36836853631561, 38.87808681398077], [-77.36853426068853, 38.87807229089743], [-77.36870101202143, 38.878070238204124], [-77.36886724391725, 38.87808067493688], [-77.36903141479607, 38.878103504308854], [-77.36919200219111, 38.87813851460796], [-77.36934751686772, 38.87818538116019], [-77.36949651663387, 38.87824366934057], [-77.36963761971478, 38.87831283860366], [-77.36976951756685, 38.878392247496464], [-77.36989098701278, 38.878481159607034], [-77.37000090158485, 38.87857875039367], [-77.37009824197148, 38.87868411483152], [-77.37018210546991, 38.87879627580544], [-77.37025171435766, 38.87891419317143], [-77.37030642310478, 38.87903677340262], [-77.37050942310479, 38.87957377340261], [-77.37054146797884, 38.87967206423101], [-77.37057446797883, 38.87979206423101], [-77.37058194691255, 38.87982078310527], [-77.37061194691256, 38.879942783105264], [-77.37063487557198, 38.880067240497226], [-77.37064459150032, 38.88014599065328], [-77.3706546895907, 38.88018325741538], [-77.37068192293415, 38.880258602998936], [-77.37071232580857, 38.880323912877316], [-77.3707584694322, 38.8803715904392], [-77.37081726894165, 38.88044237819814], [-77.37091684621893, 38.880540627778394], [-77.37093945185681, 38.88056342894436], [-77.37099271017114, 38.88061835158103], [-77.37107305264516, 38.8806884462905], [-77.37170403203257, 38.88112246742279], [-77.37171082500365, 38.88112716475331], [-77.37233082500363, 38.881558164753315], [-77.37244473253601, 38.88163740466467], [-77.37291545360773, 38.88196328848354], [-77.3731450862803, 38.8821118207281], [-77.3731594404644, 38.88212120809294], [-77.37328440021601, 38.882203831753856], [-77.37387340733011, 38.88252857266625], [-77.3747716637055, 38.88293977853496], [-77.37503478185302, 38.883052411566524], [-77.37509259742866, 38.88307830161283], [-77.37529559742867, 38.88317330161282], [-77.37532205118904, 38.88318593400011], [-77.37555605118904, 38.883299934000114], [-77.37563446288597, 38.88334048405291], [-77.37599746288596, 38.88353948405292], [-77.37617115736049, 38.88364837825915], [-77.3763181573605, 38.883753378259144], [-77.37643838407689, 38.88384819043824], [-77.37661638407687, 38.88400319043825], [-77.37663330625868, 38.88401814717626], [-77.37680830625868, 38.884175147176265], [-77.37685622927371, 38.8842200713845], [-77.37700522927369, 38.8843660713845], [-77.3771346664191, 38.88451159054218], [-77.37723166641912, 38.884637590542184], [-77.37726022989808, 38.88467612242032], [-77.37736222989808, 38.88481912242032], [-77.37739943041066, 38.8848742397179], [-77.37750143041066, 38.88503423971791], [-77.37757528380142, 38.88516772488334], [-77.37763628380141, 38.88529672488334], [-77.37767749190418, 38.88539544836615], [-77.37778249190418, 38.88568444836615], [-77.37780229243073, 38.885744129258924], [-77.37790226123708, 38.88607669875331], [-77.37800520700218, 38.88641127248981], [-77.37801262394972, 38.88643644013808], [-77.3780970415202, 38.88673603975101], [-77.37816713533567, 38.88690596415217], [-77.37826014899272, 38.887120758576664], [-77.37826554096567, 38.887133416808155], [-77.37833608341728, 38.88730180846686], [-77.37841894836143, 38.88745484732767], [-77.37841989704252, 38.8874566028626], [-77.37850030413748, 38.88760569101784], [-77.37861202593108, 38.887788508498296], [-77.37878048417508, 38.88805857647676], [-77.37888943063984, 38.88821442042634], [-77.37945825788753, 38.88893072140494], [-77.37946470023067, 38.8889388989301], [-77.37981170023068, 38.8893828989301], [-77.37984041545886, 38.88942103645139], [-77.38017241545887, 38.88987903645139], [-77.38018966479028, 38.88990341725806], [-77.38055966479027, 38.89043941725806], [-77.38056538777036, 38.89044777821583], [-77.38094138777036, 38.89100177821582], [-77.38094310173925, 38.89100431009202], [-77.38125910173925, 38.891472310092034], [-77.38127805153032, 38.891501215012596], [-77.38164705153032, 38.89208121501259], [-77.3816636290755, 38.892108011614745], [-77.3817586290755, 38.892266011614744], [-77.38183602286429, 38.892418182070095], [-77.3819230228643, 38.8926251820701], [-77.38193776163733, 38.89266202796396], [-77.38202476163731, 38.892891027963955], [-77.38206028594844, 38.89300151355967], [-77.38210628594845, 38.89317551355967], [-77.38211943303271, 38.89323113417118], [-77.38218743303273, 38.89355713417119], [-77.38220358733638, 38.89365896342926], [-77.38220973673424, 38.8937614538681], [-77.38221473673423, 38.89421545386809], [-77.38221434164096, 38.894258010342845], [-77.38220934164097, 38.89442701034285], [-77.38220680961015, 38.894475155885395], [-77.3821986858391, 38.894582570191524], [-77.38218530545761, 38.89483297447355], [-77.38216600382108, 38.8949851955522], [-77.38209478544094, 38.895339528974446], [-77.38206248918326, 38.895645101258665], [-77.38208420058108, 38.89571228923301], [-77.38228114226052, 38.89619955808309], [-77.38264223866322, 38.89708234901232], [-77.38264986152147, 38.89710147565256], [-77.38278686152145, 38.89745447565256], [-77.38283536205968, 38.89761389445521], [-77.38288236205966, 38.89782489445521], [-77.38290281361857, 38.89795281722983], [-77.38291248193745, 38.898051731569026], [-77.38327722551378, 38.89805745131148], [-77.3841065506312, 38.898053557766325], [-77.38412456195304, 38.89805354608335], [-77.38480400367848, 38.89805585449238], [-77.38491898534866, 38.89799380089259], [-77.38516031074015, 38.89786362532735], [-77.38520105722222, 38.89784230497137], [-77.38549370940692, 38.89769382067708], [-77.38557838541013, 38.897644590442646], [-77.38570272520533, 38.89757864957329], [-77.38598785194996, 38.89744116127247], [-77.38628426949039, 38.89728765933191], [-77.38636031438787, 38.89724633058328], [-77.38636572537801, 38.89724340173334], [-77.386736725378, 38.897043401733335], [-77.38677935872855, 38.897021139267956], [-77.3870356756576, 38.89689154082069], [-77.3875596633737, 38.89661798841008], [-77.3879693146933, 38.89639800858451], [-77.38803593694654, 38.896363966878354], [-77.3882072908692, 38.896280737830196], [-77.38858496666263, 38.89607506378368], [-77.38864654916338, 38.896043031884396], [-77.38889940452115, 38.89591751375715], [-77.38940382720008, 38.89564766192702], [-77.38942268525251, 38.895637714909384], [-77.390719634574, 38.89496326129458], [-77.3920712279832, 38.8942581684801], [-77.39276507766189, 38.89388703958218], [-77.3929526723257, 38.89377775278262], [-77.39314630648859, 38.89366414090133], [-77.39324322501555, 38.893611219848026], [-77.39407927709875, 38.893187135458], [-77.3941459078459, 38.89312306671528], [-77.39426776975904, 38.89302729226416], [-77.39440131810933, 38.89294146841098], [-77.39454521694061, 38.89286645369805], [-77.39469802675525, 38.89280299853798], [-77.39485821891427, 38.892751737706995], [-77.3950241909291, 38.8927131839948], [-77.39519428249217, 38.892687723074985], [-77.39536679208582, 38.892675609646865], [-77.39553999400358, 38.892676964887585], [-77.39571215561323, 38.89269177523995], [-77.39588155468934, 38.892719892548016], [-77.3960464966416, 38.89276103553918], [-77.39609433526115, 38.89277505720353], [-77.39616082161433, 38.89278891263629], [-77.39630324427696, 38.89282926844274], [-77.39633424427696, 38.892839268442735], [-77.39642798910467, 38.892874567923606], [-77.39653219909812, 38.892877294347855], [-77.39670465857635, 38.89288853847193], [-77.39687481456157, 38.892913119305135], [-77.39704096777535, 38.89295079136872], [-77.39720145891341, 38.89300117844716], [-77.39735468521627, 38.893063777345276], [-77.39749911647539, 38.893137962913414], [-77.39763331031472, 38.89322299429061], [-77.3977559265952, 38.89331802230319], [-77.39786574079807, 38.8934220979452], [-77.3986497876876, 38.89424589372646], [-77.39869601725081, 38.89429350327663], [-77.39875211196795, 38.894207193706194], [-77.39884415392507, 38.89409476160257], [-77.39895002325568, 38.89398995582182], [-77.39906868382796, 38.89389380208696], [-77.39919897432358, 38.89380724144427], [-77.3993396196034, 38.89373112105353], [-77.39948924318709, 38.893666185896855], [-77.39964638072462, 38.893613071487685], [-77.39980949432771, 38.89357229765107], [-77.399976987621, 38.89354426343618], [-77.4001472213655, 38.89352924321089], [-77.40031852950175, 38.89352738397654], [-77.40048923545535, 38.893538703929245], [-77.40065766854536, 38.89356309228185], [-77.40082218033517, 38.89360031034814], [-77.4008507268539, 38.89360923152063], [-77.4008892044607, 38.893609892223566], [-77.40105613300288, 38.893625445622], [-77.40110910545074, 38.89363450238376], [-77.4012805541232, 38.89363901419093], [-77.40129678388203, 38.89363780474588], [-77.40147693519083, 38.893639009142255], [-77.40149167689532, 38.89364030695841], [-77.40153750991676, 38.89363981653154], [-77.40172032879639, 38.89364273385408], [-77.40189214713452, 38.89364467530423], [-77.40203545246173, 38.89365092290258], [-77.40217760069736, 38.89366638229289], [-77.40231761543221, 38.89369094728539], [-77.40237961543221, 38.893703947285395], [-77.4024710038179, 38.8937272512018], [-77.40251303845302, 38.893734167219534], [-77.4026230247448, 38.89375675899839], [-77.4027090038848, 38.893766030534515], [-77.40281927832669, 38.893782267262154], [-77.4029500361836, 38.89379505879163], [-77.40304456390304, 38.89380850121271], [-77.40307356491475, 38.89380749723797], [-77.40315943484042, 38.89377733307553], [-77.40332617618087, 38.893733976959126], [-77.40349770777972, 38.89370399766538], [-77.40367226191199, 38.89368770414697], [-77.40384803970385, 38.89368526431733], [-77.40388703970385, 38.893686264317324], [-77.40406758357179, 38.89369827364344], [-77.40408494912339, 38.89370087168451], [-77.40420388098826, 38.893704662341555], [-77.40420603041464, 38.89370473188969], [-77.404660955489, 38.89371967195782], [-77.40468044908388, 38.89371890391639], [-77.40473735679832, 38.893712295278576], [-77.40497413877914, 38.893697613155574], [-77.40503509516485, 38.893697096576034], [-77.40515922127706, 38.89366867013418], [-77.40533255164185, 38.89364351650105], [-77.40550827079724, 38.89363220627485], [-77.40568455726672, 38.89363485669558], [-77.40585958369316, 38.8936514402894], [-77.40603153578077, 38.89368178515346], [-77.40619863110192, 38.89372557673776], [-77.40631056004128, 38.8937651752289], [-77.40631206329067, 38.89376559748997], [-77.40646786934332, 38.89381617003918], [-77.40661660655279, 38.893878305882765], [-77.40675686149878, 38.89395141455607], [-77.40676829009986, 38.893958021716074], [-77.40683091854783, 38.893988805190496], [-77.40688334297946, 38.89401627845313], [-77.40693502617653, 38.89400515419837], [-77.40701466094667, 38.89399488419245], [-77.40705395358341, 38.893933291444256], [-77.40714790694088, 38.893817337966375], [-77.40721761766775, 38.89374806432882], [-77.4072262064866, 38.89373455825546], [-77.40726820648662, 38.89367655825546], [-77.4073648959959, 38.89355794770539], [-77.40738360794384, 38.89353955275999], [-77.40738380122815, 38.89353829800903], [-77.40741719997548, 38.893417137989616], [-77.40746476247305, 38.893298877547345], [-77.40748676247306, 38.893251877547335], [-77.40758271000864, 38.893083634168924], [-77.40765671000864, 38.89297463416894], [-77.40774555978474, 38.89285830799799], [-77.40779375553998, 38.89280759091355], [-77.40783185562495, 38.89273256859671], [-77.40790246275016, 38.89262358637225], [-77.4079854537225, 38.892520022007744], [-77.40803145372251, 38.89246802200775], [-77.40814187093973, 38.89235621461709], [-77.40824949478893, 38.892268085875635], [-77.40825913528342, 38.892257905342184], [-77.40835722003335, 38.8921710383492], [-77.40840522003334, 38.892132038349196], [-77.40853292565082, 38.89203828977787], [-77.40867217461664, 38.891955083812576], [-77.40882153568154, 38.89188327567311], [-77.40897947366062, 38.89182360342849], [-77.40914436521247, 38.891776680410764], [-77.4093145155244, 38.89174298891102], [-77.40948817573242, 38.89172287522219], [-77.40955417573244, 38.89171787522219], [-77.40971796236305, 38.891711536899756], [-77.40986798932339, 38.89171679720366], [-77.40989560195767, 38.89169764781618], [-77.41003532257471, 38.89161867791924], [-77.4100983225747, 38.89158667791924], [-77.41025599787855, 38.89151550339585], [-77.41042241502711, 38.891457618840576], [-77.41059573018138, 38.89141366559237], [-77.41077402307512, 38.89138413063657], [-77.41095531829053, 38.89136934120931], [-77.41113760714535, 38.891369461171834], [-77.41120960714537, 38.89137246117183], [-77.41129128916339, 38.89137901686316], [-77.41136249483652, 38.891358289037036], [-77.41138732586838, 38.89127351519585], [-77.41138836548608, 38.89126610232378], [-77.41142580206977, 38.891130533329516], [-77.41148094677379, 38.89099867568177], [-77.41155321563072, 38.890871925717086], [-77.41164184333307, 38.89075162568305], [-77.41164319707319, 38.89075016098545], [-77.41166888114718, 38.890690918800395], [-77.41174896193296, 38.89055686731066], [-77.41184743318325, 38.89043044782629], [-77.41192423996542, 38.89034304700522], [-77.41193535984391, 38.89032980905463], [-77.41202832876456, 38.89022950463025], [-77.41213272507609, 38.89013625452139], [-77.41220692466436, 38.8900811199169], [-77.4122148102399, 38.89007335896475], [-77.41233047734254, 38.889979688421384], [-77.41245719914933, 38.889895119007555], [-77.41259379798444, 38.88982043666024], [-77.41273900438092, 38.889756335432004], [-77.41289146887836, 38.8897034110409], [-77.4130497745639, 38.8896621553342], [-77.41309077456388, 38.889653155334194], [-77.4132238913237, 38.88962830867582], [-77.4133059095397, 38.88961564409835], [-77.41334471687698, 38.889607629539555], [-77.41350793019863, 38.8895803985009], [-77.41367375480054, 38.88956552013101], [-77.4138406500885, 38.88956313265745], [-77.41400706552108, 38.889573258261066], [-77.41417145501494, 38.889595802869884], [-77.41433229130875, 38.889630557033115], [-77.41448808015218, 38.88967719786705], [-77.41463737418827, 38.88973529205481], [-77.41477878640012, 38.88980429987206], [-77.41491100299692, 38.88988358020139], [-77.41503279561977, 38.88997239648853], [-77.41514303275376, 38.890069923585344], [-77.4152406902403, 38.89017525541591], [-77.41532486079204, 38.89028741339438], [-77.41539476242212, 38.89040535551654], [-77.41544974570913, 38.890527986040574], [-77.41548929983057, 38.89065416566702], [-77.41565086446639, 38.8913042257311], [-77.41575520353688, 38.891632666979035], [-77.4157638372243, 38.891661170475196], [-77.41584683722431, 38.8919491704752], [-77.41585948198797, 38.89199710754289], [-77.41592248198795, 38.8922601075429], [-77.41593759693727, 38.89233477839056], [-77.41598249006348, 38.89260583122804], [-77.41602253042306, 38.89275843788159], [-77.41612724881256, 38.89315437312565], [-77.41644530125657, 38.89435667044503], [-77.41650592519957, 38.89455695967442], [-77.41656171483783, 38.894699533194384], [-77.41656747884855, 38.89471457740941], [-77.41658847884854, 38.89477057740942], [-77.41663085333023, 38.894911220988554], [-77.41674785333022, 38.89542122098855], [-77.41676295777734, 38.89550068766564], [-77.4167792009824, 38.895608202213424], [-77.4167970735692, 38.89569220337141], [-77.4169411640206, 38.896237558371], [-77.41702657771471, 38.89650470332917], [-77.41704036538347, 38.89655134750285], [-77.41710936538347, 38.89680534750285], [-77.41711878612655, 38.896842615324196], [-77.41734409070341, 38.897805370564534], [-77.41751529361403, 38.89849414065583], [-77.41751643349023, 38.8984987699322], [-77.4175622116675, 38.89868646045894], [-77.41774713024007, 38.89934948456376], [-77.41782358151686, 38.89960177377713], [-77.4178330207683, 38.899634771085054], [-77.4180680207683, 38.90050777108505], [-77.41807075374977, 38.90051812609485], [-77.4182993207321, 38.90140172053302], [-77.41836671582874, 38.90164434288096], [-77.41837164469322, 38.90166270485121], [-77.41862064469322, 38.902623704851216], [-77.41862160047746, 38.902627420603274], [-77.41882460047746, 38.90342242060327], [-77.41882683073973, 38.903431311125175], [-77.41883460214257, 38.90346285387782], [-77.41889570022876, 38.903652190804294], [-77.41890971536462, 38.90368390926967], [-77.41891344927222, 38.90369245262892], [-77.4189638166774, 38.9038089742379], [-77.41919623391254, 38.904255651111654], [-77.4194071092236, 38.904646996456364], [-77.41940782340677, 38.90464832383471], [-77.41960982340676, 38.9050243238347], [-77.41965014680815, 38.90510688691394], [-77.41972646635189, 38.905280042007796], [-77.41992328323403, 38.90565286693871], [-77.41999780406537, 38.90578197861162], [-77.42000519554452, 38.90579496755069], [-77.42007374588891, 38.9059171659907], [-77.42022529489871, 38.90618636488971], [-77.42025232783705, 38.90623718130131], [-77.42041932783705, 38.90657018130131], [-77.42042981662998, 38.90659163384455], [-77.42060310282554, 38.90695534443084], [-77.42072684437859, 38.907193661495974], [-77.42078774353634, 38.90728627896506], [-77.4208517759712, 38.90739538161763], [-77.42091602858541, 38.907519162389136], [-77.42154517423113, 38.90869197733692], [-77.421575054051, 38.90875162569096], [-77.42172222148993, 38.909067383676984], [-77.42199580932059, 38.909593332696296], [-77.4223647095981, 38.90974829226053], [-77.42250511707931, 38.90981413239838], [-77.42263689422998, 38.9098900074819], [-77.42275886021717, 38.90997523760719], [-77.42286992212415, 38.91006905904141], [-77.42296908474378, 38.91017063106643], [-77.4230554594965, 38.910279043512375], [-77.4231282723926, 38.9103933249135], [-77.42318687096797, 38.91051245121336], [-77.42323073013058, 38.91063535494116], [-77.42325945686586, 38.91076093477721], [-77.42327279375837, 38.910888065421695], [-77.4232706212984, 38.91101560767822], [-77.42325295895306, 38.911142418662045], [-77.4232199649916, 38.9112673620412], [-77.42309341994373, 38.91165297569108], [-77.42299987111109, 38.91194058859144], [-77.4229921085105, 38.91196359850678], [-77.42295730827647, 38.91206316584298], [-77.42275636532693, 38.912650311339476], [-77.42261780698578, 38.91307729724792], [-77.42253189889425, 38.913375615455855], [-77.42252778775662, 38.913389544839255], [-77.42251478775664, 38.91343254483926], [-77.42251414223581, 38.913434672280246], [-77.42236614223582, 38.91392067228025], [-77.42236563761601, 38.91392232469994], [-77.4222081151821, 38.91443670351195], [-77.42213017246013, 38.914719008248866], [-77.42211783178044, 38.91476050100662], [-77.42195646312715, 38.915266521228034], [-77.42182708676809, 38.915677539968776], [-77.42182329709206, 38.915689348408876], [-77.42178829709206, 38.91579634840888], [-77.42178462206722, 38.91580738783864], [-77.42172162206722, 38.91599338783864], [-77.42170868072017, 38.91602954445746], [-77.42150268072017, 38.91657554445746], [-77.42148083546559, 38.91662926289969], [-77.42123163121079, 38.917200274223724], [-77.4210304384735, 38.91768875147419], [-77.42069367704617, 38.91861704166954], [-77.42068381706765, 38.91864320545654], [-77.42026581706766, 38.91971220545654], [-77.42022559654134, 38.91980325021869], [-77.42012322712266, 38.920010569797725], [-77.420035517377, 38.92022124516715], [-77.4200148309202, 38.92026799018753], [-77.41980954104766, 38.920705630870366], [-77.41943323734358, 38.92165074325826], [-77.41942088480721, 38.9216805384717], [-77.41887625030657, 38.922943815246654], [-77.41878383723284, 38.923185080147775], [-77.41949830200171, 38.92364245512662], [-77.41951377516818, 38.92365247842223], [-77.41993532793528, 38.92392879824495], [-77.42017807600199, 38.92407589093966], [-77.4201941710665, 38.92408576330961], [-77.42055817106649, 38.9243117633096], [-77.42058995838502, 38.924331983891705], [-77.42152295838504, 38.924939983891704], [-77.4215312678472, 38.924945433453445], [-77.42308426784719, 38.925970433453436], [-77.42314765287166, 38.9260143921655], [-77.42340535778756, 38.92620213595303], [-77.42345746785834, 38.926236277033894], [-77.42346267107867, 38.9262396996738], [-77.42517067107866, 38.9273676996738], [-77.42519525615191, 38.92738424756041], [-77.42612534910975, 38.92802225344788], [-77.42725179840855, 38.92878800750887], [-77.42750616129375, 38.92894124753451], [-77.4276729695514, 38.929032350506006], [-77.42774219289042, 38.92906372265964], [-77.42790946004618, 38.929123938835716], [-77.42800390174997, 38.92914885290482], [-77.4280829468589, 38.929158244402906], [-77.42850202650801, 38.929179715276774], [-77.42909420531701, 38.92919201291978], [-77.42909914448813, 38.929192120976964], [-77.42944714448814, 38.92920012097696], [-77.42961294445965, 38.929210147834475], [-77.4297767439356, 38.92923250211811], [-77.4299370324828, 38.92926697769379], [-77.43009233204307, 38.92931325665419], [-77.4302412105629, 38.929370912250185], [-77.43038229519868, 38.92943941282608], [-77.43051428497603, 38.92951812672203], [-77.43063596278638, 38.92960632809884], [-77.4307462066102, 38.929703203631], [-77.43084399986344, 38.9298078600066], [-77.4309284407717, 38.92991933216475], [-77.43099875068559, 38.930036592194625], [-77.431054281261, 38.93015855881412], [-77.4310945204375, 38.93028410734053], [-77.43111909716026, 38.93041208006158], [-77.43112778480159, 38.93054129691088], [-77.4311337848016, 38.93164429691088], [-77.43113213640453, 38.93170905335006], [-77.43111430274546, 38.93202536614491], [-77.43096165155788, 38.94108666082293], [-77.4309614112157, 38.94109756201974], [-77.4308784112157, 38.94414356201974], [-77.43087828179155, 38.94414797122221], [-77.43080829495874, 38.94637276392098], [-77.43081032871353, 38.946440555747], [-77.43081060061614, 38.946451537563235], [-77.43083657791266, 38.947782374445495], [-77.43083885494016, 38.94788711771153], [-77.4308873385996, 38.94847075119682], [-77.4309145308458, 38.94868647634989], [-77.43092256305374, 38.94879569609289], [-77.43094456305373, 38.94982969609289], [-77.43093524208966, 38.949993375016604], [-77.43090410372653, 38.950223020444824], [-77.43086736903722, 38.953960255252035], [-77.43105452392251, 38.95396407473949], [-77.43292234601469, 38.95396407473949], [-77.4339978987868, 38.9539507634428], [-77.43400794860811, 38.95393066380018], [-77.43404400810532, 38.95386391088281], [-77.434072383581, 38.953815097536825], [-77.43414587355585, 38.95367930548118], [-77.43417271940406, 38.95363223624738], [-77.43423087466948, 38.953535310805], [-77.43446034728056, 38.95314777653634], [-77.43449594861151, 38.953091174330865], [-77.4345959486115, 38.95294117433087], [-77.43464196373426, 38.952876550199065], [-77.43492698494973, 38.952500938249166], [-77.4349295219369, 38.95249622938313], [-77.43501027239404, 38.95237987523888], [-77.43508027239405, 38.95228987523888], [-77.43510033981829, 38.95226470311946], [-77.43531943135109, 38.9519965062874], [-77.43534020507693, 38.95197168347123], [-77.43540020507692, 38.95190168347122], [-77.43543625409505, 38.95186124600259], [-77.43583307436772, 38.951433033232746], [-77.43587099715536, 38.95139364697758], [-77.43595099715536, 38.95131364697759], [-77.43601972324694, 38.95124916147636], [-77.43645849674927, 38.95086257770523], [-77.43647101934681, 38.95084801983294], [-77.43657893620484, 38.95074586614371], [-77.43664893620486, 38.9506858661437], [-77.43671893620467, 38.95062586614387], [-77.43677938197592, 38.950576615754976], [-77.43683584883777, 38.95053287571201], [-77.43685774120257, 38.950514755222834], [-77.43694774120257, 38.95044475522283], [-77.43695257112786, 38.95044101337019], [-77.4374469751919, 38.95005949187706], [-77.43750821020936, 38.95001448315312], [-77.43760821020933, 38.94994448315311], [-77.43768831366607, 38.94989173826014], [-77.43856897688403, 38.949346610268854], [-77.4386530390534, 38.949297737112865], [-77.43876303905341, 38.94923773711287], [-77.43887303905238, 38.94917773711344], [-77.43890177956874, 38.94916239376471], [-77.43921223318834, 38.94900020655364], [-77.43924136475275, 38.94898531636413], [-77.43938136475273, 38.94891531636413], [-77.43938397726225, 38.94891401268154], [-77.43976311997004, 38.94872518747553], [-77.43987888274783, 38.94867233874889], [-77.44057865414193, 38.94838062717814], [-77.44064462367497, 38.94835452264228], [-77.44072462367498, 38.94832452264228], [-77.44080462367623, 38.948294522641824], [-77.44087194812509, 38.948270641198214], [-77.44160097294929, 38.94802653840315], [-77.44173924549911, 38.94798559304669], [-77.44208154645851, 38.947897058169865], [-77.44227572832405, 38.94783671188581], [-77.4423883235102, 38.947805184336445], [-77.44254832351021, 38.94776518433644], [-77.44264851363593, 38.94774270231993], [-77.44373180394027, 38.94752688046291], [-77.44383355143088, 38.94750913083405], [-77.44392224625092, 38.94749582661104], [-77.4439314059295, 38.94749429999794], [-77.44394480031544, 38.947492110636595], [-77.4440886251987, 38.947469063277794], [-77.44410204140436, 38.94746695634973], [-77.44423204140436, 38.94744695634974], [-77.4442774869345, 38.94744045366032], [-77.44476617955651, 38.94737575974649], [-77.44481183188154, 38.94737020275561], [-77.44490183188154, 38.9473602027556], [-77.44502393464185, 38.94735005755705], [-77.4452047048674, 38.947340065451115], [-77.44526497860045, 38.94733403807781], [-77.44537513269185, 38.947325796299886], [-77.44625994210769, 38.947281737027524], [-77.44633728022683, 38.94727746214943], [-77.44635420955476, 38.947276591205394], [-77.44656420955472, 38.9472665912054], [-77.44666999999998, 38.94726407473949], [-77.44694999999999, 38.94726407473949], [-77.44696035179899, 38.94726409881237], [-77.4470714138518, 38.9472646153616], [-77.44708176528086, 38.94726468757937], [-77.44916588499392, 38.94728407473949], [-77.44969, 38.94728407473949], [-77.44980945085275, 38.94728728387765], [-77.45108798204406, 38.947356063307105], [-77.4512068639265, 38.94736567543577], [-77.45157686392648, 38.94740567543576], [-77.45165506218513, 38.94741555273048], [-77.4524904948122, 38.94753639761576], [-77.45256803068379, 38.94754904718017], [-77.4528980306838, 38.94760904718017], [-77.45296819818248, 38.94762301507306], [-77.45371666658042, 38.947785056523536], [-77.45385444430738, 38.94781977564979], [-77.45458289486923, 38.948029908548136], [-77.45465026411205, 38.94805059905465], [-77.45511026411205, 38.948200599054665], [-77.45518373696527, 38.9482261348199], [-77.45596342028215, 38.94851420510428], [-77.45610539917547, 38.9485730999539], [-77.45684735727873, 38.94891622801528], [-77.45691555677521, 38.948949459941026], [-77.45730555677521, 38.94914945994102], [-77.45736575455018, 38.949181769484824], [-77.45800192147338, 38.949538870754104], [-77.4581167924693, 38.949609274686374], [-77.45871197300663, 38.95000686090399], [-77.45876644138762, 38.95004482974695], [-77.45909644138764, 38.95028482974695], [-77.45916944311078, 38.950341173082776], [-77.45992893063071, 38.950963229579415], [-77.4599975060073, 38.951022844639674], [-77.4602575060073, 38.95126284463968], [-77.4603000585254, 38.95130371682717], [-77.46074543074552, 38.95174899780359], [-77.46082422632513, 38.95183446114448], [-77.46122360461466, 38.95230541431626], [-77.46125972760635, 38.952349875239385], [-77.46146972760633, 38.95261987523938], [-77.46150277368143, 38.95266424801824], [-77.46184555376517, 38.95314539811413], [-77.46190501907678, 38.95323691688014], [-77.46219977785798, 38.953736956802764], [-77.46222611095665, 38.95378397022139], [-77.46239611095663, 38.9541039702214], [-77.46242637377601, 38.95416510450318], [-77.46273038397659, 38.9548267636601], [-77.46277928313863, 38.95495210183539], [-77.46299929002681, 38.95563360159935], [-77.46301781078236, 38.955697509220286], [-77.46310781078236, 38.95604750922028], [-77.46312366494435, 38.95611916297595], [-77.4632669926116, 38.9568909430817], [-77.46327785635465, 38.956963157903374], [-77.46330785635466, 38.95722315790338], [-77.46331343095981, 38.9572902024361], [-77.46335016320926, 38.95801023327598], [-77.4633514359126, 38.95807741066968], [-77.46332148189695, 38.960363900528264], [-77.46331152418797, 38.96119039037597], [-77.46331143696516, 38.96119626402183], [-77.46331032462368, 38.96125928024742], [-77.4633102044934, 38.961265153541724], [-77.46330020449338, 38.96169515354173], [-77.46329986964122, 38.961706778867146], [-77.4632955854138, 38.96183149213466], [-77.46329512163732, 38.961843114778766], [-77.46328512163731, 38.96206311477876], [-77.46328036255457, 38.96212606631872], [-77.46320902409404, 38.96280017168716], [-77.46320048487752, 38.96286288104414], [-77.46317048487754, 38.963042881044146], [-77.46316586678569, 38.96306863810007], [-77.4631128968182, 38.96334458677864], [-77.46310764070648, 38.963370269690536], [-77.46305764070647, 38.96360026969053], [-77.46304632089839, 38.963647256180586], [-77.46291341812892, 38.9641495377309], [-77.46289996335129, 38.96419618222657], [-77.4628499633513, 38.96435618222658], [-77.46282377088362, 38.96443063894873], [-77.46251358628595, 38.96522256602709], [-77.46248195682166, 38.965295733506785], [-77.46239195682166, 38.96548573350679], [-77.46236996350856, 38.96552976894205], [-77.46212342756529, 38.9659988600952], [-77.46209946377849, 38.96604226857867], [-77.46198946377848, 38.966232268578665], [-77.46194554171903, 38.96630260870401], [-77.46144656659166, 38.96704601429498], [-77.46139747402016, 38.96711425341515], [-77.46129747402016, 38.967244253415146], [-77.46127087233101, 38.967277716964524], [-77.46097878826322, 38.96763342754221], [-77.46095094216474, 38.96766627248456], [-77.46081094216474, 38.96782627248456], [-77.46077928518352, 38.967861245391084], [-77.46043207060464, 38.96823217958255], [-77.4603990028448, 38.96826635302226], [-77.4603719026109, 38.96829345325615], [-77.46035129676731, 38.969577884173574], [-77.46030625799938, 38.97296479952233], [-77.46062152362401, 38.97354587734028], [-77.46108673559138, 38.974357717832355], [-77.46109024239142, 38.97436387891521], [-77.46112765405526, 38.97443005370898], [-77.46113112121427, 38.97443622835926], [-77.46142112121429, 38.97495622835926], [-77.46143046062994, 38.974973295658245], [-77.4615290382111, 38.97515693798741], [-77.46153807477617, 38.97517410370432], [-77.46163506792607, 38.97536202793226], [-77.46192727842396, 38.975881513261825], [-77.46192954085019, 38.97588555332651], [-77.4619537231672, 38.975928929787074], [-77.46195596859951, 38.975932975587284], [-77.46315466185138, 38.97810251130761], [-77.46365321862838, 38.97899209300776], [-77.46366281191327, 38.97900954490125], [-77.46376403787899, 38.97919734031821], [-77.4637733142638, 38.97921489562335], [-77.4640633142638, 38.97977489562335], [-77.46406534394052, 38.97977883286658], [-77.46408703474587, 38.979821101957945], [-77.46408904848161, 38.97982504415343], [-77.4643890484816, 38.98041504415344], [-77.46439086219371, 38.98041862607037], [-77.4644102508401, 38.980457077865765], [-77.46441205139192, 38.98046066380023], [-77.46450755179133, 38.980651664599044], [-77.46458388853108, 38.980790866889166], [-77.46468942701331, 38.980977588819286], [-77.4646916210142, 38.980981487207416], [-77.46471507541311, 38.981023341674785], [-77.46471725357856, 38.98102724543471], [-77.46491725357856, 38.9813872454347], [-77.46491886705412, 38.981390159103924], [-77.46493613064695, 38.98142143555863], [-77.46493773530116, 38.98142435217579], [-77.46525772341003, 38.982007859903746], [-77.46568185181289, 38.98276186595327], [-77.4660847539204, 38.983473373930366], [-77.4664092564678, 38.984005890931215], [-77.46642102426321, 38.98402561163952], [-77.46654507838583, 38.9842379731008], [-77.46655643568782, 38.98425783898081], [-77.46685594644778, 38.984793327915284], [-77.46697445714992, 38.98499742968007], [-77.46698582584375, 38.985010135867306], [-77.46699096080098, 38.98501590693463], [-77.4670169885927, 38.985045322418515], [-77.46728684324012, 38.985322465402014], [-77.46738270185232, 38.98543165763252], [-77.46785937424124, 38.986036344045836], [-77.46794101585874, 38.98615232109252], [-77.46833921802265, 38.98679044894417], [-77.46840585639201, 38.986912093884605], [-77.46872175342638, 38.98757751765453], [-77.46877274678367, 38.98770365898147], [-77.46900329642737, 38.988389970274994], [-77.46903815367872, 38.98851939317853], [-77.46918113561264, 38.98921998244275], [-77.46919952106364, 38.9893514405095], [-77.46925355829362, 38.9900595606868], [-77.46925529488232, 38.99019178790381], [-77.46921986700026, 38.990900619409786], [-77.46920493800238, 38.991032342356604], [-77.46908038619819, 38.991735058756376], [-77.46904893538813, 38.991865008869034], [-77.46893035137634, 38.99225000843233], [-77.46959194929383, 38.99228096279528], [-77.46962602818844, 38.99228281990079], [-77.47006002818844, 38.99230981990078], [-77.47014426769748, 38.992316677331296], [-77.47043226769746, 38.992345677331286], [-77.47050217181628, 38.99235384815818], [-77.47093017181628, 38.99241084815818], [-77.4710161896343, 38.9924240557915], [-77.4714411896343, 38.992498055791515], [-77.47153542926267, 38.99251664032535], [-77.47195242926267, 38.992608640325344], [-77.47203750590845, 38.992629264362634], [-77.47244950590844, 38.992738264362636], [-77.47253055750268, 38.99276147755431], [-77.47293555750268, 38.9928864775543], [-77.47302185063236, 38.99291524111271], [-77.47341785063236, 38.993057241112716], [-77.47349929353099, 38.99308848489634], [-77.47388529353098, 38.99324648489634], [-77.47395464560823, 38.99327647038198], [-77.47420464560825, 38.993390470381975], [-77.47426342522144, 38.99341851169887], [-77.47463042522143, 38.99360151169887], [-77.47470460081183, 38.993640641266985], [-77.47493960081182, 38.99377164126699], [-77.47498033765208, 38.99379505880332], [-77.4759303376521, 38.99435805880332], [-77.47593495151635, 38.994360802647996], [-77.47766595151634, 38.995393802647996], [-77.4782051161387, 38.99571582237096], [-77.47821420572548, 38.99570976264644], [-77.47827485605498, 38.995671145963925], [-77.47842785605498, 38.995578145963925], [-77.47849025786583, 38.99554194266053], [-77.47859325786582, 38.99548494266053], [-77.4786607671503, 38.99544941428116], [-77.47874428984356, 38.995407652934524], [-77.47879735233298, 38.99537649933661], [-77.47895639253373, 38.9953024337878], [-77.47926336839777, 38.995176319499706], [-77.47935637857763, 38.995137255224165], [-77.47944049958393, 38.995104191831906], [-77.47982587828514, 38.994962826280286], [-77.47982962881059, 38.994959469364645], [-77.47996074865291, 38.99486413520521], [-77.48010384419563, 38.99477987059345], [-77.48028384419565, 38.99468487059345], [-77.48045509384518, 38.99460528908969], [-77.48062889834591, 38.9945347515488], [-77.4806530931467, 38.99452126346033], [-77.48079255385785, 38.99445791484929], [-77.48137755385784, 38.99421991484929], [-77.48145794161907, 38.99418924218705], [-77.48176894161907, 38.994078242187044], [-77.48178647044912, 38.99407207737103], [-77.48211547044914, 38.99395807737103], [-77.48215406348116, 38.9939451389749], [-77.48280506348115, 38.9937341389749], [-77.48285634848406, 38.99371825808386], [-77.48318134848407, 38.99362225808385], [-77.48328761363736, 38.993593901523205], [-77.48362661363736, 38.99351290152321], [-77.48373268053791, 38.99349039842413], [-77.48407168053794, 38.993427398424124], [-77.48425199224644, 38.99340165117194], [-77.48459999224644, 38.99336665117195], [-77.4846632333161, 38.99336120772452], [-77.48498908614306, 38.99333786583147], [-77.48531100450607, 38.99330800673693], [-77.48539788440559, 38.99330167094794], [-77.48566690560651, 38.9932873613096], [-77.48635890389127, 38.9932424170911], [-77.48627590579342, 38.99031376992451], [-77.48623738426595, 38.989503830115936], [-77.4862370166172, 38.98949538332968], [-77.4862060166172, 38.98871038332968], [-77.48620908039123, 38.988578843717455], [-77.48622861604399, 38.98844816354531], [-77.48626443734636, 38.98831958855865], [-77.48631620282175, 38.988194344434646], [-77.48638341900121, 38.98807362509806], [-77.48646544512768, 38.98795858133985], [-77.48656149926404, 38.987850309846955], [-77.4866706657473, 38.98774984274775], [-77.4867919039173, 38.98765813777309], [-77.48692405803715, 38.98757606912636], [-77.48706586831061, 38.987504419149985], [-77.48721598289143, 38.98744387086749], [-77.48737297077025, 38.98739500147234], [-77.48753533541603, 38.98735827682581], [-77.48770152904221, 38.987334047015864], [-77.48786996736139, 38.987322543019985], [-77.48803904468802, 38.98732387450324], [-77.48820714924501, 38.98733802877288], [-77.48837267852849, 38.98736487089938], [-77.48851801597746, 38.98740024168566], [-77.4885495510175, 38.98736423598767], [-77.48858745246544, 38.98732686836295], [-77.48859027000186, 38.987323835644105], [-77.48860738225366, 38.98730143872631], [-77.48870236021315, 38.987190097060264], [-77.48874656279234, 38.98714801383668], [-77.48880677290421, 38.98707239755909], [-77.4888428787496, 38.98703051477845], [-77.48884977894781, 38.987020921819955], [-77.48891069339167, 38.98694260306012], [-77.48895742771602, 38.986886881365706], [-77.48900932278725, 38.98680790522659], [-77.48909532278726, 38.98669590522659], [-77.48924086859436, 38.98653448677151], [-77.48926186859435, 38.98651448677151], [-77.48942364874283, 38.986380268996065], [-77.48954664874285, 38.98629126899607], [-77.48967540580693, 38.98620680417419], [-77.48981409837165, 38.98613246968318], [-77.48998009837166, 38.98605246968318], [-77.4900996385481, 38.985999844735694], [-77.49022416262612, 38.98595475610624], [-77.49047016262612, 38.98587475610624], [-77.49059530669464, 38.985838403397885], [-77.49066930669466, 38.98581940339789], [-77.49067690379009, 38.985817718410914], [-77.4907861306854, 38.985786885101284], [-77.49086713068539, 38.98576788510128], [-77.49087262507503, 38.985766805201415], [-77.490891780953, 38.98576101388947], [-77.49104177610313, 38.98572170393845], [-77.49116665102912, 38.98569859874127], [-77.49128752529654, 38.98565728636808], [-77.49140452529652, 38.98562228636807], [-77.49144979379508, 38.985611014743846], [-77.49145527481588, 38.98560762940747], [-77.49165652256599, 38.98550039370441], [-77.49179252256599, 38.98543839370442], [-77.49196011517917, 38.985371243308], [-77.49202611517916, 38.98534824330801], [-77.49218910524652, 38.985298969906424], [-77.49235765051213, 38.98526273620786], [-77.49261165051215, 38.985218736207855], [-77.49275966822074, 38.98519829642374], [-77.49277767339981, 38.985197048904766], [-77.49282367668211, 38.98518379044052], [-77.49283014807396, 38.98518220431507], [-77.49293105625948, 38.98515172486582], [-77.49310061052287, 38.98511539760615], [-77.49313848213808, 38.985110427087776], [-77.4931850359842, 38.985100797396264], [-77.4933595750708, 38.98507919569839], [-77.4933835750708, 38.985077195698395], [-77.49355411195143, 38.985069576566836], [-77.49372478394963, 38.985075066589125], [-77.4938939305885, 38.98509361235256], [-77.49405990623141, 38.98512503342442], [-77.4942210960926, 38.98516902410743], [-77.49437593194735, 38.985225156413904], [-77.4944092970746, 38.98524053141233], [-77.49455216624675, 38.985246209163485], [-77.49455904824343, 38.98524685435068], [-77.49463356608904, 38.98519295203607], [-77.49491556608903, 38.98500095203607], [-77.49500415726527, 38.984944546198406], [-77.49515607361873, 38.98485417544456], [-77.495195078774, 38.984827805762116], [-77.49524373967668, 38.98478923118034], [-77.49526889252421, 38.984772038685044], [-77.49530213285958, 38.98474411133764], [-77.49532639743755, 38.984725824989034], [-77.4953388900144, 38.984714951820294], [-77.49543352574855, 38.98463882868222], [-77.49553555292813, 38.98456872367125], [-77.49553756950432, 38.98456744418843], [-77.495552491357, 38.984551804938995], [-77.49570911107605, 38.98440950530099], [-77.4958301143361, 38.98431390604028], [-77.49588741042791, 38.984258674672496], [-77.49592585101604, 38.98422478557558], [-77.49594670695497, 38.984201287369906], [-77.49611878596552, 38.984034561928574], [-77.49617253347436, 38.98397060239306], [-77.49625565557207, 38.98388334001257], [-77.4962992502142, 38.98383201973768], [-77.49637511532924, 38.98375134928866], [-77.49637675798105, 38.98374727943491], [-77.49644077917326, 38.9836137989291], [-77.49652255601116, 38.98348632410696], [-77.49656555601113, 38.98342732410696], [-77.49663700723104, 38.98333765926762], [-77.49671725532617, 38.983252618731235], [-77.4968482553262, 38.98312461873124], [-77.49692829670917, 38.98305423368873], [-77.49694823884327, 38.98303376676163], [-77.49675790783276, 38.98287826301744], [-77.49664748473072, 38.98277874468404], [-77.49655005220464, 38.982671326943716], [-77.49646653784009, 38.98255703244412], [-77.4963977367177, 38.98243694930159], [-77.49635504505552, 38.98233729399305], [-77.49624025153075, 38.982262913712106], [-77.49592925153075, 38.982040913712105], [-77.49580600110637, 38.98194352740887], [-77.49569606398579, 38.98183692747454], [-77.49560057125676, 38.981722210662205], [-77.49552050539592, 38.98160055723547], [-77.49537025195167, 38.981340537802026], [-77.49528070982394, 38.9812032756182], [-77.4951888793008, 38.98112822237706], [-77.49508640293334, 38.981026511650064], [-77.49499692126197, 38.98091763007638], [-77.49492125744227, 38.98080257927421], [-77.49486010751725, 38.98068241761349], [-77.49481023643182, 38.98056877694338], [-77.49480032229197, 38.98055714087398], [-77.49473760575647, 38.98051645250715], [-77.49462109131741, 38.98042482674622], [-77.49451636164758, 38.98032495813744], [-77.49442437505635, 38.980217760509966], [-77.49434597324996, 38.980104214755784], [-77.49428187362959, 38.97998535985423], [-77.49423266272689, 38.97986228336502], [-77.49415466272688, 38.97962828336502], [-77.49414195511177, 38.9795875654963], [-77.49408695511178, 38.979398565496304], [-77.49405652563318, 38.97926147971536], [-77.49404442392749, 38.97912268339088], [-77.49404971395612, 38.9790069552409], [-77.49403629781096, 38.97896740976775], [-77.49402961839003, 38.97893450191428], [-77.49402043514766, 38.97892041122493], [-77.4939592663603, 38.97881569992511], [-77.49393495674977, 38.97876243631072], [-77.49385295417402, 38.9786735082667], [-77.49376620391676, 38.97855611764563], [-77.4936950344613, 38.978432545207134], [-77.49362150085207, 38.9782854779887], [-77.49360722285203, 38.97826278616721], [-77.49358043653726, 38.978222806592925], [-77.49343128540382, 38.97822024342033], [-77.49326931377729, 38.978205522522266], [-77.49310983981141, 38.97817901298904], [-77.4929992807966, 38.978156351824516], [-77.49290087957803, 38.97817699731179], [-77.4927360189748, 38.97820496238688], [-77.49256844318924, 38.97822031160252], [-77.49239974302074, 38.97822289924837], [-77.4922315199425, 38.978212700759876], [-77.49181447563437, 38.978171434006754], [-77.49171812634259, 38.97818372203237], [-77.49151352817437, 38.978200184676744], [-77.49061835871093, 38.97823059003314], [-77.49013292320376, 38.978293797781475], [-77.48990103131659, 38.978364524807056], [-77.48978608159064, 38.97839600138147], [-77.48933008159065, 38.978507001381466], [-77.48917759870467, 38.978538266058486], [-77.48902209295107, 38.97855860935574], [-77.48886485361943, 38.97856786260807], [-77.48870718437229, 38.97856594909727], [-77.48855039243666, 38.97855288468817], [-77.48839577776576, 38.97852877769705], [-77.48784177776575, 38.97842177769705], [-77.48766988991991, 38.97838110817218], [-77.48750434224894, 38.978326801658866], [-77.4873469164252, 38.97825944261968], [-77.48719930671145, 38.97817975599229], [-77.48706310172655, 38.97808859938744], [-77.48693976734835, 38.97798695385917], [-77.48679876734835, 38.97785795385918], [-77.486694180212, 38.97775205098512], [-77.4866035810178, 38.977638612420854], [-77.48652785983369, 38.977518752613676], [-77.48646776056246, 38.977393649094644], [-77.48642387363354, 38.977264530910304], [-77.48639663020253, 38.97713266654822], [-77.48638629791532, 38.97699935147507], [-77.48639297827873, 38.97686589540963], [-77.4864166056633, 38.97673360945584], [-77.48645694794801, 38.97660379322219], [-77.48651360880073, 38.976477722054035], [-77.48658603157187, 38.97635663450433], [-77.48667350476296, 38.97624172016579], [-77.48677516901672, 38.97613410798404], [-77.4868900255595, 38.9760348551666], [-77.48701694601344, 38.9759449367966], [-77.48715468348203, 38.97586523625337], [-77.4873018847998, 38.975796536533885], [-77.48745710382623, 38.975739512560416], [-77.4876234909794, 38.97568606176509], [-77.48773858435803, 38.97564555403966], [-77.4878294508683, 38.975609413950345], [-77.4881135546304, 38.97547834950761], [-77.48825481449919, 38.97540679429023], [-77.48835129924545, 38.975349003947414], [-77.48850112169453, 38.97524753328872], [-77.48866925843686, 38.97512232507634], [-77.4887791428482, 38.97503012321395], [-77.48886831050957, 38.97494749451442], [-77.48899584786064, 38.97481378600122], [-77.48907556817056, 38.974720175031216], [-77.48915276330257, 38.974617471942544], [-77.48923743931988, 38.97449650620352], [-77.48932187974725, 38.974359209936125], [-77.48938971942046, 38.974224798621016], [-77.48947370822587, 38.97402933376476], [-77.48949225156974, 38.97397906069917], [-77.48954285966721, 38.97379603963437], [-77.489559030656, 38.97371633976102], [-77.48957884473839, 38.973592981119054], [-77.48959041170853, 38.97342151779696], [-77.4895930739022, 38.97297781885247], [-77.48959103781989, 38.97292691679472], [-77.4895908561713, 38.972922098401234], [-77.48958685617131, 38.972809098401235], [-77.48958652574416, 38.9727981463235], [-77.48957552574413, 38.972357146323496], [-77.48957763530673, 38.97225956087093], [-77.48960663530674, 38.97183456087093], [-77.48961994890055, 38.97172468908259], [-77.48964477341123, 38.9716160334905], [-77.48975777341123, 38.9712170334905], [-77.48979551194472, 38.97110637969735], [-77.4898451862519, 38.970998617798855], [-77.49006744091496, 38.970574140008864], [-77.49049281158533, 38.969678520111216], [-77.49053305965718, 38.96959311566604], [-77.49055095682317, 38.96955677150066], [-77.49101063388196, 38.968662184466034], [-77.49133042461034, 38.968014706941894], [-77.49156739253833, 38.96753477189783], [-77.49157003446122, 38.96752945479299], [-77.49164622024685, 38.96737708322171], [-77.49196037693186, 38.96648201550677], [-77.49196091129929, 38.96648049652722], [-77.49207347589207, 38.966161255960806], [-77.49222506341599, 38.96564964806761], [-77.49229524334717, 38.965355256927616], [-77.49233135454544, 38.96523487125867], [-77.49240485680552, 38.965032312704736], [-77.49254253547753, 38.9645578794431], [-77.49268734546618, 38.964056537275475], [-77.49268777051499, 38.96405506955772], [-77.49300023805019, 38.962978903414204], [-77.49309371216452, 38.962652738419436], [-77.49313849834179, 38.962525943985355], [-77.49319895512231, 38.96240314987003], [-77.4932745067581, 38.96228552547845], [-77.49336443374841, 38.96217419098281], [-77.49346787969168, 38.9620702066547], [-77.4935838594413, 38.96197456276793], [-77.49371126848756, 38.96188817016776], [-77.49384889347604, 38.961811851596686], [-77.49399542376297, 38.96174633385924], [-77.49414946389668, 38.96169224090039], [-77.494309546907, 38.961650087863504], [-77.49447414827571, 38.961620276184554], [-77.49464170045482, 38.961603089769035], [-77.49481060779496, 38.961598692288305], [-77.49497926174114, 38.9616071256209], [-77.49514605615148, 38.96162830945368], [-77.49617405615149, 38.96179930945368], [-77.49633490508434, 38.96183242495294], [-77.49682590508432, 38.96195342495293], [-77.49695252872355, 38.96198889749196], [-77.49707522980309, 38.962031913468216], [-77.4973822298031, 38.96215091346823], [-77.49758684446734, 38.96224435389802], [-77.4977772778299, 38.96234557053455], [-77.49776882879553, 38.962291434129135], [-77.4977566927331, 38.962161151189655], [-77.4977516927331, 38.96199815118966], [-77.4977548720728, 38.96187829427378], [-77.49776887207283, 38.96171129427379], [-77.49778945426075, 38.96157427312683], [-77.49782445426075, 38.96141327312682], [-77.49783561830657, 38.961366875977646], [-77.49786254050497, 38.96126489795334], [-77.49790449825608, 38.96107207084188], [-77.49792434480068, 38.96099469867772], [-77.49800334480068, 38.96072769867773], [-77.49801033548648, 38.96070497492666], [-77.49805163316628, 38.960575695233345], [-77.49808132018073, 38.960472932491044], [-77.49808990824918, 38.9604202590045], [-77.49809113629873, 38.96038169824946], [-77.49808642987065, 38.96030784353228], [-77.49808331568103, 38.96029359611472], [-77.49803968210492, 38.96018510181739], [-77.49789528497392, 38.95993921802355], [-77.4977187412561, 38.95968226825604], [-77.49764662222093, 38.959563773363726], [-77.49758964527788, 38.95944038592509], [-77.49754834985556, 38.95931327410939], [-77.49752312691794, 38.959183641346385], [-77.4975142152629, 38.959052714932895], [-77.49752169926144, 38.95892173441333], [-77.49754550805889, 38.958791939844374], [-77.49758541624571, 38.95866456005474], [-77.49764104599157, 38.95854080101122], [-77.49771187062245, 38.958421834401236], [-77.49779721960688, 38.95830878653992], [-77.49789628490429, 38.95820272770668], [-77.49800812861503, 38.9581046620124], [-77.49813169185992, 38.958015517893], [-77.4982658048053, 38.957936139319486], [-77.49840919773825, 38.95786727780765], [-77.50023667264246, 38.95708252114247], [-77.50132949345922, 38.956581236189706], [-77.50137584335592, 38.95656071674473], [-77.50254684335593, 38.95606071674473], [-77.50270187711331, 38.9560021313277], [-77.50286362733405, 38.955955826181196], [-77.50303049196422, 38.955922259934205], [-77.50320081829426, 38.95590176504338], [-77.50337291932824, 38.95589454450023], [-77.50354509049268, 38.95590066982057], [-77.50371562651951, 38.95592008033621], [-77.50388283833584, 38.955952583795835], [-77.50404506979342, 38.955997858269164], [-77.50420071407193, 38.95605545533548], [-77.50434822959369, 38.95612480452506], [-77.50448615529227, 38.95620521896933], [-77.50461312508358, 38.95629590220402], [-77.50472788139618, 38.95639595605765], [-77.504829287627, 38.95650438954753], [-77.50491633939876, 38.95662012869494], [-77.50498817450779, 38.9567420271623], [-77.50504408146372, 38.95686887760711], [-77.50508408146372, 38.956976877607104], [-77.50511836067369, 38.957086483209736], [-77.50514073723251, 38.95719793562174], [-77.50515105431816, 38.95731045374922], [-77.50515505431815, 38.957416453749225], [-77.50515284957476, 38.95753263050306], [-77.50517847396277, 38.9575914593255], [-77.50519333657789, 38.95762272769706], [-77.50520054528201, 38.957643055928514], [-77.5052561955436, 38.95770185246326], [-77.50533923234987, 38.95780946050445], [-77.50538009448563, 38.95785591062457], [-77.50547816776628, 38.95798159934874], [-77.50550485505839, 38.95802611429758], [-77.50560562665608, 38.95810774890922], [-77.50570955546756, 38.95821016217745], [-77.50580026533459, 38.958319916972805], [-77.50587062471226, 38.95841485974749], [-77.50596760365765, 38.958504383844335], [-77.50601039943648, 38.95855209964714], [-77.50603166567792, 38.95857267988079], [-77.50605330427545, 38.95859638069933], [-77.50606450620323, 38.95860353655818], [-77.5061816326959, 38.95869420869061], [-77.50618419771882, 38.95869661459398], [-77.50626670292571, 38.958751248078876], [-77.50633379357924, 38.95880449088791], [-77.50635101676842, 38.95881269240656], [-77.50648024583788, 38.95888063681629], [-77.50660109436534, 38.958957352042454], [-77.50664113377718, 38.95898782979252], [-77.50666927167698, 38.95900239715148], [-77.50675022251247, 38.9590506563034], [-77.50678111448538, 38.959059141267325], [-77.50685860107191, 38.959059900126185], [-77.50701936448084, 38.95907320579543], [-77.50713583173285, 38.95908714905799], [-77.50729642341004, 38.959102575352105], [-77.507298497509, 38.95909667214737], [-77.50736077442565, 38.958952126614456], [-77.50744363739075, 38.958813979697446], [-77.50748163739074, 38.95875897969746], [-77.50756285903931, 38.95865330351572], [-77.50765613959757, 38.958553837370935], [-77.5077607001514, 38.95846141182834], [-77.50788470015138, 38.958361411828335], [-77.50804320646911, 38.95824852339356], [-77.50816420646913, 38.95817252339356], [-77.508345658537, 38.95807280136233], [-77.50838248280783, 38.95805520392316], [-77.50844228478368, 38.9580194439635], [-77.50851328478367, 38.9579824439635], [-77.50858975024764, 38.95794670779181], [-77.50868851706133, 38.957893749956305], [-77.50885851706134, 38.9578117499563], [-77.50898630845822, 38.957755792759166], [-77.50911972583597, 38.9577084478238], [-77.50919572583597, 38.95768444782381], [-77.50922024229449, 38.95767829454678], [-77.5092642713991, 38.957661406671036], [-77.50938541406298, 38.957619348362165], [-77.50948035966158, 38.957592960315495], [-77.50955623040115, 38.957551924595116], [-77.50971927068363, 38.95748260312658], [-77.50977988548891, 38.9574600272042], [-77.50985076715044, 38.95742041428108], [-77.50989476715044, 38.95739841428107], [-77.51005005842129, 38.957329314187625], [-77.51019505842129, 38.95727231418763], [-77.51032303649876, 38.95722698210492], [-77.51045531947102, 38.9571898780253], [-77.51050831947101, 38.9571768780253], [-77.51063802602131, 38.95714932134674], [-77.51077008927851, 38.95712967721222], [-77.51080408927851, 38.957125677212225], [-77.51098694370076, 38.95711183332441], [-77.51117065406261, 38.95711313923175], [-77.51135315288282, 38.95712958023754], [-77.51141298162861, 38.95714005868862], [-77.5114465049245, 38.957124913265886], [-77.51155628778928, 38.95707250080142], [-77.51167663442796, 38.957020059466906], [-77.5118019632802, 38.95697523667647], [-77.51180802161349, 38.95697329343749], [-77.51185684455635, 38.956952497384165], [-77.51198122477953, 38.95690903281372], [-77.51223022477951, 38.956831032813724], [-77.51246629171729, 38.95677197460959], [-77.51255856890153, 38.95675444709973], [-77.51261148254808, 38.95673977032185], [-77.5127273416906, 38.9567111580463], [-77.5129713416906, 38.9566581580463], [-77.5131880069625, 38.956622533264095], [-77.5134180069625, 38.95659653326409], [-77.513667, 38.956582533237516], [-77.51369508980419, 38.956582533237516], [-77.51378797873618, 38.95657631601011], [-77.51379155462475, 38.95657636508498], [-77.5137993371187, 38.95654336426943], [-77.5138433371187, 38.95639636426942], [-77.51389397226772, 38.95626010834766], [-77.51392297226772, 38.95619510834766], [-77.51398000787826, 38.956083574020504], [-77.51401300787826, 38.956026574020505], [-77.51401619681353, 38.95602109850866], [-77.51404043403201, 38.955979728084024], [-77.51407944306335, 38.95589780993753], [-77.51415618760625, 38.955775939724255], [-77.51420318760626, 38.95570993972425], [-77.51427391415262, 38.95561923872935], [-77.51433091415264, 38.95555223872935], [-77.51446751455494, 38.95541241132686], [-77.51456351455494, 38.95532641132686], [-77.51466592922557, 38.95524226482611], [-77.51477725781616, 38.95516527667166], [-77.51484825781615, 38.95512027667166], [-77.51496392020287, 38.955053011093504], [-77.51508638274987, 38.954993476687], [-77.51521479402871, 38.954942087368764], [-77.51533979402872, 38.954897087368764], [-77.51550768627196, 38.954844743510456], [-77.51568167932736, 38.95480630973501], [-77.51589567932734, 38.954768309735016], [-77.51608712085684, 38.95474300398726], [-77.51628099999999, 38.95473453323752], [-77.516399, 38.95473453323752], [-77.51653065428582, 38.95473843257912], [-77.51658292252729, 38.95474153323751], [-77.516705, 38.95474153323751], [-77.51683891072987, 38.954745567589846], [-77.51707091072986, 38.954759567589846], [-77.51715155059779, 38.95476591397011], [-77.51732655059779, 38.954782913970114], [-77.51751765762153, 38.95481002151183], [-77.5177036605811, 38.95485361146104], [-77.51788221915068, 38.95491313536043], [-77.51792621915067, 38.95493013536042], [-77.5180598828252, 38.95498762863056], [-77.51818651647952, 38.9550540612275], [-77.51830513521035, 38.955128916466435], [-77.51841481645116, 38.95521161215484], [-77.51843181645116, 38.95522561215484], [-77.51848400488063, 38.95527290325945], [-77.5184919906342, 38.95527297541986], [-77.5186040836868, 38.9552247566207], [-77.51865260653035, 38.95520629066818], [-77.51867803544586, 38.95519385078814], [-77.51880391164605, 38.95514294374143], [-77.51904791164606, 38.95505394374142], [-77.51921846482496, 38.95500013714571], [-77.51930778821475, 38.954976172333815], [-77.51944976582196, 38.95492641382662], [-77.51948423100521, 38.95491468356798], [-77.5198172310052, 38.95480468356798], [-77.5199088459734, 38.9547767825644], [-77.5200878459734, 38.9547267825644], [-77.52016308220665, 38.95470726804356], [-77.52026009722192, 38.95468401101935], [-77.52040927784208, 38.9546405786869], [-77.52052224391306, 38.9546026755973], [-77.52060563466652, 38.954578035292386], [-77.52066519158619, 38.954555128784826], [-77.52070053040636, 38.95453890768704], [-77.52070070452882, 38.954538803213566], [-77.52073973436624, 38.95450830090363], [-77.52090946190785, 38.95439194878613], [-77.52096946190784, 38.95435594878614], [-77.52113621751883, 38.954267453428194], [-77.52131507447973, 38.95419465626113], [-77.52137207447974, 38.954174656261124], [-77.52155130007661, 38.95412086367443], [-77.52173708005444, 38.95408284659203], [-77.52186908005444, 38.954061846592026], [-77.522115456931, 38.95403680604754], [-77.522336456931, 38.95402680604754], [-77.52254805873025, 38.9540273068453], [-77.52268805873025, 38.95403430684531], [-77.52292994349018, 38.954059813556725], [-77.52307194349018, 38.954082813556724], [-77.5232911908974, 38.954130206728266], [-77.52348123877408, 38.954181970741374], [-77.52348659412678, 38.954183056285835], [-77.52359552143304, 38.95420813163806], [-77.52377752143302, 38.954255131638064], [-77.52395203676507, 38.95430852186761], [-77.52405314956685, 38.954344488166235], [-77.52407402082243, 38.954350749542904], [-77.52419108231567, 38.95439030429268], [-77.52429476423394, 38.95441447338849], [-77.52443374856524, 38.95444003571581], [-77.52466574856527, 38.954495035715816], [-77.52474008018814, 38.95451629705009], [-77.52481503057494, 38.95452857237106], [-77.52501497194471, 38.954567366965186], [-77.52516017576015, 38.95458599688868], [-77.52528118295278, 38.954595846311335], [-77.52530015874747, 38.95459783128417], [-77.52536802491345, 38.9545956653427], [-77.52552810759542, 38.95459631811996], [-77.52568742886537, 38.95460846956189], [-77.52582042886536, 38.95462346956188], [-77.52595371702552, 38.95464267298165], [-77.52604471702551, 38.95465867298165], [-77.5261901414684, 38.9546894736069], [-77.52633157336379, 38.9547299956075], [-77.52646794151242, 38.95477993207154], [-77.52660994151243, 38.95483793207155], [-77.52673642607864, 38.95489501959468], [-77.52685627027591, 38.95496020580559], [-77.52696861970504, 38.955033025975524], [-77.52698643760002, 38.95504560331315], [-77.52704889026887, 38.9550875019391], [-77.52719963158233, 38.95520220488025], [-77.52744075177367, 38.955346876995044], [-77.52746351125093, 38.95536045926374], [-77.52747204984588, 38.95536281173378], [-77.52766681622623, 38.95542714088656], [-77.52776126370216, 38.95546957834703], [-77.52786639644492, 38.95550598795491], [-77.5279239371751, 38.955518677320164], [-77.52802699228725, 38.95552327282601], [-77.52817371132952, 38.95553969422472], [-77.52843371132951, 38.955577694224715], [-77.5285801345984, 38.955604261559564], [-77.52872304442468, 38.9556406104673], [-77.52878804442469, 38.9556596104673], [-77.52894206343126, 38.95571138662367], [-77.52908892029504, 38.95577451625786], [-77.52917117064253, 38.95581845558185], [-77.52920510769798, 38.95582602250532], [-77.52926184489061, 38.955843885128374], [-77.52930997104204, 38.95584262283757], [-77.52946632198288, 38.95584953544943], [-77.52962123110112, 38.95586740932687], [-77.52977343167173, 38.95589609831136], [-77.52985743167174, 38.955915098311365], [-77.52998581969975, 38.955948423812075], [-77.53011047088297, 38.955989448603226], [-77.53020347088298, 38.95602344860323], [-77.53035326030249, 38.95608535026194], [-77.53049454912238, 38.956158355562444], [-77.53054583123117, 38.956187767360134], [-77.53058353759278, 38.95620375157865], [-77.5307514567322, 38.95628493288607], [-77.53090639063669, 38.956380475680454], [-77.53100359690013, 38.95645595901242], [-77.53111249950281, 38.956463104165714], [-77.53121449950281, 38.95647310416572], [-77.53140979376441, 38.95650118107922], [-77.53144237048143, 38.95650738616818], [-77.5314757354759, 38.95650578183408], [-77.53162289422646, 38.956508450437646], [-77.53173759905971, 38.956514332736795], [-77.5317521591205, 38.95651402620919], [-77.53189909618872, 38.9565157858718], [-77.53204531250219, 38.95652723191218], [-77.53220631250218, 38.95654523191218], [-77.53240792068917, 38.95657738407], [-77.53245592068919, 38.956587384070005], [-77.53260474145084, 38.95662405554573], [-77.53274871348619, 38.95667100512337], [-77.5328866669737, 38.95672785132173], [-77.53301748099459, 38.95679413224618], [-77.53314009264065, 38.95686930934179], [-77.53316715376856, 38.956887497968744], [-77.53318231579448, 38.956889389596526], [-77.53323831579448, 38.95689838959653], [-77.53340575975093, 38.95693216381589], [-77.53356803813074, 38.95697876654375], [-77.53372353191772, 38.95703773283481], [-77.53383553191772, 38.957085732834805], [-77.53389249452968, 38.95711353323751], [-77.533918, 38.95711353323751], [-77.53415259990095, 38.957125954174984], [-77.53424659990095, 38.95713595417499], [-77.53438146478784, 38.95715455502162], [-77.53451401861379, 38.957181390440724], [-77.5346710186138, 38.95721839044072], [-77.53480203563171, 38.95725378178989], [-77.53489362415307, 38.95728511640436], [-77.53492751976282, 38.95729058343818], [-77.53508325561278, 38.957324219393094], [-77.53508385487567, 38.957324315571086], [-77.53526800883394, 38.9573621933509], [-77.53541128347067, 38.95739832898938], [-77.53551527135603, 38.95740783771716], [-77.53560827135604, 38.95741883771716], [-77.53575074091566, 38.95744047679072], [-77.53583674091564, 38.957456476790725], [-77.53597353628274, 38.957486595423816], [-77.53607153628275, 38.95751159542381], [-77.53617039913769, 38.95754061843225], [-77.53623596617768, 38.957543797739355], [-77.53628602287895, 38.95754298867876], [-77.53644753006208, 38.95755214961406], [-77.53655453006208, 38.95756214961407], [-77.53669797896926, 38.95758033549102], [-77.53670806793829, 38.95758230204237], [-77.53689543352176, 38.957610418597106], [-77.5370914899349, 38.95765919087374], [-77.5372144899349, 38.95769619087373], [-77.53725176700222, 38.95770779252418], [-77.53728993508453, 38.957720072689796], [-77.53734941300604, 38.95773419334742], [-77.53756258590283, 38.957797006417444], [-77.53757548579308, 38.95780158379786], [-77.53758760798077, 38.95780428964333], [-77.537653276366, 38.95781445820087], [-77.5378150370347, 38.95784818702115], [-77.53791004902342, 38.95785638705363], [-77.53791297414601, 38.9578568630908], [-77.53792882610036, 38.957856241445526], [-77.53806875855823, 38.95785515866804], [-77.53820834652565, 38.95786287017853], [-77.53827734652565, 38.95786887017853], [-77.53845379973247, 38.9578914421307], [-77.53862632072646, 38.95792805147305], [-77.53863152799191, 38.95792962088504], [-77.53872156950848, 38.957933162149175], [-77.53886356950848, 38.95794416214918], [-77.53907059644378, 38.95797012666422], [-77.53927207234122, 38.958015370049395], [-77.53936607234122, 38.95804137004939], [-77.53948970662658, 38.95808310113011], [-77.53957282253302, 38.95808906584595], [-77.53959982253303, 38.95809206584594], [-77.53977857992886, 38.95811946017468], [-77.53995264922567, 38.95816131502826], [-77.54012010385884, 38.95821716716542], [-77.54026991201458, 38.95828240163467], [-77.5403014787532, 38.95828477370174], [-77.54045845983606, 38.9583022454098], [-77.54049778658094, 38.95830952887481], [-77.54067904558231, 38.95828786827351], [-77.5407510455823, 38.958282868273514], [-77.54091556408845, 38.95827755830787], [-77.54107998709259, 38.95828442955505], [-77.54124282816926, 38.95830341989724], [-77.54140261519406, 38.958334357656945], [-77.54155790365198, 38.958376963149036], [-77.54170728969616, 38.95843085120909], [-77.5418494228391, 38.958495534675464], [-77.54194763467343, 38.95855059265631], [-77.54205802346736, 38.95856579144207], [-77.54207646013978, 38.95856986693303], [-77.5420969240806, 38.958564834234366], [-77.54224301856624, 38.95853945369066], [-77.54241601856624, 38.958515453690666], [-77.54262551304434, 38.95849654029455], [-77.5426980965439, 38.958496898410026], [-77.54275964292044, 38.958468974591035], [-77.54287707873533, 38.95842029762927], [-77.54299897114313, 38.95837877971979], [-77.54307097114314, 38.958356779719786], [-77.54322846933081, 38.95831532699633], [-77.54339035064709, 38.95828581693355], [-77.54355512297661, 38.958268521535764], [-77.5437212675565, 38.95826360022058], [-77.54388725297544, 38.95827109834942], [-77.5440515492891, 38.958290946809484], [-77.54421264212223, 38.958322962650726], [-77.54436904662717, 38.95836685077221], [-77.54451932117018, 38.95842220664212], [-77.54466208061945, 38.958488520026506], [-77.54479600911237, 38.958565179692236], [-77.54491987218428, 38.958651479041], [-77.54503252814692, 38.95874662262221], [-77.54513293861183, 38.958849733464966], [-77.54517693861182, 38.95889973346496], [-77.54519359581835, 38.958919016660474], [-77.54521376728718, 38.95894280864934], [-77.54568282677091, 38.95945119622885], [-77.54569167549518, 38.95946087665984], [-77.54589844651207, 38.9596892067401], [-77.54602416679052, 38.95982556488826], [-77.54602843640355, 38.95983021657641], [-77.54642043640355, 38.960259216576404], [-77.54649303553089, 38.96034547645897], [-77.54655694492217, 38.960435803108226], [-77.54670394492217, 38.96066380310822], [-77.5467456433925, 38.9607333523045], [-77.54681083767477, 38.9608507020126], [-77.54692093689081, 38.9609895771601], [-77.5469940257677, 38.961091379581106], [-77.5470555287744, 38.961197717569455], [-77.54710498530716, 38.96130779474662], [-77.54717781910736, 38.961495629284], [-77.54724389963296, 38.961600128719844], [-77.54730719461683, 38.961712962756216], [-77.547356989518, 38.9618298207626], [-77.54739286865656, 38.96194972722702], [-77.54744697196824, 38.962177130208886], [-77.54750207695787, 38.96234802542988], [-77.54761527649288, 38.96263641472148], [-77.54763289876891, 38.962684483766516], [-77.54779689876891, 38.96316548376651], [-77.54781077730969, 38.96320911167694], [-77.54788390667784, 38.96345662646139], [-77.54803979119971, 38.96382508078586], [-77.54812244815984, 38.964006420035155], [-77.54825006968754, 38.96426166309053], [-77.54841210555766, 38.96456579195446], [-77.54871965813545, 38.96503642716715], [-77.54882079566394, 38.96518273945836], [-77.54898255474367, 38.965370939926125], [-77.54902312429346, 38.965420441823156], [-77.54917590343122, 38.96561613644908], [-77.54923139467844, 38.96567898195798], [-77.54923618390676, 38.96568443448445], [-77.54938475574936, 38.9658544762465], [-77.54956460702205, 38.96603961726249], [-77.54962813325459, 38.96609730945329], [-77.54963406289974, 38.966102723396], [-77.55008470470669, 38.96651637948227], [-77.55037502775836, 38.96677125054411], [-77.55044012440081, 38.966831890465976], [-77.55064306150726, 38.967032613713094], [-77.55077578778813, 38.96713272082324], [-77.55108451652242, 38.96735132932006], [-77.55135543382853, 38.967533117479874], [-77.55148066292134, 38.96761244812689], [-77.55180670817619, 38.967774749415256], [-77.55197360417222, 38.96784751923343], [-77.55210702430715, 38.96791204804526], [-77.55236434937343, 38.96804947254302], [-77.55257223284958, 38.9681534142811], [-77.5526976943795, 38.9682224503914], [-77.5528566943795, 38.96831845039141], [-77.55291460388757, 38.96835499545477], [-77.55309660388758, 38.96847499545477], [-77.55324545831374, 38.96858561754847], [-77.55342345831374, 38.96873461754846], [-77.55356625098543, 38.96887101369677], [-77.55371525098543, 38.96903401369676], [-77.55376356832414, 38.969089765739845], [-77.55379395300073, 38.969126786150404], [-77.55383302371243, 38.96916364531237], [-77.5539285242495, 38.96926268005052], [-77.5540119387091, 38.969368117134756], [-77.55408256283934, 38.96947906638052], [-77.55423556283934, 38.96975006638051], [-77.5542737721333, 38.96982354046104], [-77.55452777213331, 38.97035654046105], [-77.55453788347451, 38.97037833122404], [-77.55486888347451, 38.97111133122404], [-77.55512895503301, 38.97168748972204], [-77.55512970184587, 38.971689147655894], [-77.55547867807462, 38.972465500252476], [-77.55590011340267, 38.9732576071077], [-77.55592510402738, 38.973307344881704], [-77.5565191040274, 38.974562344881704], [-77.5565197629292, 38.97456373937611], [-77.55664327190125, 38.974825578396874], [-77.55712076058887, 38.97582242325625], [-77.55717376938014, 38.97595301751184], [-77.55720946733702, 38.97608712381428], [-77.55722473155201, 38.97620253332698]], [[-77.18990525084095, 39.115661059339466], [-77.18891346304659, 39.117113049649106], [-77.18819468251323, 39.11816672792751], [-77.18810685221635, 39.11828138012568], [-77.1880048745151, 39.11838870886773], [-77.18800250729196, 39.118390743550904], [-77.18808812366015, 39.118476698395696], [-77.1881783809203, 39.11858837009255], [-77.18821291483184, 39.11864213835066], [-77.18832347756663, 39.1185740406144], [-77.18846517900334, 39.11850302399485], [-77.18861508212517, 39.11844306181926], [-77.18877176694086, 39.11839472209291], [-77.18893374921811, 39.118358462724785], [-77.18909949454319, 39.11833462718994], [-77.18926743285603, 39.11832344127587], [-77.189435973323, 39.11832501094367], [-77.18960351940645, 39.118339321324314], [-77.19034557298792, 39.1184313239025], [-77.19026981673838, 39.118318720965135], [-77.1902070553534, 39.1181985332872], [-77.19015943928788, 39.11807420661392], [-77.19012740990345, 39.11794689335104], [-77.1901112640861, 39.11781777358751], [-77.19011115149426, 39.11768804415706], [-77.19012707317154, 39.11755890754455], [-77.19016806241541, 39.117338646662674], [-77.19014851674082, 39.11725753537293], [-77.1901336877973, 39.11712884810148], [-77.1901347676299, 39.116999647353374], [-77.19015174631043, 39.11687112102161], [-77.19018446773414, 39.11674445079851], [-77.19023263105483, 39.11662080131101], [-77.19029579345096, 39.11650130941293], [-77.19037337419707, 39.116387073732504], [-77.19046466000293, 39.11627914457145], [-77.19047660793315, 39.11626760058713], [-77.19026532431943, 39.11606950346844], [-77.19026112570782, 39.11606555162234], [-77.19013412570781, 39.11594555162234], [-77.19003333113886, 39.115840249588445], [-77.18994618670101, 39.11572781471913], [-77.18990525084095, 39.115661059339466]], [[-77.17973044875711, 39.12126590721306], [-77.1797184754338, 39.12126031258793], [-77.17897108353523, 39.12087617313094], [-77.17892614318785, 39.120930550951286], [-77.1788036103826, 39.1210812857514], [-77.17869300915555, 39.1212020742488], [-77.17857021343193, 39.12130901919707], [-77.17878530172212, 39.121457722212504], [-77.1788205939077, 39.121482808432695], [-77.1789505939077, 39.1215778084327], [-77.17906755008617, 39.12167200937733], [-77.17917219942963, 39.12177460029037], [-77.17926355318365, 39.12188461186595], [-77.17934074821396, 39.122001004685835], [-77.1794030551617, 39.122122679040125], [-77.17944988533444, 39.1222484853176], [-77.17948079626844, 39.122377234867535], [-77.17948904936401, 39.12245049066472], [-77.17980933364926, 39.12215496416668], [-77.17981823528424, 39.12214669836277], [-77.17974968757629, 39.121965519261884], [-77.17970984383759, 39.12183736445814], [-77.17968628841409, 39.12170679330256], [-77.17967924684544, 39.12157505599435], [-77.17968878655361, 39.12144341389851], [-77.17971481619733, 39.12131312746836], [-77.17973044875711, 39.12126590721306]], [[-77.18860570604674, 39.12594086523279], [-77.18836937825851, 39.12612143028446], [-77.18824686292382, 39.12620654422262], [-77.18800956193824, 39.1263562893273], [-77.18831264696658, 39.12669675484246], [-77.18840263584082, 39.12680929026823], [-77.1884779801608, 39.126928160065795], [-77.18853795096386, 39.12705221415987], [-77.18858196802744, 39.12718025231663], [-77.18860960548274, 39.12731103575613], [-77.18862059593506, 39.127443299137575], [-77.18861483305085, 39.12757576280161], [-77.18859237258647, 39.12770714515113], [-77.18855343184885, 39.127836175050824], [-77.18849838759287, 39.127961604125545], [-77.18847795440638, 39.12799650514324], [-77.18858056219248, 39.12810991860977], [-77.18869064147677, 39.12789538563999], [-77.1887604048553, 39.127776514171465], [-77.18884463915056, 39.12766345973476], [-77.18894255211548, 39.12755728563841], [-77.18905322285131, 39.12745899047942], [-77.1891756104689, 39.127369498751186], [-77.18930856387853, 39.12728965214839], [-77.1894508326163, 39.12722020165062], [-77.18960107860501, 39.12716180045919], [-77.18975788873922, 39.12711499785359], [-77.18991978817584, 39.12708023402541], [-77.19004215914316, 39.12706366944347], [-77.19003522407765, 39.12693984853118], [-77.19004438233797, 39.12680842281629], [-77.19006997630186, 39.12667831928306], [-77.1900981484875, 39.12659233052046], [-77.18860570604674, 39.12594086523279]], [[-77.19986399690974, 39.11472600266565], [-77.2002328491583, 39.11525553518556], [-77.20065950334316, 39.11528642620209], [-77.20006600235942, 39.11484688781664], [-77.19986399690974, 39.11472600266565]]]}}